,Churn,Tenure,PreferredLoginDevice,CityTier,WarehouseToHome,PreferredPaymentMode,Gender,HourSpendOnApp,NumberOfDeviceRegistered,PreferedOrderCat,SatisfactionScore,MaritalStatus,NumberOfAddress,Complain,OrderAmountHikeFromlastYear,CouponUsed,OrderCount,DaySinceLastOrder,CashbackAmount,K_Means
0,1,4.0,Mobile Phone,3,6.0,Debit Card,Female,3.0,3.0,Laptop & Accessory,2,Single,9.0,1,11.0,1.0,1.0,5.0,159.93,2
1,1,10.0,Mobile Phone,1,8.0,UPI,Male,3.0,4.0,Mobile Phone,3,Single,7.0,1,15.0,0.0,1.0,0.0,120.9,2
2,1,10.0,Mobile Phone,1,30.0,Debit Card,Male,2.0,4.0,Mobile Phone,3,Single,6.0,1,14.0,0.0,1.0,3.0,120.28,2
3,1,10.0,Mobile Phone,3,15.0,Debit Card,Male,2.0,4.0,Laptop & Accessory,5,Single,8.0,0,23.0,0.0,1.0,3.0,134.07,2
4,1,10.0,Mobile Phone,1,12.0,Credit Card,Male,3.0,3.0,Mobile Phone,5,Single,3.0,0,11.0,1.0,1.0,3.0,129.6,2
5,1,10.0,Computer,1,22.0,Debit Card,Female,3.0,5.0,Mobile Phone,5,Single,2.0,1,22.0,3.5,6.0,7.0,139.19,0
6,1,10.0,Mobile Phone,3,11.0,Cash on Delivery,Male,2.0,3.0,Laptop & Accessory,2,Divorced,4.0,0,14.0,0.0,1.0,0.0,120.86000000000001,2
7,1,10.0,Mobile Phone,1,6.0,Credit Card,Male,3.0,3.0,Mobile Phone,2,Divorced,3.0,1,16.0,2.0,2.0,0.0,122.93,2
8,1,13.0,Mobile Phone,3,9.0,E wallet,Male,3.0,4.0,Mobile Phone,3,Divorced,2.0,1,14.0,0.0,1.0,2.0,126.83000000000001,2
9,1,10.0,Mobile Phone,1,31.0,Debit Card,Male,2.0,5.0,Mobile Phone,3,Single,2.0,0,12.0,1.0,1.0,1.0,122.93,2
10,1,4.0,Mobile Phone,1,18.0,Cash on Delivery,Female,2.0,3.0,Others,3,Divorced,2.0,0,15.0,3.5,6.0,8.0,272.32625,0
11,1,11.0,Mobile Phone,1,6.0,Debit Card,Male,3.0,4.0,Fashion,3,Single,10.0,1,13.0,0.0,1.0,0.0,153.81,1
12,1,10.0,Mobile Phone,1,11.0,Cash on Delivery,Male,2.0,3.0,Mobile Phone,3,Single,2.0,1,13.0,2.0,2.0,2.0,134.41,2
13,1,10.0,Mobile Phone,1,15.0,Credit Card,Male,3.0,4.0,Mobile Phone,3,Divorced,1.0,1,17.0,0.0,1.0,0.0,133.88,2
14,1,9.0,Mobile Phone,3,15.0,Credit Card,Male,3.0,4.0,Fashion,2,Single,2.0,0,16.0,0.0,4.0,7.0,196.19,1
15,1,10.0,Mobile Phone,2,12.0,UPI,Male,3.0,3.0,Mobile Phone,5,Married,5.0,1,22.0,1.0,1.0,2.0,120.72999999999999,2
16,1,10.0,Computer,1,12.0,Debit Card,Female,3.0,4.0,Mobile Phone,2,Single,2.0,1,18.0,1.0,1.0,0.0,129.26,2
17,1,10.0,Mobile Phone,3,11.0,E wallet,Male,2.0,4.0,Laptop & Accessory,3,Single,2.0,1,11.0,1.0,1.0,3.0,157.44,2
18,1,10.0,Computer,1,13.0,Debit Card,Male,3.0,5.0,Laptop & Accessory,3,Single,2.0,1,24.0,1.0,1.0,6.0,160.74,3
19,1,19.0,Mobile Phone,1,20.0,Debit Card,Female,3.0,3.0,Mobile Phone,4,Divorced,10.0,1,18.0,1.0,4.0,3.0,149.63,1
20,1,10.0,Mobile Phone,3,12.0,Debit Card,Male,3.0,5.0,Laptop & Accessory,3,Divorced,5.0,1,18.0,3.5,6.0,7.0,161.72,0
21,1,20.0,Mobile Phone,1,29.0,Credit Card,Female,3.0,3.0,Fashion,2,Divorced,2.0,0,12.0,3.5,6.0,6.0,203.12,0
22,1,10.0,Mobile Phone,3,28.0,E wallet,Male,2.0,3.0,Mobile Phone,3,Single,2.0,1,19.0,0.0,1.0,0.0,116.75,2
23,1,10.0,Mobile Phone,3,26.0,Debit Card,Female,3.0,5.0,Laptop & Accessory,3,Divorced,4.0,1,11.0,1.0,2.0,2.0,145.59,3
24,1,14.0,Computer,1,14.0,Debit Card,Male,2.0,5.0,Fashion,2,Single,3.0,0,15.0,0.0,1.0,3.0,206.5,1
25,1,10.0,Mobile Phone,1,15.0,Credit Card,Female,2.0,3.0,Mobile Phone,5,Single,8.0,0,22.0,1.0,1.0,4.0,142.0,2
26,0,8.0,Mobile Phone,3,6.0,E wallet,Male,3.0,3.0,Fashion,4,Divorced,2.0,0,13.0,1.0,1.0,6.0,172.95,2
27,0,10.0,Mobile Phone,3,12.0,E wallet,Male,2.0,3.0,Laptop & Accessory,3,Divorced,3.0,1,20.0,0.0,4.0,5.0,123.06,2
28,0,18.0,Mobile Phone,1,14.0,Debit Card,Male,2.0,3.0,Laptop & Accessory,4,Married,9.0,0,18.0,1.0,1.0,14.5,123.47999999999999,2
29,0,5.0,Computer,3,14.0,E wallet,Female,2.0,3.0,Fashion,2,Single,2.0,0,14.0,2.0,3.0,7.0,189.98,0
30,0,2.0,Computer,1,6.0,Cash on Delivery,Male,2.0,3.0,Laptop & Accessory,3,Divorced,2.0,0,13.0,0.0,1.0,9.0,143.19,2
31,0,10.0,Mobile Phone,1,13.0,Credit Card,Male,2.0,4.0,Laptop & Accessory,3,Divorced,3.0,0,17.0,1.0,1.0,0.0,161.32,2
32,0,30.0,Mobile Phone,1,15.0,Credit Card,Female,3.0,4.0,Mobile Phone,4,Divorced,5.0,1,20.0,1.0,1.0,0.0,133.46,2
33,0,13.0,Mobile Phone,3,10.0,E wallet,Male,3.0,4.0,Fashion,2,Divorced,8.0,0,11.0,2.0,2.0,11.0,208.55,1
34,0,10.0,Computer,3,8.0,E wallet,Female,3.0,3.0,Mobile Phone,3,Divorced,7.0,0,18.0,1.0,1.0,2.0,122.31,2
35,0,10.0,Mobile Phone,1,14.0,Credit Card,Male,3.0,3.0,Mobile Phone,2,Divorced,2.0,0,24.0,0.0,2.0,2.0,123.22999999999999,2
36,0,10.0,Computer,1,15.0,Credit Card,Male,2.0,3.0,Mobile Phone,4,Married,7.0,0,18.0,0.0,2.0,2.0,120.24000000000001,2
37,0,1.0,Mobile Phone,1,27.0,Credit Card,Male,3.0,3.0,Mobile Phone,2,Divorced,2.0,0,11.0,0.0,1.0,2.0,127.13,2
38,0,30.0,Mobile Phone,1,30.0,Debit Card,Male,2.0,2.0,Fashion,2,Married,4.0,1,16.0,1.0,1.0,4.0,194.39,1
39,0,10.0,Computer,1,14.0,Credit Card,Male,3.0,4.0,Mobile Phone,3,Married,2.0,1,15.0,0.0,1.0,1.0,125.66,2
40,0,23.0,Mobile Phone,1,17.0,Debit Card,Female,2.0,3.0,Others,4,Single,4.0,0,15.0,2.0,4.0,4.0,272.32625,1
41,0,14.0,Mobile Phone,1,14.0,Debit Card,Male,2.0,3.0,Mobile Phone,3,Married,5.0,0,12.0,1.0,1.0,8.0,124.50999999999999,2
42,0,3.0,Mobile Phone,3,11.0,Debit Card,Female,2.0,3.0,Fashion,2,Divorced,3.0,0,12.0,2.0,6.0,4.0,194.19,0
43,0,11.0,Mobile Phone,3,6.0,Debit Card,Female,2.0,4.0,Laptop & Accessory,2,Single,5.0,0,22.0,1.0,1.0,1.0,186.86,2
44,0,5.0,Mobile Phone,1,12.0,Debit Card,Male,3.0,3.0,Mobile Phone,3,Single,4.0,0,20.0,0.0,1.0,4.0,130.38,2
45,0,10.0,Mobile Phone,1,23.0,Cash on Delivery,Male,3.0,3.0,Mobile Phone,4,Divorced,1.0,1,16.0,1.0,1.0,1.0,130.58,2
46,1,10.0,Computer,3,14.0,Cash on Delivery,Female,3.0,5.0,Mobile Phone,5,Single,1.0,0,21.0,1.0,1.0,0.0,123.25,3
47,0,10.0,Computer,1,9.0,Credit Card,Male,1.0,3.0,Mobile Phone,4,Single,5.0,0,12.0,3.5,6.0,2.0,120.88,0
48,0,3.0,Computer,1,15.0,Credit Card,Male,3.0,3.0,Laptop & Accessory,5,Married,2.0,0,11.0,0.0,6.0,10.0,130.72,0
49,0,18.0,Mobile Phone,3,10.0,Debit Card,Female,1.0,3.0,Laptop & Accessory,5,Married,5.0,1,11.0,0.0,1.0,3.0,150.06,2
50,0,29.0,Mobile Phone,1,14.0,Debit Card,Female,3.0,3.0,Mobile Phone,5,Married,5.0,1,18.0,1.0,2.0,2.0,142.57,2
51,0,6.0,Mobile Phone,1,14.0,Debit Card,Male,2.0,3.0,Mobile Phone,2,Single,1.0,0,14.0,0.0,1.0,2.0,125.0,2
52,1,10.0,Mobile Phone,1,8.0,Debit Card,Male,2.0,4.0,Mobile Phone,2,Single,2.0,0,22.0,0.0,1.0,0.0,111.02000000000001,2
53,0,19.0,Mobile Phone,3,6.0,E wallet,Female,3.0,3.0,Fashion,5,Married,2.0,0,25.0,3.5,6.0,7.0,204.53,0
54,0,10.0,Mobile Phone,1,15.0,Debit Card,Female,3.0,3.0,Mobile Phone,2,Single,2.0,0,12.0,1.0,2.0,1.0,122.88,2
55,0,4.0,Mobile Phone,1,18.0,Credit Card,Female,3.0,3.0,Mobile Phone,2,Divorced,9.0,1,23.0,1.0,1.0,2.0,139.29,3
56,0,10.0,Mobile Phone,1,33.0,Credit Card,Female,3.0,3.0,Mobile Phone,4,Single,3.0,0,15.0,1.0,1.0,2.0,123.11000000000001,2
57,1,4.0,Mobile Phone,3,26.0,E wallet,Female,3.0,3.0,Mobile Phone,4,Single,2.0,1,22.0,0.0,1.0,2.0,131.4,2
58,0,23.0,Mobile Phone,1,6.0,Credit Card,Male,2.0,4.0,Mobile Phone,3,Divorced,3.0,0,15.0,0.0,1.0,2.0,136.9,2
59,0,26.0,Mobile Phone,1,19.0,Credit Card,Female,2.0,2.0,Laptop & Accessory,5,Married,2.0,0,11.0,1.0,1.0,3.0,144.5,2
60,0,6.0,Mobile Phone,1,20.0,Credit Card,Female,3.0,3.0,Mobile Phone,4,Divorced,2.0,0,13.0,0.0,1.0,6.0,127.56,2
61,0,13.0,Mobile Phone,1,10.0,Credit Card,Female,2.0,3.0,Others,3,Divorced,2.0,0,14.0,1.0,6.0,9.0,272.32625,0
62,0,28.0,Mobile Phone,1,20.0,Credit Card,Male,3.0,2.0,Others,4,Single,9.0,0,11.0,1.0,2.0,14.5,272.32625,1
63,0,7.0,Computer,1,8.0,Debit Card,Male,2.0,4.0,Laptop & Accessory,3,Divorced,2.0,0,17.0,0.0,1.0,9.0,195.47,2
64,0,24.0,Mobile Phone,1,9.0,Credit Card,Female,3.0,3.0,Grocery,4,Single,4.0,0,18.0,0.0,2.0,0.0,237.33999999999997,1
65,0,25.0,Mobile Phone,1,6.0,Debit Card,Male,3.0,4.0,Others,3,Divorced,1.0,0,15.0,1.0,6.0,9.0,272.32625,0
66,0,10.0,Mobile Phone,1,15.0,Credit Card,Female,2.0,3.0,Mobile Phone,4,Single,2.0,0,16.0,1.0,1.0,3.0,122.78999999999999,2
67,1,10.0,Mobile Phone,1,29.0,Debit Card,Male,2.0,4.0,Laptop & Accessory,3,Divorced,4.0,1,13.0,1.0,1.0,1.0,159.16,2
68,0,10.0,Computer,1,13.0,Credit Card,Male,2.0,2.0,Mobile Phone,2,Married,5.0,0,14.0,0.0,2.0,2.0,120.88999999999999,2
69,0,18.0,Computer,1,8.0,Credit Card,Male,3.0,4.0,Grocery,2,Divorced,10.0,0,23.0,1.0,6.0,8.0,267.92,1
70,0,10.0,Mobile Phone,1,27.0,Debit Card,Male,3.0,2.0,Mobile Phone,5,Divorced,2.0,1,12.0,0.0,1.0,7.0,135.64,2
71,0,8.0,Computer,1,8.0,Credit Card,Female,2.0,3.0,Laptop & Accessory,4,Single,6.0,0,11.0,1.0,1.0,2.0,144.25,2
72,0,15.0,Computer,1,27.0,Credit Card,Female,2.0,3.0,Laptop & Accessory,3,Married,3.0,0,16.0,0.0,1.0,2.0,152.65,2
73,0,11.0,Mobile Phone,1,8.0,Debit Card,Male,2.0,3.0,Laptop & Accessory,3,Divorced,10.0,0,14.0,0.0,1.0,0.0,165.53,2
74,0,11.0,Mobile Phone,1,35.0,Cash on Delivery,Male,2.0,3.0,Laptop & Accessory,2,Divorced,4.0,0,18.0,0.0,1.0,7.0,162.61,2
75,0,10.0,Computer,1,6.0,Cash on Delivery,Male,2.0,4.0,Laptop & Accessory,5,Divorced,6.0,0,19.0,0.0,2.0,0.0,142.98,2
76,0,22.0,Computer,1,24.0,Debit Card,Male,3.0,3.0,Laptop & Accessory,2,Married,2.0,1,15.0,0.0,1.0,7.0,168.04,2
77,0,7.0,Computer,1,16.0,Credit Card,Male,2.0,3.0,Mobile Phone,3,Married,2.0,1,17.0,2.0,2.0,0.0,138.15,2
78,0,13.0,Mobile Phone,1,25.0,Credit Card,Male,3.0,3.0,Laptop & Accessory,2,Divorced,9.0,1,15.0,1.0,3.0,7.0,127.41,1
79,1,1.0,Mobile Phone,1,35.0,Credit Card,Male,3.0,3.0,Laptop & Accessory,5,Divorced,8.0,1,19.0,0.0,1.0,0.0,166.73,2
80,1,10.0,Mobile Phone,3,33.0,E wallet,Female,2.0,3.0,Fashion,2,Divorced,2.0,0,22.0,1.0,1.0,9.0,176.39,1
81,0,10.0,Mobile Phone,1,14.0,Debit Card,Male,2.0,2.0,Mobile Phone,4,Married,2.0,1,16.0,0.0,2.0,2.0,123.28,2
82,0,10.0,Computer,1,24.0,Credit Card,Female,3.0,3.0,Mobile Phone,2,Single,2.0,0,13.0,1.0,1.0,7.0,121.53,2
83,0,13.0,Computer,1,15.0,Debit Card,Male,3.0,4.0,Laptop & Accessory,2,Divorced,10.0,0,14.0,1.0,1.0,2.0,148.76,3
84,0,19.0,Mobile Phone,1,6.0,Credit Card,Male,3.0,3.0,Fashion,5,Married,8.0,0,16.0,0.0,1.0,3.0,193.96,1
85,1,10.0,Mobile Phone,3,10.0,Credit Card,Male,2.0,5.0,Fashion,2,Divorced,2.0,0,11.0,3.5,6.0,8.0,204.0,0
86,0,3.0,Computer,1,6.0,Debit Card,Male,2.0,4.0,Fashion,3,Single,2.0,0,22.0,2.0,5.0,8.0,184.74,0
87,0,10.0,Computer,3,26.0,Debit Card,Female,2.0,3.0,Laptop & Accessory,3,Single,2.0,0,14.0,1.0,1.0,7.0,199.81,2
88,0,24.0,Mobile Phone,1,14.0,Debit Card,Male,2.0,4.0,Fashion,4,Divorced,6.0,0,16.0,1.0,4.0,3.0,224.89999999999998,1
89,1,10.0,Mobile Phone,1,14.0,Cash on Delivery,Female,2.0,3.0,Mobile Phone,5,Single,6.0,1,11.0,1.0,1.0,4.0,126.57,2
90,0,14.0,Mobile Phone,3,12.0,Debit Card,Female,3.0,3.0,Fashion,2,Single,4.0,1,18.0,0.0,2.0,0.0,235.91000000000003,1
91,1,10.0,Computer,3,32.0,E wallet,Female,2.0,4.0,Laptop & Accessory,5,Single,6.0,0,15.0,0.0,1.0,1.0,166.96,2
92,1,10.0,Mobile Phone,1,6.0,Cash on Delivery,Male,2.0,3.0,Mobile Phone,3,Single,1.0,0,14.0,0.0,1.0,5.0,120.58000000000001,2
93,0,18.0,Computer,3,12.0,Credit Card,Female,2.0,4.0,Fashion,2,Single,7.0,0,12.0,3.5,6.0,8.0,188.65,0
94,0,27.0,Mobile Phone,3,9.0,E wallet,Female,2.0,3.0,Laptop & Accessory,5,Divorced,3.0,0,14.0,1.0,1.0,5.0,159.4,2
95,0,9.0,Mobile Phone,1,11.0,Debit Card,Male,3.0,3.0,Laptop & Accessory,4,Single,9.0,0,16.0,0.0,3.0,7.0,159.14,2
96,0,6.0,Mobile Phone,1,14.0,Credit Card,Female,2.0,4.0,Mobile Phone,4,Divorced,7.0,0,21.0,0.0,1.0,1.0,126.22,2
97,0,10.0,Computer,1,17.0,UPI,Male,2.0,3.0,Fashion,2,Married,2.0,1,14.0,0.0,1.0,3.0,221.85000000000002,2
98,0,11.0,Mobile Phone,3,9.0,Debit Card,Male,3.0,3.0,Fashion,3,Married,1.0,0,12.0,1.0,5.0,13.0,206.08999999999997,0
99,0,4.0,Computer,1,6.0,Credit Card,Male,2.0,5.0,Laptop & Accessory,3,Divorced,1.0,0,12.0,1.0,1.0,4.0,143.45,2
100,0,10.0,Mobile Phone,1,9.0,Debit Card,Male,3.0,4.0,Mobile Phone,2,Divorced,4.0,0,17.0,0.0,1.0,0.0,121.77000000000001,2
101,0,10.0,Computer,3,10.0,E wallet,Male,2.0,3.0,Mobile Phone,2,Married,5.0,0,17.0,1.0,5.0,8.0,69.83625,2
102,0,2.0,Computer,3,6.0,Credit Card,Female,2.0,3.0,Fashion,2,Divorced,2.0,0,14.0,3.5,4.0,1.0,179.18,0
103,0,8.0,Computer,3,6.0,E wallet,Female,3.0,3.0,Fashion,3,Single,2.0,0,14.0,1.0,1.0,8.0,187.89,2
104,1,10.0,Mobile Phone,1,14.0,Credit Card,Male,2.0,4.0,Mobile Phone,2,Single,2.0,1,13.0,0.0,1.0,1.0,123.88999999999999,2
105,0,25.0,Mobile Phone,1,8.0,Debit Card,Female,2.0,4.0,Mobile Phone,2,Single,8.0,0,15.0,0.0,2.0,2.0,132.12,2
106,0,15.0,Mobile Phone,1,10.0,Cash on Delivery,Male,2.0,3.0,Others,2,Divorced,2.0,0,15.0,0.0,6.0,14.5,272.32625,0
107,0,10.0,Mobile Phone,2,12.0,Credit Card,Male,2.0,3.0,Mobile Phone,3,Divorced,9.0,0,17.0,2.0,2.0,2.0,122.66999999999999,2
108,0,23.0,Mobile Phone,3,6.0,Credit Card,Female,3.0,3.0,Others,2,Married,4.0,0,15.0,1.0,1.0,6.0,272.32625,1
109,1,10.0,Mobile Phone,1,14.0,Credit Card,Male,2.0,3.0,Mobile Phone,2,Divorced,6.0,1,13.0,0.0,1.0,4.0,124.36000000000001,2
110,0,16.0,Mobile Phone,3,22.0,E wallet,Female,3.0,3.0,Grocery,2,Divorced,6.0,1,22.0,0.0,2.0,9.0,260.64,1
111,1,10.0,Mobile Phone,1,8.0,Debit Card,Female,3.0,3.0,Mobile Phone,5,Divorced,8.0,0,20.0,1.0,1.0,7.0,127.07,2
112,0,25.0,Computer,3,8.0,Debit Card,Male,3.0,4.0,Others,3,Single,2.0,1,18.0,1.0,6.0,12.0,272.32625,0
113,0,5.0,Mobile Phone,3,10.0,Debit Card,Female,2.0,3.0,Mobile Phone,4,Divorced,3.0,0,11.0,1.0,1.0,2.0,139.31,2
114,1,10.0,Mobile Phone,1,6.0,Debit Card,Male,3.0,4.0,Mobile Phone,3,Single,1.0,1,14.0,1.0,1.0,2.0,137.3,2
115,0,10.0,Mobile Phone,1,6.0,Credit Card,Female,3.0,3.0,Mobile Phone,3,Married,8.0,0,14.0,0.0,1.0,2.0,122.32,2
116,0,5.0,Computer,3,32.0,E wallet,Male,3.0,3.0,Laptop & Accessory,2,Divorced,1.0,0,18.0,1.0,2.0,2.0,144.65,2
117,0,14.0,Mobile Phone,1,25.0,Debit Card,Male,3.0,3.0,Laptop & Accessory,5,Married,3.0,0,16.0,1.0,1.0,0.0,130.72,2
118,0,13.0,Mobile Phone,1,30.0,Cash on Delivery,Male,3.0,3.0,Laptop & Accessory,2,Married,2.0,0,17.0,2.0,4.0,7.0,133.19,0
119,0,18.0,Mobile Phone,1,6.0,UPI,Male,3.0,2.0,Others,2,Divorced,1.0,0,15.0,1.0,1.0,7.0,272.32625,1
120,0,4.0,Computer,1,9.0,Credit Card,Male,3.0,3.0,Fashion,3,Married,10.0,0,12.0,1.0,2.0,2.0,236.75,1
121,0,6.0,Mobile Phone,1,11.0,Debit Card,Female,3.0,4.0,Mobile Phone,2,Divorced,2.0,0,13.0,0.0,1.0,2.0,129.11,2
122,0,7.0,Mobile Phone,1,8.0,Debit Card,Male,2.0,4.0,Laptop & Accessory,5,Divorced,7.0,0,13.0,0.0,5.0,9.0,159.57,2
123,0,10.0,Mobile Phone,1,6.0,Credit Card,Female,2.0,4.0,Mobile Phone,5,Divorced,3.0,0,14.0,1.0,1.0,2.0,139.2,2
124,0,18.0,Computer,1,13.0,Debit Card,Male,3.0,2.0,Laptop & Accessory,3,Divorced,5.0,0,17.0,0.0,1.0,2.0,164.34,2
125,1,10.0,Computer,1,16.0,Credit Card,Male,3.0,3.0,Fashion,3,Married,7.0,0,11.0,1.0,1.0,0.0,200.48,1
126,0,12.0,Computer,1,8.0,Cash on Delivery,Female,3.0,3.0,Fashion,3,Single,1.0,0,25.0,3.5,6.0,3.0,209.38,0
127,0,2.0,Mobile Phone,1,14.0,Debit Card,Male,2.0,3.0,Mobile Phone,2,Single,2.0,0,19.0,0.0,1.0,5.0,123.4,2
128,0,15.0,Mobile Phone,1,23.0,Debit Card,Female,2.0,2.0,Laptop & Accessory,5,Single,4.0,1,13.0,0.0,1.0,2.0,165.45,2
129,0,2.0,Mobile Phone,3,26.0,E wallet,Male,2.0,3.0,Laptop & Accessory,2,Married,3.0,0,14.0,1.0,1.0,2.0,169.31,2
130,0,10.0,Mobile Phone,1,6.0,Debit Card,Female,3.0,3.0,Laptop & Accessory,3,Divorced,1.0,0,12.0,1.0,1.0,2.0,148.98,2
131,0,15.0,Mobile Phone,1,14.0,Credit Card,Female,2.0,4.0,Mobile Phone,5,Married,1.0,1,11.0,3.5,6.0,8.0,125.93,0
132,0,13.0,Mobile Phone,1,8.0,Credit Card,Male,2.0,3.0,Others,3,Married,1.0,0,15.0,0.0,3.0,9.0,272.32625,2
133,0,24.0,Mobile Phone,1,6.0,Debit Card,Male,3.0,3.0,Mobile Phone,2,Divorced,2.0,0,11.0,1.0,1.0,0.0,127.22999999999999,2
134,1,10.0,Computer,1,35.0,Credit Card,Male,3.0,4.0,Mobile Phone,4,Single,1.0,0,11.0,1.0,1.0,4.0,134.79,2
135,0,5.0,Computer,1,13.0,Debit Card,Male,3.0,2.0,Mobile Phone,4,Divorced,2.0,0,20.0,0.0,1.0,3.0,127.94,2
136,0,11.0,Computer,3,8.0,Debit Card,Male,2.0,4.0,Laptop & Accessory,2,Divorced,4.0,0,18.0,3.5,6.0,5.0,152.49,0
137,0,10.0,Mobile Phone,1,8.0,Cash on Delivery,Male,2.0,4.0,Laptop & Accessory,5,Single,5.0,0,13.0,0.0,1.0,4.0,121.75999999999999,2
138,0,19.0,Mobile Phone,3,8.0,Cash on Delivery,Female,3.0,5.0,Grocery,4,Divorced,4.0,1,12.0,1.0,6.0,7.0,268.72,1
139,1,10.0,Mobile Phone,1,8.0,Debit Card,Male,3.0,3.0,Mobile Phone,3,Single,3.0,0,11.0,1.0,1.0,0.0,134.85,2
140,0,2.0,Mobile Phone,3,8.0,Credit Card,Male,3.0,4.0,Laptop & Accessory,4,Divorced,3.0,0,19.0,0.0,1.0,0.0,166.44,2
141,0,4.0,Mobile Phone,1,29.0,Credit Card,Male,3.0,4.0,Laptop & Accessory,2,Divorced,1.0,0,21.0,1.0,6.0,8.0,155.82,0
142,0,10.0,Computer,1,11.0,Debit Card,Male,2.0,2.0,Laptop & Accessory,5,Married,2.0,0,12.0,1.0,1.0,5.0,140.0,2
143,0,18.0,Mobile Phone,1,26.0,Credit Card,Male,3.0,3.0,Grocery,2,Divorced,1.0,1,14.0,0.0,2.0,10.0,234.95999999999998,1
144,0,9.0,Mobile Phone,1,12.0,Debit Card,Male,2.0,3.0,Mobile Phone,2,Divorced,1.0,0,11.0,3.5,6.0,11.0,132.1,0
145,0,28.0,Mobile Phone,1,6.0,Credit Card,Male,2.0,3.0,Others,5,Single,1.0,1,14.0,1.0,4.0,13.0,272.32625,1
146,1,10.0,Computer,1,35.0,Debit Card,Male,2.0,3.0,Fashion,4,Divorced,2.0,1,12.0,3.5,6.0,3.0,218.49,0
147,0,10.0,Mobile Phone,1,15.0,Credit Card,Male,3.0,3.0,Mobile Phone,2,Divorced,2.0,0,23.0,1.0,1.0,4.0,120.69999999999999,2
148,0,10.0,Mobile Phone,3,12.0,Credit Card,Male,3.0,3.0,Laptop & Accessory,2,Divorced,5.0,0,14.0,0.0,1.0,1.0,165.02,2
149,0,10.0,Mobile Phone,1,9.0,Credit Card,Male,3.0,4.0,Mobile Phone,3,Single,2.0,0,17.0,1.0,1.0,0.0,132.3,2
150,0,10.0,Computer,1,6.0,Credit Card,Female,0.5,3.0,Fashion,2,Married,3.0,1,18.0,0.0,2.0,2.0,236.02999999999997,2
151,0,2.0,Mobile Phone,1,28.0,Debit Card,Female,3.0,2.0,Fashion,4,Married,8.0,0,18.0,3.5,6.0,3.0,219.95999999999998,0
152,0,11.0,Mobile Phone,3,13.0,Credit Card,Female,2.0,2.0,Laptop & Accessory,5,Married,2.0,1,24.0,0.0,6.0,7.0,156.05,2
153,0,10.0,Computer,1,6.0,Debit Card,Female,2.0,3.0,Laptop & Accessory,4,Married,2.0,0,20.0,0.0,1.0,4.0,163.97,2
154,0,23.0,Mobile Phone,1,10.0,Debit Card,Male,3.0,3.0,Others,4,Married,4.0,0,14.0,1.0,1.0,6.0,272.32625,1
155,0,26.0,Mobile Phone,1,9.0,Credit Card,Male,2.0,3.0,Grocery,3,Divorced,4.0,1,16.0,1.0,1.0,3.0,272.32625,1
156,0,15.0,Mobile Phone,3,6.0,Debit Card,Male,2.0,3.0,Laptop & Accessory,3,Divorced,2.0,0,25.0,3.5,6.0,6.0,149.07,0
157,0,2.0,Computer,3,8.0,Debit Card,Male,2.0,3.0,Laptop & Accessory,2,Single,2.0,0,18.0,0.0,1.0,9.0,145.54,2
158,0,28.0,Mobile Phone,1,26.0,Cash on Delivery,Male,2.0,3.0,Laptop & Accessory,2,Divorced,4.0,1,19.0,1.0,1.0,8.0,154.15,1
159,0,10.0,Computer,1,17.0,Credit Card,Male,2.0,3.0,Laptop & Accessory,5,Divorced,2.0,1,13.0,2.0,3.0,3.0,147.41,2
160,0,10.0,Mobile Phone,1,6.0,Debit Card,Female,2.0,3.0,Mobile Phone,2,Single,2.0,0,12.0,1.0,5.0,7.0,121.15,2
161,1,7.0,Computer,1,30.0,Debit Card,Male,3.0,3.0,Mobile Phone,3,Married,4.0,1,22.0,0.0,1.0,0.0,131.61,2
162,0,11.0,Mobile Phone,1,29.0,Debit Card,Male,2.0,3.0,Laptop & Accessory,2,Married,10.0,0,14.0,0.0,1.0,2.0,157.45,2
163,1,10.0,Mobile Phone,1,14.0,Credit Card,Male,2.0,3.0,Mobile Phone,4,Married,3.0,1,13.0,1.0,1.0,2.0,123.72999999999999,2
164,0,1.0,Mobile Phone,1,14.0,Debit Card,Female,3.0,3.0,Mobile Phone,2,Single,2.0,0,21.0,0.0,1.0,2.0,133.1,2
165,0,22.0,Computer,1,16.0,Debit Card,Female,2.0,3.0,Others,5,Single,10.0,1,11.0,1.0,1.0,2.0,272.32625,1
166,0,9.0,Mobile Phone,1,9.0,Cash on Delivery,Male,1.0,3.0,Laptop & Accessory,4,Single,5.0,0,12.0,3.5,6.0,7.0,144.85,0
167,0,4.0,Computer,3,11.0,E wallet,Female,3.0,3.0,Mobile Phone,4,Married,2.0,0,11.0,0.0,2.0,2.0,127.88999999999999,2
168,1,10.0,Mobile Phone,3,10.0,E wallet,Male,2.0,4.0,Laptop & Accessory,2,Single,2.0,1,12.0,3.5,6.0,4.0,158.28,0
169,0,10.0,Computer,1,14.0,Credit Card,Male,2.0,3.0,Mobile Phone,2,Divorced,2.0,1,12.0,0.0,1.0,2.0,123.25999999999999,2
170,0,15.0,Computer,3,32.0,E wallet,Female,3.0,3.0,Grocery,4,Divorced,6.0,0,14.0,2.0,2.0,8.0,235.25,1
171,1,10.0,Mobile Phone,1,9.0,Debit Card,Male,2.0,3.0,Mobile Phone,3,Single,2.0,0,13.0,0.0,1.0,0.0,114.19999999999999,2
172,0,8.0,Mobile Phone,3,22.0,E wallet,Male,3.0,3.0,Fashion,4,Divorced,1.0,0,15.0,3.0,6.0,9.0,180.2,0
173,0,9.0,Computer,1,24.0,Debit Card,Male,2.0,2.0,Mobile Phone,2,Divorced,5.0,0,18.0,0.0,1.0,0.0,136.88,2
174,0,24.0,Mobile Phone,1,8.0,Credit Card,Male,2.0,5.0,Laptop & Accessory,4,Married,6.0,0,18.0,0.0,1.0,2.0,154.82,2
175,0,14.0,Mobile Phone,3,8.0,Debit Card,Male,2.0,3.0,Grocery,4,Single,2.0,0,19.0,1.0,2.0,4.0,260.15,1
176,0,10.0,Mobile Phone,3,16.0,Credit Card,Female,3.0,4.0,Mobile Phone,3,Single,2.0,0,12.0,1.0,1.0,0.0,112.0,2
177,0,1.0,Mobile Phone,1,22.0,Credit Card,Male,3.0,2.0,Laptop & Accessory,5,Single,1.0,0,19.0,0.0,1.0,7.0,156.61,2
178,0,4.0,Mobile Phone,3,13.0,Cash on Delivery,Male,3.0,2.0,Laptop & Accessory,2,Divorced,5.0,0,11.0,3.0,6.0,7.0,169.29,0
179,0,12.0,Mobile Phone,1,6.0,Credit Card,Male,2.0,2.0,Fashion,2,Married,1.0,0,17.0,3.0,3.0,7.0,196.13,0
180,0,9.0,Computer,1,30.0,Debit Card,Female,2.0,3.0,Laptop & Accessory,4,Divorced,8.0,0,15.0,0.0,1.0,8.0,156.74,2
181,0,5.0,Mobile Phone,3,13.0,Debit Card,Male,3.0,4.0,Laptop & Accessory,3,Divorced,2.0,0,14.0,1.0,4.0,8.0,154.84,0
182,0,11.0,Mobile Phone,1,31.0,Debit Card,Female,2.0,4.0,Fashion,4,Divorced,4.0,0,17.0,1.0,1.0,3.0,220.61,1
183,0,30.0,Computer,1,6.0,Debit Card,Male,2.0,5.0,Laptop & Accessory,3,Married,3.0,1,13.0,1.0,1.0,2.0,156.6,2
184,0,4.0,Mobile Phone,1,11.0,Cash on Delivery,Male,2.0,3.0,Mobile Phone,2,Divorced,1.0,1,12.0,0.0,1.0,3.0,148.21,2
185,0,4.0,Mobile Phone,2,8.0,UPI,Male,3.0,4.0,Laptop & Accessory,5,Divorced,4.0,0,12.0,0.0,1.0,0.0,164.1,2
186,0,18.0,Computer,1,13.0,Debit Card,Male,3.0,3.0,Fashion,5,Married,2.0,0,18.0,3.5,6.0,11.0,152.1,0
187,0,4.0,Mobile Phone,1,8.0,Debit Card,Male,3.0,3.0,Mobile Phone,2,Married,1.0,1,18.0,1.0,2.0,2.0,126.94999999999999,2
188,0,6.0,Computer,1,11.0,Debit Card,Female,3.0,3.0,Fashion,4,Divorced,7.0,0,11.0,2.0,6.0,3.0,218.77999999999997,0
189,0,12.0,Mobile Phone,1,16.0,Credit Card,Male,2.0,3.0,Grocery,5,Divorced,2.0,1,14.0,1.0,6.0,10.0,270.68,0
190,0,16.0,Computer,1,14.0,Debit Card,Female,2.0,3.0,Mobile Phone,2,Single,1.0,0,19.0,0.0,1.0,7.0,124.55000000000001,2
191,0,22.0,Mobile Phone,1,6.0,Cash on Delivery,Female,2.0,4.0,Grocery,3,Single,8.0,1,12.0,1.0,2.0,7.0,239.64,1
192,1,15.0,Mobile Phone,1,14.0,Credit Card,Male,2.0,4.0,Laptop & Accessory,4,Divorced,3.0,0,15.0,3.5,6.0,7.0,149.41,0
193,0,10.0,Mobile Phone,1,14.0,Debit Card,Female,2.0,3.0,Mobile Phone,4,Single,2.0,1,12.0,0.0,1.0,2.0,124.78,2
194,0,5.0,Mobile Phone,3,14.0,Cash on Delivery,Female,3.0,4.0,Laptop & Accessory,4,Divorced,2.0,1,11.0,3.5,6.0,9.0,152.28,0
195,0,10.0,Mobile Phone,3,8.0,Debit Card,Male,3.0,3.0,Laptop & Accessory,3,Single,2.0,1,11.0,1.0,1.0,4.0,144.78,2
196,0,4.0,Mobile Phone,3,13.0,E wallet,Male,3.0,3.0,Laptop & Accessory,2,Married,5.0,0,12.0,0.0,1.0,7.0,175.47,2
197,0,5.0,Mobile Phone,1,8.0,Credit Card,Female,3.0,2.0,Laptop & Accessory,2,Single,8.0,0,16.0,1.0,1.0,7.0,150.55,2
198,1,10.0,Mobile Phone,1,8.0,Credit Card,Male,2.0,5.0,Mobile Phone,2,Divorced,6.0,1,13.0,2.0,2.0,2.0,134.64,3
199,0,3.0,Mobile Phone,1,34.0,Credit Card,Female,3.0,3.0,Laptop & Accessory,2,Divorced,2.0,0,13.0,0.0,1.0,9.0,157.75,2
200,0,4.0,Computer,1,13.0,Debit Card,Female,2.0,4.0,Fashion,3,Divorced,2.0,0,24.0,3.0,6.0,9.0,189.43,0
201,0,12.0,Computer,1,5.0,Credit Card,Male,2.0,4.0,Others,2,Divorced,2.0,0,15.0,3.5,6.0,3.0,272.32625,0
202,1,2.0,Mobile Phone,3,9.0,Credit Card,Female,2.0,3.0,Laptop & Accessory,3,Divorced,5.0,1,18.0,1.0,1.0,0.0,152.38,2
203,0,6.0,Computer,3,16.0,E wallet,Male,2.0,4.0,Laptop & Accessory,2,Single,4.0,0,14.0,1.0,1.0,1.0,146.82,2
204,0,20.0,Mobile Phone,1,11.0,Debit Card,Male,2.0,3.0,Others,3,Divorced,5.0,0,11.0,1.0,1.0,1.0,272.32625,1
205,0,16.0,Computer,1,16.0,Debit Card,Female,2.0,4.0,Laptop & Accessory,3,Married,2.0,0,11.0,0.0,1.0,0.0,152.57,2
206,0,10.0,Computer,3,6.0,E wallet,Male,3.0,3.0,Laptop & Accessory,4,Divorced,1.0,1,13.0,0.0,1.0,4.0,163.49,2
207,0,27.0,Computer,1,26.0,Debit Card,Female,2.0,3.0,Laptop & Accessory,3,Single,4.0,0,12.0,1.0,1.0,3.0,148.69,2
208,0,16.0,Mobile Phone,1,13.0,Debit Card,Female,2.0,3.0,Fashion,5,Divorced,9.0,0,16.0,1.0,1.0,0.0,199.85,1
209,0,18.0,Mobile Phone,1,14.0,UPI,Male,3.0,3.0,Laptop & Accessory,2,Divorced,10.0,0,14.0,3.5,6.0,8.0,136.97,0
210,0,13.0,Mobile Phone,3,6.0,Credit Card,Male,2.0,5.0,Laptop & Accessory,2,Divorced,3.0,1,22.0,1.0,1.0,2.0,174.57,2
211,1,10.0,Mobile Phone,1,14.0,UPI,Male,3.0,5.0,Mobile Phone,5,Divorced,2.0,1,11.0,1.0,1.0,7.0,121.19,3
212,0,2.0,Mobile Phone,1,15.0,UPI,Male,1.0,4.0,Mobile Phone,2,Single,1.0,0,17.0,2.0,2.0,2.0,139.83,2
213,0,3.0,Mobile Phone,3,11.0,E wallet,Female,1.0,4.0,Laptop & Accessory,3,Married,2.0,0,13.0,0.0,1.0,2.0,161.18,2
214,0,10.0,Mobile Phone,3,14.0,E wallet,Female,2.0,3.0,Laptop & Accessory,4,Divorced,2.0,0,18.0,0.0,1.0,7.0,162.14,2
215,0,10.0,Mobile Phone,1,11.0,Credit Card,Male,3.0,3.0,Laptop & Accessory,2,Married,8.0,0,16.0,0.0,1.0,4.0,163.47,2
216,0,11.0,Mobile Phone,1,21.0,Debit Card,Male,3.0,4.0,Fashion,2,Married,1.0,1,14.0,1.0,2.0,3.0,215.10000000000002,1
217,0,4.0,Mobile Phone,1,13.0,Credit Card,Female,2.0,3.0,Fashion,2,Single,2.0,1,14.0,2.0,4.0,10.0,171.43,0
218,0,2.0,Mobile Phone,3,16.0,E wallet,Female,2.0,4.0,Laptop & Accessory,4,Married,2.0,1,14.0,0.0,1.0,7.0,182.68,2
219,0,8.0,Mobile Phone,1,11.0,Cash on Delivery,Male,3.0,3.0,Fashion,4,Single,1.0,0,13.0,0.0,1.0,13.0,180.95,2
220,0,10.0,Mobile Phone,1,32.0,Debit Card,Male,3.0,3.0,Mobile Phone,2,Married,2.0,0,12.0,1.0,1.0,2.0,129.04,2
221,0,14.0,Mobile Phone,1,12.0,Credit Card,Male,3.0,4.0,Laptop & Accessory,4,Single,7.0,1,15.0,1.0,1.0,2.0,160.32,3
222,0,20.0,Computer,3,10.0,Credit Card,Male,3.0,3.0,Laptop & Accessory,3,Single,4.0,0,19.0,0.0,1.0,0.0,129.76,2
223,0,15.0,Mobile Phone,1,29.0,Debit Card,Female,2.0,3.0,Grocery,2,Single,3.0,0,14.0,0.0,2.0,0.0,259.92,1
224,0,2.0,Computer,3,8.0,Debit Card,Male,3.0,3.0,Laptop & Accessory,3,Divorced,2.0,0,14.0,1.0,1.0,2.0,146.49,2
225,0,15.0,Mobile Phone,2,8.0,Cash on Delivery,Male,3.0,3.0,Mobile Phone,3,Married,1.0,1,11.0,1.0,1.0,0.0,126.96000000000001,2
226,0,5.0,Mobile Phone,1,14.0,Credit Card,Female,3.0,3.0,Mobile Phone,4,Divorced,2.0,0,13.0,0.0,1.0,7.0,123.69999999999999,2
227,0,21.0,Mobile Phone,3,35.0,Credit Card,Female,3.0,3.0,Fashion,3,Divorced,4.0,0,21.0,0.0,1.0,3.0,225.04000000000002,1
228,0,10.0,Mobile Phone,1,12.0,Credit Card,Male,2.0,2.0,Laptop & Accessory,5,Married,5.0,1,13.0,2.0,6.0,7.0,159.74,0
229,0,3.0,Computer,3,31.0,Cash on Delivery,Female,2.0,3.0,Laptop & Accessory,3,Divorced,8.0,1,12.0,1.0,2.0,2.0,147.36,2
230,0,10.0,Mobile Phone,3,6.0,Debit Card,Male,2.0,3.0,Laptop & Accessory,3,Divorced,2.0,0,17.0,2.0,6.0,7.0,152.96,0
231,0,15.0,Mobile Phone,1,8.0,UPI,Male,3.0,4.0,Laptop & Accessory,2,Single,4.0,0,23.0,0.0,1.0,0.0,167.81,2
232,1,10.0,Computer,3,6.0,Cash on Delivery,Female,2.0,4.0,Mobile Phone,4,Single,2.0,1,11.0,1.0,1.0,2.0,121.74000000000001,2
233,0,9.0,Computer,3,6.0,Credit Card,Female,2.0,3.0,Laptop & Accessory,2,Single,5.0,0,15.0,1.0,1.0,0.0,166.53,2
234,0,9.0,Computer,3,9.0,Credit Card,Male,2.0,4.0,Fashion,2,Divorced,5.0,0,11.0,0.0,1.0,12.0,196.99,1
235,0,30.0,Mobile Phone,1,6.0,Credit Card,Male,2.0,3.0,Laptop & Accessory,3,Divorced,3.0,0,11.0,1.0,1.0,2.0,167.55,2
236,0,10.0,Mobile Phone,1,16.0,Debit Card,Female,2.0,2.0,Mobile Phone,3,Divorced,4.0,1,13.0,0.0,1.0,7.0,122.13,2
237,0,10.0,Computer,3,14.0,Credit Card,Male,2.0,3.0,Mobile Phone,2,Single,2.0,0,24.0,0.0,2.0,2.0,126.1,2
238,1,10.0,Mobile Phone,3,11.0,E wallet,Female,3.0,3.0,Mobile Phone,3,Single,2.0,1,13.0,1.0,1.0,0.0,128.51,2
239,0,10.0,Mobile Phone,1,16.0,Credit Card,Female,3.0,3.0,Mobile Phone,5,Divorced,7.0,0,20.0,1.0,1.0,3.0,134.52,2
240,0,19.0,Computer,1,13.0,Credit Card,Female,1.0,3.0,Laptop & Accessory,3,Divorced,3.0,0,14.0,0.0,1.0,0.0,152.58,2
241,1,4.0,Computer,3,10.0,E wallet,Male,2.0,3.0,Laptop & Accessory,4,Single,2.0,0,18.0,3.5,6.0,7.0,193.55,0
242,0,23.0,Mobile Phone,1,16.0,Cash on Delivery,Male,3.0,4.0,Fashion,2,Single,7.0,0,15.0,0.0,1.0,3.0,204.96,1
243,1,3.0,Mobile Phone,3,28.0,E wallet,Male,3.0,4.0,Laptop & Accessory,3,Divorced,3.0,1,12.0,1.0,1.0,0.0,163.8,3
244,0,4.0,Mobile Phone,1,14.0,Debit Card,Male,2.0,4.0,Mobile Phone,4,Single,1.0,1,16.0,1.0,2.0,2.0,126.57,2
245,1,10.0,Mobile Phone,3,18.0,Debit Card,Female,3.0,2.0,Mobile Phone,4,Single,2.0,0,15.0,0.0,1.0,0.0,127.16,2
246,0,10.0,Mobile Phone,1,29.0,Debit Card,Male,2.0,3.0,Mobile Phone,2,Single,10.0,0,16.0,1.0,1.0,2.0,122.00999999999999,2
247,0,8.0,Mobile Phone,1,15.0,Debit Card,Male,3.0,4.0,Laptop & Accessory,4,Single,10.0,0,19.0,1.0,1.0,0.0,165.4,3
248,0,10.0,Mobile Phone,1,6.0,Credit Card,Male,2.0,3.0,Mobile Phone,4,Married,2.0,0,11.0,0.0,1.0,4.0,138.16,2
249,0,1.0,Mobile Phone,3,15.0,Debit Card,Male,3.0,3.0,Laptop & Accessory,2,Single,2.0,0,16.0,1.0,1.0,7.0,152.53,2
250,0,22.0,Mobile Phone,1,13.0,UPI,Male,2.0,4.0,Fashion,3,Single,9.0,0,24.0,1.0,1.0,0.0,145.0,1
251,0,24.0,Mobile Phone,3,20.0,Debit Card,Female,2.0,3.0,Laptop & Accessory,2,Divorced,5.0,0,11.0,0.0,1.0,7.0,149.36,2
252,0,9.0,Mobile Phone,1,14.0,Debit Card,Female,3.0,3.0,Mobile Phone,3,Divorced,5.0,0,13.0,1.0,2.0,2.0,125.43,2
253,1,10.0,Computer,3,25.0,E wallet,Male,3.0,2.0,Laptop & Accessory,2,Single,9.0,1,13.0,1.0,1.0,4.0,153.04,2
254,0,28.0,Mobile Phone,1,8.0,Debit Card,Female,3.0,3.0,Grocery,2,Single,3.0,1,13.0,1.0,1.0,2.0,266.59,1
255,0,10.0,Mobile Phone,3,16.0,E wallet,Female,3.0,3.0,Laptop & Accessory,3,Married,2.0,1,12.0,0.0,1.0,3.0,142.6,2
256,0,3.0,Mobile Phone,3,14.0,Cash on Delivery,Male,3.0,3.0,Mobile Phone,4,Divorced,2.0,0,18.0,1.0,1.0,0.0,124.75999999999999,2
257,1,10.0,Computer,1,9.0,Cash on Delivery,Male,3.0,3.0,Mobile Phone,5,Single,1.0,0,22.0,0.0,1.0,4.0,131.02,2
258,0,10.0,Mobile Phone,1,17.0,Credit Card,Female,2.0,3.0,Mobile Phone,4,Divorced,2.0,0,13.0,1.0,1.0,2.0,122.44,2
259,0,9.0,Mobile Phone,3,8.0,Credit Card,Male,3.0,4.0,Fashion,3,Divorced,2.0,0,13.0,3.5,6.0,0.0,175.96,0
260,1,10.0,Computer,1,10.0,Cash on Delivery,Male,2.0,3.0,Mobile Phone,2,Single,12.0,1,23.0,1.0,1.0,0.0,122.85,2
261,0,10.0,Mobile Phone,1,20.0,Debit Card,Female,3.0,3.0,Mobile Phone,5,Married,2.0,0,12.0,3.0,6.0,14.5,130.34,0
262,0,13.0,Mobile Phone,3,8.0,E wallet,Female,2.0,3.0,Laptop & Accessory,4,Married,8.0,0,12.0,0.0,1.0,3.0,157.15,2
263,0,15.0,Mobile Phone,1,14.0,Debit Card,Female,3.0,3.0,Mobile Phone,5,Married,4.0,0,16.0,1.0,1.0,2.0,125.75999999999999,2
264,0,10.0,Mobile Phone,1,16.0,Debit Card,Male,2.0,3.0,Laptop & Accessory,4,Single,3.0,1,12.0,0.0,1.0,1.0,141.97,2
265,0,16.0,Mobile Phone,1,18.0,Debit Card,Male,2.0,4.0,Grocery,4,Married,2.0,0,11.0,0.0,2.0,9.0,243.36,1
266,0,13.0,Mobile Phone,1,8.0,Credit Card,Female,3.0,4.0,Laptop & Accessory,3,Divorced,7.0,0,22.0,1.0,1.0,0.0,134.48,3
267,0,27.0,Mobile Phone,1,11.0,Credit Card,Male,2.0,3.0,Others,5,Divorced,5.0,0,15.0,1.0,1.0,2.0,272.32625,1
268,0,7.0,Computer,3,10.0,E wallet,Female,3.0,3.0,Laptop & Accessory,3,Divorced,10.0,0,15.0,1.0,1.0,2.0,165.38,2
269,0,4.0,Mobile Phone,1,13.0,Credit Card,Female,2.0,3.0,Laptop & Accessory,5,Divorced,2.0,0,12.0,3.0,3.0,12.0,143.06,0
270,0,10.0,Computer,1,27.0,Credit Card,Male,3.0,3.0,Mobile Phone,2,Divorced,8.0,0,20.0,0.0,1.0,2.0,122.58000000000001,2
271,0,16.0,Mobile Phone,1,14.0,UPI,Female,3.0,3.0,Laptop & Accessory,3,Married,5.0,1,14.0,0.0,1.0,2.0,145.22,2
272,0,10.0,Mobile Phone,3,10.0,Debit Card,Female,2.0,4.0,Laptop & Accessory,2,Single,2.0,1,11.0,0.0,1.0,3.0,144.87,2
273,0,10.0,Computer,1,31.0,Credit Card,Female,3.0,3.0,Laptop & Accessory,3,Divorced,4.0,1,15.0,3.0,6.0,7.0,144.49,0
274,0,10.0,Mobile Phone,1,6.0,Debit Card,Male,3.0,4.0,Mobile Phone,5,Divorced,2.0,0,12.0,0.0,3.0,2.0,122.18,2
275,0,12.0,Computer,1,6.0,Debit Card,Male,2.0,3.0,Others,3,Married,2.0,1,14.0,0.0,1.0,6.0,272.32625,2
276,0,29.0,Computer,3,12.0,Debit Card,Female,2.0,2.0,Grocery,5,Divorced,10.0,0,11.0,2.0,2.0,7.0,232.12,1
277,0,3.0,Mobile Phone,3,18.0,Cash on Delivery,Female,2.0,3.0,Laptop & Accessory,3,Single,1.0,0,11.0,3.0,4.0,4.0,165.77,0
278,0,14.0,Mobile Phone,3,6.0,E wallet,Male,2.0,2.0,Fashion,5,Divorced,2.0,0,16.0,1.0,1.0,7.0,183.92,2
279,0,1.0,Mobile Phone,1,23.0,Credit Card,Male,3.0,3.0,Laptop & Accessory,5,Married,2.0,0,12.0,0.0,1.0,8.0,145.58,2
280,1,10.0,Mobile Phone,1,9.0,Credit Card,Male,3.0,3.0,Mobile Phone,5,Divorced,6.0,0,13.0,1.0,1.0,2.0,140.31,2
281,0,25.0,Mobile Phone,1,9.0,Credit Card,Male,2.0,4.0,Fashion,3,Divorced,3.0,1,14.0,0.0,1.0,4.0,179.69,1
282,0,18.0,Mobile Phone,1,14.0,Debit Card,Male,3.0,3.0,Mobile Phone,2,Divorced,4.0,0,21.0,1.0,1.0,2.0,126.53999999999999,2
283,0,25.0,Mobile Phone,1,10.0,Debit Card,Female,1.0,3.0,Grocery,2,Divorced,3.0,0,13.0,1.0,1.0,4.0,265.55,1
284,0,15.0,Computer,1,35.0,Debit Card,Female,3.0,3.0,Laptop & Accessory,3,Married,3.0,0,11.0,1.0,1.0,2.0,145.56,2
285,0,3.0,Mobile Phone,1,8.0,Debit Card,Female,2.0,5.0,Laptop & Accessory,2,Single,3.0,0,20.0,0.0,1.0,2.0,160.91,2
286,0,30.0,Mobile Phone,1,13.0,Debit Card,Female,2.0,3.0,Others,5,Divorced,6.0,0,15.0,0.0,6.0,10.0,272.32625,1
287,0,19.0,Mobile Phone,1,24.0,Credit Card,Female,2.0,3.0,Laptop & Accessory,3,Married,3.0,0,14.0,0.0,1.0,8.0,148.1,2
288,0,15.0,Computer,1,34.0,Cash on Delivery,Female,2.0,4.0,Laptop & Accessory,2,Divorced,1.0,0,11.0,0.0,1.0,4.0,145.23,2
289,1,10.0,Mobile Phone,3,6.0,Cash on Delivery,Female,3.0,3.0,Mobile Phone,4,Single,2.0,1,16.0,1.0,1.0,4.0,132.02,2
290,1,10.0,Computer,3,14.0,E wallet,Female,2.0,5.0,Mobile Phone,3,Married,1.0,0,16.0,1.0,1.0,0.0,123.50999999999999,2
291,0,10.0,Computer,1,8.0,Debit Card,Male,2.0,3.0,Mobile Phone,2,Divorced,2.0,1,23.0,1.0,1.0,0.0,117.02000000000001,2
292,0,13.0,Mobile Phone,3,8.0,Debit Card,Female,3.0,3.0,Others,3,Divorced,1.0,0,14.0,1.0,1.0,12.0,272.32625,1
293,0,10.0,Mobile Phone,1,29.0,Debit Card,Female,3.0,3.0,Mobile Phone,2,Married,2.0,0,22.0,1.0,1.0,2.0,128.86,2
294,0,10.0,Computer,1,9.0,Debit Card,Male,2.0,3.0,Mobile Phone,2,Divorced,5.0,0,15.0,0.0,1.0,4.0,120.97,2
295,0,2.0,Mobile Phone,1,9.0,Credit Card,Male,3.0,4.0,Fashion,3,Divorced,2.0,0,18.0,1.0,1.0,3.0,219.35000000000002,1
296,1,10.0,Mobile Phone,1,14.0,Cash on Delivery,Female,3.0,4.0,Mobile Phone,4,Divorced,6.0,0,16.0,0.0,1.0,1.0,125.46000000000001,2
297,1,10.0,Mobile Phone,2,14.0,Cash on Delivery,Male,2.0,4.0,Mobile Phone,2,Single,2.0,0,12.0,1.0,1.0,0.0,125.63999999999999,2
298,0,3.0,Computer,3,28.0,UPI,Female,3.0,3.0,Fashion,5,Divorced,1.0,0,11.0,2.0,6.0,8.0,184.12,0
299,0,30.0,Mobile Phone,3,35.0,E wallet,Male,2.0,4.0,Grocery,2,Married,4.0,0,12.0,0.0,2.0,0.0,241.18,1
300,0,23.0,Mobile Phone,1,35.0,Debit Card,Male,2.0,4.0,Grocery,3,Divorced,1.0,0,15.0,1.0,6.0,7.0,270.46,1
301,0,3.0,Computer,1,14.0,Credit Card,Female,2.0,3.0,Mobile Phone,2,Single,1.0,0,14.0,3.5,6.0,7.0,125.63999999999999,0
302,0,30.0,Computer,3,34.0,E wallet,Female,3.0,4.0,Fashion,5,Divorced,5.0,0,19.0,3.5,6.0,11.0,202.66,0
303,0,20.0,Mobile Phone,1,8.0,Credit Card,Female,3.0,3.0,Laptop & Accessory,2,Married,6.0,0,13.0,0.0,1.0,4.0,150.7,2
304,0,19.0,Mobile Phone,1,8.0,Debit Card,Male,2.0,3.0,Grocery,3,Divorced,7.0,0,13.0,1.0,1.0,1.0,272.32625,1
305,0,8.0,Mobile Phone,1,28.0,Debit Card,Male,2.0,5.0,Mobile Phone,3,Single,1.0,0,15.0,2.0,4.0,3.0,142.3,3
306,0,27.0,Mobile Phone,1,14.0,Debit Card,Female,2.0,3.0,Laptop & Accessory,3,Single,8.0,0,11.0,1.0,1.0,0.0,137.8,2
307,0,7.0,Mobile Phone,1,8.0,Debit Card,Male,3.0,4.0,Mobile Phone,3,Married,4.0,0,12.0,3.5,5.0,7.0,127.68,0
308,0,19.0,Mobile Phone,3,16.0,E wallet,Female,3.0,4.0,Fashion,2,Divorced,3.0,1,19.0,1.0,1.0,2.0,190.71,1
309,0,4.0,Mobile Phone,1,15.0,Debit Card,Male,2.0,3.0,Fashion,4,Married,2.0,0,25.0,1.0,1.0,8.0,206.48000000000002,2
310,1,10.0,Mobile Phone,1,21.0,Credit Card,Male,2.0,3.0,Fashion,3,Divorced,8.0,1,12.0,0.0,2.0,7.0,236.10000000000002,1
311,1,10.0,Mobile Phone,1,16.0,Credit Card,Male,2.0,5.0,Mobile Phone,2,Married,8.0,0,13.0,0.0,1.0,3.0,134.08,2
312,0,3.0,Mobile Phone,3,13.0,E wallet,Male,3.0,3.0,Mobile Phone,4,Single,1.0,0,14.0,1.0,1.0,2.0,129.83,2
313,0,8.0,Mobile Phone,1,22.0,Debit Card,Male,3.0,3.0,Fashion,3,Divorced,5.0,1,12.0,0.0,1.0,0.0,176.32,2
314,1,10.0,Computer,1,26.0,Debit Card,Male,3.0,3.0,Fashion,3,Divorced,4.0,0,12.0,1.0,1.0,0.0,198.24,1
315,1,10.0,Computer,2,29.0,UPI,Female,2.0,3.0,Fashion,5,Married,10.0,1,15.0,1.0,1.0,2.0,199.5,1
316,0,10.0,Computer,1,11.0,UPI,Male,3.0,3.0,Mobile Phone,3,Divorced,5.0,0,17.0,2.0,2.0,0.0,120.93,2
317,0,9.0,Computer,3,16.0,Credit Card,Male,2.0,3.0,Fashion,2,Single,2.0,0,14.0,1.0,6.0,7.0,199.8,0
318,1,10.0,Computer,1,10.0,Cash on Delivery,Male,2.0,4.0,Mobile Phone,3,Single,6.0,0,16.0,1.0,1.0,2.0,138.94,2
319,0,21.0,Mobile Phone,3,8.0,E wallet,Female,2.0,3.0,Laptop & Accessory,2,Divorced,3.0,0,14.0,3.5,6.0,7.0,140.51,0
320,0,28.0,Mobile Phone,3,24.0,Debit Card,Female,2.0,3.0,Grocery,4,Single,4.0,0,23.0,1.0,6.0,7.0,268.35,1
321,0,14.0,Computer,3,16.0,Debit Card,Male,2.0,3.0,Laptop & Accessory,2,Single,8.0,0,14.0,0.0,1.0,10.0,162.3,2
322,0,8.0,Mobile Phone,3,6.0,E wallet,Male,2.0,3.0,Laptop & Accessory,3,Divorced,10.0,0,11.0,3.0,6.0,9.0,147.17,0
323,0,13.0,Mobile Phone,1,12.0,Debit Card,Female,3.0,3.0,Grocery,3,Single,8.0,0,15.0,3.5,2.0,13.0,232.37,1
324,0,12.0,Computer,1,14.0,Debit Card,Female,2.0,3.0,Mobile Phone,3,Divorced,2.0,0,11.0,0.0,1.0,7.0,137.55,2
325,0,4.0,Mobile Phone,3,8.0,Debit Card,Male,3.0,3.0,Laptop & Accessory,2,Single,5.0,1,13.0,1.0,1.0,5.0,165.82,2
326,0,15.0,Mobile Phone,1,30.0,Credit Card,Male,2.0,3.0,Fashion,5,Divorced,2.0,1,21.0,3.5,5.0,8.0,174.06,0
327,0,18.0,Mobile Phone,3,8.0,UPI,Male,3.0,3.0,Laptop & Accessory,4,Divorced,1.0,0,19.0,3.0,3.0,7.0,148.05,0
328,1,10.0,Computer,2,23.0,Debit Card,Female,3.0,3.0,Mobile Phone,3,Married,1.0,1,11.0,0.0,1.0,0.0,127.41,2
329,0,2.0,Mobile Phone,1,25.0,Cash on Delivery,Male,2.0,3.0,Laptop & Accessory,2,Married,5.0,0,12.0,0.0,1.0,2.0,142.62,2
330,0,6.0,Mobile Phone,1,6.0,Credit Card,Female,3.0,2.0,Grocery,3,Married,5.0,0,19.0,1.0,1.0,5.0,261.84,1
331,0,10.0,Mobile Phone,3,13.0,Debit Card,Male,2.0,4.0,Fashion,2,Married,10.0,0,21.0,1.0,1.0,3.0,215.57,1
332,1,10.0,Computer,3,11.0,E wallet,Male,3.0,3.0,Mobile Phone,4,Single,2.0,1,14.0,1.0,1.0,0.0,118.78,2
333,0,13.0,Computer,3,34.0,UPI,Male,2.0,5.0,Fashion,5,Married,4.0,0,15.0,1.0,1.0,3.0,209.32,1
334,0,14.0,Computer,1,8.0,UPI,Female,3.0,4.0,Laptop & Accessory,3,Single,3.0,1,17.0,0.0,1.0,7.0,168.11,2
335,0,10.0,Mobile Phone,3,35.0,Credit Card,Male,2.0,3.0,Laptop & Accessory,3,Married,6.0,0,12.0,1.0,1.0,0.0,143.06,2
336,0,8.0,Mobile Phone,3,6.0,Credit Card,Female,3.0,3.0,Laptop & Accessory,3,Single,2.0,0,16.0,0.0,1.0,3.0,148.59,2
337,0,7.0,Mobile Phone,3,27.0,Debit Card,Male,3.0,2.0,Laptop & Accessory,2,Single,2.0,0,12.0,3.5,5.0,7.0,153.37,0
338,1,10.0,Mobile Phone,1,14.0,Cash on Delivery,Male,3.0,5.0,Mobile Phone,2,Single,2.0,1,18.0,1.0,1.0,0.0,123.4,3
339,0,10.0,Mobile Phone,1,6.0,Cash on Delivery,Female,2.0,3.0,Fashion,2,Single,5.0,0,17.0,1.0,1.0,2.0,174.91,2
340,0,19.0,Computer,1,24.0,Credit Card,Female,2.0,3.0,Fashion,3,Divorced,6.0,0,11.0,1.0,1.0,2.0,205.27,1
341,0,14.0,Mobile Phone,3,8.0,Debit Card,Female,3.0,3.0,Grocery,5,Divorced,8.0,0,16.0,1.0,6.0,8.0,265.95,1
342,0,10.0,Computer,3,15.0,Credit Card,Male,3.0,3.0,Fashion,4,Married,2.0,0,13.0,3.5,6.0,7.0,188.34,0
343,0,25.0,Mobile Phone,1,12.0,Cash on Delivery,Male,3.0,3.0,Laptop & Accessory,5,Married,4.0,1,12.0,2.0,6.0,9.0,155.77,0
344,1,10.0,Computer,3,17.0,UPI,Male,2.0,2.0,Laptop & Accessory,3,Divorced,9.0,0,12.0,1.0,1.0,2.0,147.07,2
345,0,10.0,Computer,3,14.0,Credit Card,Male,2.0,3.0,Mobile Phone,2,Divorced,1.0,0,13.0,0.0,2.0,1.0,124.0,2
346,0,11.0,Mobile Phone,1,16.0,Credit Card,Female,3.0,3.0,Laptop & Accessory,3,Divorced,4.0,0,19.0,1.0,1.0,0.0,198.24,2
347,0,10.0,Mobile Phone,1,6.0,Debit Card,Female,3.0,3.0,Laptop & Accessory,4,Divorced,7.0,0,12.0,3.0,4.0,3.0,164.47,0
348,0,22.0,Mobile Phone,1,24.0,Debit Card,Male,2.0,4.0,Others,3,Married,2.0,1,15.0,0.0,1.0,9.0,272.32625,1
349,0,10.0,Mobile Phone,1,29.0,Credit Card,Male,3.0,2.0,Mobile Phone,2,Divorced,2.0,1,11.0,0.0,1.0,4.0,127.25,2
350,0,10.0,Mobile Phone,3,34.0,E wallet,Male,3.0,3.0,Laptop & Accessory,4,Divorced,2.0,0,20.0,1.0,1.0,4.0,162.72,2
351,0,10.0,Mobile Phone,1,23.0,UPI,Male,3.0,4.0,Mobile Phone,4,Divorced,2.0,0,21.0,1.0,1.0,0.0,121.27000000000001,3
352,0,23.0,Computer,2,9.0,Credit Card,Male,2.0,3.0,Others,4,Divorced,2.0,0,11.0,1.0,6.0,7.0,272.32625,0
353,0,10.0,Mobile Phone,3,19.0,Credit Card,Male,2.0,3.0,Mobile Phone,3,Divorced,2.0,0,11.0,1.0,1.0,6.0,120.96000000000001,2
354,1,10.0,Computer,1,13.0,Debit Card,Female,3.0,3.0,Mobile Phone,3,Divorced,2.0,1,16.0,0.0,1.0,2.0,128.86,2
355,1,10.0,Computer,3,18.0,Debit Card,Male,3.0,4.0,Mobile Phone,5,Divorced,2.0,0,18.0,1.0,1.0,0.0,120.33000000000001,2
356,0,7.0,Mobile Phone,1,6.0,Debit Card,Male,2.0,4.0,Mobile Phone,2,Divorced,2.0,1,13.0,0.0,1.0,3.0,136.22,2
357,1,10.0,Mobile Phone,3,19.0,Credit Card,Male,2.0,3.0,Laptop & Accessory,5,Married,3.0,0,17.0,0.0,1.0,2.0,142.33,2
358,0,8.0,Mobile Phone,1,31.0,UPI,Male,2.0,4.0,Laptop & Accessory,2,Single,5.0,0,14.0,0.0,1.0,2.0,136.81,2
359,0,4.0,Mobile Phone,3,12.0,Credit Card,Male,3.0,2.0,Laptop & Accessory,2,Married,5.0,0,22.0,3.0,5.0,7.0,154.6,0
360,0,10.0,Mobile Phone,1,12.0,Credit Card,Female,3.0,4.0,Mobile Phone,3,Married,1.0,0,12.0,1.0,1.0,3.0,121.87,2
361,0,10.0,Mobile Phone,3,8.0,E wallet,Male,3.0,3.0,Laptop & Accessory,3,Divorced,5.0,1,11.0,0.0,1.0,0.0,196.02,2
362,0,10.0,Mobile Phone,1,6.0,Debit Card,Female,3.0,4.0,Mobile Phone,4,Single,2.0,0,13.0,1.0,1.0,0.0,128.36,2
363,0,15.0,Mobile Phone,1,8.0,Debit Card,Female,2.0,3.0,Laptop & Accessory,2,Divorced,2.0,0,13.0,2.0,2.0,2.0,140.89,2
364,0,16.0,Mobile Phone,1,12.0,UPI,Male,2.0,4.0,Grocery,2,Married,5.0,1,14.0,1.0,1.0,0.0,266.27,1
365,0,11.0,Mobile Phone,1,14.0,Debit Card,Female,2.0,3.0,Mobile Phone,5,Single,4.0,0,17.0,1.0,1.0,0.0,126.19,2
366,0,16.0,Computer,1,15.0,Credit Card,Male,3.0,3.0,Laptop & Accessory,3,Married,4.0,1,13.0,2.0,4.0,7.0,156.79,0
367,0,21.0,Mobile Phone,1,6.0,Debit Card,Female,2.0,4.0,Grocery,5,Divorced,8.0,0,11.0,0.0,2.0,2.0,254.01999999999998,1
368,0,17.0,Mobile Phone,2,6.0,Debit Card,Female,2.0,4.0,Laptop & Accessory,3,Single,5.0,0,11.0,1.0,1.0,2.0,159.85,2
369,0,7.0,Mobile Phone,3,14.0,Cash on Delivery,Female,2.0,3.0,Mobile Phone,3,Married,2.0,1,18.0,1.0,1.0,6.0,125.78999999999999,2
370,1,10.0,Mobile Phone,3,8.0,E wallet,Male,3.0,3.0,Mobile Phone,5,Married,1.0,0,11.0,0.0,1.0,2.0,130.41,2
371,0,10.0,Mobile Phone,3,28.0,Cash on Delivery,Male,2.0,3.0,Mobile Phone,3,Single,2.0,0,11.0,1.0,1.0,2.0,134.47,2
372,0,17.0,Mobile Phone,1,9.0,UPI,Male,2.0,3.0,Others,2,Divorced,5.0,1,15.0,1.0,1.0,1.0,272.32625,1
373,0,10.0,Mobile Phone,1,12.0,Credit Card,Male,3.0,3.0,Mobile Phone,3,Divorced,1.0,0,20.0,2.0,2.0,2.0,127.72999999999999,2
374,0,6.0,Mobile Phone,3,14.0,E wallet,Male,2.0,3.0,Laptop & Accessory,3,Married,1.0,0,12.0,1.0,1.0,2.0,171.04,2
375,0,5.0,Mobile Phone,1,15.0,Debit Card,Female,3.0,3.0,Laptop & Accessory,2,Divorced,2.0,1,12.0,1.0,1.0,5.0,163.22,2
376,0,10.0,Computer,1,9.0,Credit Card,Female,3.0,3.0,Mobile Phone,3,Married,2.0,0,20.0,1.0,1.0,0.0,120.83000000000001,2
377,0,26.0,Mobile Phone,3,6.0,Credit Card,Female,2.0,3.0,Laptop & Accessory,5,Single,8.0,0,20.0,3.5,6.0,10.0,183.81,0
378,0,7.0,Mobile Phone,1,6.0,Debit Card,Male,3.0,3.0,Mobile Phone,2,Divorced,2.0,0,12.0,3.5,6.0,8.0,126.91,0
379,1,8.0,Computer,3,32.0,Debit Card,Female,3.0,3.0,Laptop & Accessory,5,Divorced,3.0,0,14.0,0.0,1.0,0.0,142.86,2
380,0,10.0,Mobile Phone,1,12.0,Debit Card,Female,3.0,3.0,Mobile Phone,2,Divorced,2.0,1,13.0,0.0,1.0,2.0,126.59,2
381,0,10.0,Mobile Phone,1,9.0,UPI,Male,2.0,3.0,Fashion,3,Divorced,2.0,0,15.0,3.5,6.0,8.0,194.34,0
382,0,2.0,Mobile Phone,3,9.0,Credit Card,Female,3.0,3.0,Laptop & Accessory,3,Divorced,2.0,0,14.0,0.0,1.0,2.0,155.61,2
383,0,8.0,Mobile Phone,1,12.0,Debit Card,Male,2.0,5.0,Laptop & Accessory,2,Single,2.0,0,13.0,3.5,6.0,8.0,166.46,0
384,0,6.0,Computer,1,12.0,Debit Card,Male,1.0,3.0,Laptop & Accessory,2,Married,4.0,0,23.0,3.5,4.0,7.0,177.25,0
385,0,27.0,Mobile Phone,2,25.0,Credit Card,Male,2.0,3.0,Fashion,4,Divorced,3.0,0,15.0,3.0,6.0,1.0,207.25,0
386,0,9.0,Mobile Phone,1,15.0,Credit Card,Male,2.0,4.0,Laptop & Accessory,4,Married,3.0,1,11.0,1.0,1.0,2.0,188.47,2
387,0,10.0,Mobile Phone,1,9.0,Credit Card,Male,2.0,4.0,Mobile Phone,2,Single,1.0,0,13.0,0.0,1.0,1.0,120.44999999999999,2
388,1,10.0,Mobile Phone,1,16.0,Credit Card,Male,2.0,3.0,Mobile Phone,3,Single,2.0,1,11.0,0.0,1.0,1.0,110.09,2
389,1,10.0,Computer,1,9.0,Debit Card,Male,3.0,3.0,Mobile Phone,5,Single,2.0,1,11.0,3.5,6.0,7.0,133.48,0
390,0,10.0,Computer,1,9.0,Debit Card,Male,2.0,4.0,Mobile Phone,3,Divorced,2.0,0,18.0,1.0,1.0,0.0,112.81,2
391,0,10.0,Mobile Phone,1,10.0,Credit Card,Male,3.0,2.0,Mobile Phone,5,Divorced,3.0,0,16.0,0.0,1.0,2.0,128.19,2
392,0,10.0,Mobile Phone,3,14.0,Debit Card,Male,2.0,2.0,Laptop & Accessory,4,Divorced,1.0,0,22.0,0.0,1.0,2.0,148.51,2
393,0,11.0,Mobile Phone,3,13.0,E wallet,Female,2.0,4.0,Laptop & Accessory,2,Single,1.0,0,20.0,1.0,1.0,5.0,140.28,2
394,0,2.0,Computer,1,6.0,Debit Card,Male,3.0,5.0,Mobile Phone,2,Married,2.0,0,18.0,2.0,2.0,8.0,127.19999999999999,3
395,0,21.0,Mobile Phone,3,8.0,E wallet,Male,2.0,2.0,Laptop & Accessory,4,Divorced,4.0,0,12.0,2.0,2.0,2.0,181.2,2
396,0,10.0,Computer,3,9.0,Credit Card,Female,3.0,2.0,Laptop & Accessory,2,Married,2.0,1,20.0,1.0,1.0,4.0,146.47,2
397,0,10.0,Mobile Phone,1,16.0,Debit Card,Male,3.0,2.0,Mobile Phone,2,Single,4.0,0,17.0,1.0,1.0,0.0,146.8,2
398,0,23.0,Mobile Phone,1,34.0,Credit Card,Male,3.0,2.0,Mobile Phone,3,Divorced,2.0,1,11.0,3.0,3.0,8.0,132.21,0
399,0,7.0,Mobile Phone,1,15.0,Credit Card,Female,2.0,4.0,Fashion,4,Single,2.0,0,14.0,3.5,6.0,7.0,186.21,0
400,1,10.0,Mobile Phone,3,9.0,Debit Card,Female,3.0,3.0,Laptop & Accessory,3,Single,10.0,0,14.0,1.0,2.0,0.0,145.77,2
401,0,12.0,Mobile Phone,1,8.0,Cash on Delivery,Female,3.0,4.0,Laptop & Accessory,3,Single,2.0,0,11.0,2.0,6.0,10.0,145.53,0
402,0,5.0,Mobile Phone,3,16.0,E wallet,Male,2.0,3.0,Laptop & Accessory,2,Single,2.0,0,12.0,0.0,1.0,8.0,153.96,2
403,1,13.0,Computer,3,14.0,Cash on Delivery,Male,2.0,3.0,Laptop & Accessory,3,Divorced,4.0,1,14.0,1.0,1.0,3.0,167.96,2
404,0,11.0,Mobile Phone,1,6.0,Debit Card,Female,2.0,2.0,Laptop & Accessory,2,Single,1.0,0,13.0,1.0,1.0,8.0,176.25,2
405,0,10.0,Mobile Phone,1,6.0,Debit Card,Female,3.0,3.0,Fashion,5,Divorced,2.0,0,11.0,1.0,1.0,7.0,174.12,1
406,0,5.0,Mobile Phone,1,9.0,Debit Card,Female,2.0,3.0,Fashion,2,Single,4.0,0,15.0,3.0,6.0,3.0,211.58999999999997,0
407,0,20.0,Mobile Phone,3,20.0,E wallet,Male,2.0,3.0,Laptop & Accessory,5,Single,3.0,0,12.0,0.0,1.0,7.0,149.6,2
408,0,13.0,Computer,3,11.0,Debit Card,Male,2.0,4.0,Fashion,5,Divorced,6.0,1,21.0,0.0,1.0,12.0,204.75,1
409,0,26.0,Mobile Phone,1,13.0,Debit Card,Male,2.0,2.0,Grocery,3,Divorced,4.0,0,19.0,0.0,2.0,3.0,248.14,1
410,0,14.0,Mobile Phone,2,16.0,UPI,Male,3.0,4.0,Others,2,Married,4.0,0,15.0,1.0,6.0,6.0,272.32625,0
411,0,30.0,Mobile Phone,3,22.0,E wallet,Male,2.0,3.0,Laptop & Accessory,5,Single,9.0,0,14.0,1.0,2.0,2.0,154.05,1
412,0,10.0,Computer,1,16.0,Debit Card,Male,2.0,3.0,Fashion,5,Married,2.0,0,21.0,1.0,1.0,7.0,187.93,2
413,0,14.0,Mobile Phone,2,6.0,UPI,Male,2.0,4.0,Others,3,Divorced,2.0,0,12.0,1.0,2.0,10.0,272.32625,1
414,0,23.0,Mobile Phone,3,14.0,E wallet,Male,2.0,3.0,Mobile Phone,4,Divorced,8.0,0,15.0,1.0,2.0,2.0,138.75,2
415,1,10.0,Mobile Phone,1,6.0,Debit Card,Female,3.0,5.0,Mobile Phone,4,Single,8.0,1,13.0,1.0,3.0,7.0,122.16,3
416,0,9.0,Computer,1,14.0,Debit Card,Female,3.0,2.0,Fashion,5,Divorced,10.0,0,14.0,0.0,1.0,3.0,217.13,1
417,0,11.0,Mobile Phone,1,6.0,Debit Card,Female,2.0,3.0,Fashion,3,Single,5.0,1,14.0,0.0,1.0,0.0,178.61,2
418,0,17.0,Computer,1,30.0,Credit Card,Male,2.0,5.0,Mobile Phone,3,Single,3.0,0,14.0,0.0,1.0,4.0,137.08,2
419,0,20.0,Computer,3,9.0,Credit Card,Female,2.0,3.0,Grocery,3,Married,10.0,1,12.0,3.5,2.0,13.0,237.7,1
420,0,3.0,Mobile Phone,3,33.0,E wallet,Male,2.0,3.0,Laptop & Accessory,2,Married,8.0,0,23.0,3.5,6.0,7.0,153.04,0
421,0,2.0,Mobile Phone,3,14.0,Debit Card,Male,2.0,3.0,Mobile Phone,3,Single,2.0,0,11.0,0.0,1.0,0.0,126.41999999999999,2
422,1,5.0,Computer,1,25.0,Credit Card,Male,3.0,2.0,Mobile Phone,3,Married,7.0,1,12.0,2.0,2.0,2.0,127.59,2
423,0,16.0,Computer,3,21.0,Debit Card,Male,2.0,4.0,Laptop & Accessory,2,Divorced,4.0,0,18.0,0.0,2.0,2.0,168.04,2
424,0,7.0,Mobile Phone,1,14.0,Credit Card,Female,3.0,3.0,Laptop & Accessory,3,Single,4.0,0,11.0,1.0,4.0,3.0,161.42,2
425,0,10.0,Mobile Phone,1,14.0,Credit Card,Male,2.0,3.0,Mobile Phone,5,Divorced,2.0,0,14.0,0.0,1.0,2.0,125.0,2
426,0,12.0,Mobile Phone,2,9.0,UPI,Female,2.0,2.0,Laptop & Accessory,4,Divorced,10.0,0,15.0,3.0,3.0,6.0,163.89,1
427,0,29.0,Mobile Phone,1,15.0,Credit Card,Male,2.0,3.0,Grocery,2,Divorced,8.0,0,11.0,0.0,1.0,3.0,211.02999999999997,1
428,0,13.0,Mobile Phone,1,14.0,Credit Card,Female,2.0,4.0,Mobile Phone,2,Single,1.0,1,20.0,2.0,2.0,3.0,123.41999999999999,2
429,0,10.0,Mobile Phone,1,13.0,Credit Card,Female,2.0,4.0,Laptop & Accessory,5,Single,9.0,0,19.0,1.0,1.0,7.0,168.11,2
430,0,10.0,Mobile Phone,3,16.0,E wallet,Male,2.0,3.0,Mobile Phone,4,Married,2.0,0,14.0,0.0,2.0,2.0,122.97,2
431,0,26.0,Mobile Phone,1,14.0,Debit Card,Male,2.0,3.0,Laptop & Accessory,2,Single,3.0,0,17.0,1.0,2.0,2.0,124.5,2
432,0,8.0,Computer,1,8.0,Debit Card,Female,3.0,3.0,Laptop & Accessory,5,Married,3.0,0,11.0,0.0,1.0,0.0,150.93,2
433,0,5.0,Computer,1,30.0,Debit Card,Male,3.0,3.0,Laptop & Accessory,2,Divorced,2.0,0,15.0,2.0,4.0,7.0,153.09,0
434,0,11.0,Mobile Phone,1,8.0,Credit Card,Male,3.0,3.0,Mobile Phone,3,Divorced,7.0,1,13.0,0.0,1.0,1.0,130.57,2
435,0,7.0,Mobile Phone,1,14.0,Debit Card,Female,2.0,3.0,Laptop & Accessory,5,Married,4.0,0,14.0,1.0,1.0,0.0,151.21,2
436,0,25.0,Mobile Phone,3,9.0,E wallet,Male,2.0,4.0,Grocery,5,Divorced,2.0,0,11.0,1.0,1.0,14.5,268.56,1
437,1,10.0,Mobile Phone,1,6.0,UPI,Male,3.0,3.0,Mobile Phone,2,Single,2.0,1,13.0,3.5,6.0,8.0,126.86000000000001,0
438,0,10.0,Mobile Phone,3,32.0,Credit Card,Female,2.0,3.0,Laptop & Accessory,2,Single,2.0,0,23.0,0.0,1.0,4.0,161.8,2
439,0,18.0,Mobile Phone,3,8.0,Cash on Delivery,Male,2.0,5.0,Laptop & Accessory,3,Single,1.0,0,13.0,0.0,3.0,1.0,166.32,2
440,0,10.0,Mobile Phone,1,16.0,Credit Card,Male,3.0,2.0,Mobile Phone,3,Single,2.0,0,18.0,1.0,1.0,2.0,135.05,2
441,1,10.0,Computer,3,33.0,Debit Card,Female,3.0,1.5,Laptop & Accessory,3,Single,5.0,1,12.0,1.0,1.0,3.0,163.97,2
442,0,7.0,Mobile Phone,3,8.0,UPI,Male,2.0,3.0,Laptop & Accessory,2,Single,2.0,0,22.0,0.0,1.0,4.0,162.74,2
443,1,18.0,Mobile Phone,1,8.0,Credit Card,Male,3.0,3.0,Others,5,Divorced,6.0,1,15.0,1.0,1.0,4.0,272.32625,1
444,0,9.0,Computer,3,14.0,Debit Card,Male,3.0,4.0,Fashion,5,Single,2.0,0,15.0,0.0,1.0,9.0,175.87,2
445,0,25.0,Computer,1,25.0,Credit Card,Male,2.0,3.0,Mobile Phone,2,Divorced,1.0,0,18.0,1.0,1.0,2.0,142.58,2
446,0,10.0,Computer,1,6.0,Debit Card,Female,3.0,5.0,Mobile Phone,2,Married,4.0,0,14.0,2.0,2.0,0.0,143.64,3
447,0,2.0,Mobile Phone,1,33.0,Credit Card,Female,3.0,3.0,Laptop & Accessory,3,Divorced,5.0,0,12.0,1.0,1.0,1.0,143.35,2
448,1,10.0,Mobile Phone,3,14.0,Cash on Delivery,Male,2.0,4.0,Laptop & Accessory,5,Single,7.0,0,17.0,1.0,1.0,2.0,153.26,2
449,0,7.0,Mobile Phone,1,6.0,Debit Card,Female,3.0,1.5,Mobile Phone,2,Single,3.0,0,16.0,0.0,1.0,3.0,132.8,2
450,0,27.0,Mobile Phone,1,25.0,Credit Card,Female,3.0,3.0,Laptop & Accessory,5,Married,10.0,1,11.0,0.0,1.0,4.0,154.85,1
451,0,2.0,Computer,3,5.0,E wallet,Male,2.0,3.0,Laptop & Accessory,2,Divorced,1.0,0,19.0,0.0,1.0,1.0,143.42,2
452,0,10.0,Mobile Phone,1,16.0,Debit Card,Female,3.0,3.0,Mobile Phone,5,Married,1.0,1,13.0,3.0,4.0,3.0,127.82,0
453,0,11.0,Computer,1,8.0,Debit Card,Female,3.0,1.5,Laptop & Accessory,5,Single,7.0,1,12.0,3.5,4.0,12.0,159.8,0
454,0,7.0,Mobile Phone,1,8.0,Credit Card,Female,2.0,4.0,Mobile Phone,5,Single,2.0,0,11.0,1.0,1.0,3.0,143.81,2
455,0,8.0,Mobile Phone,3,14.0,Debit Card,Female,3.0,3.0,Mobile Phone,2,Divorced,2.0,0,16.0,0.0,1.0,2.0,125.72,2
456,0,3.0,Mobile Phone,1,6.0,Debit Card,Male,2.0,5.0,Mobile Phone,3,Divorced,4.0,0,21.0,1.0,1.0,2.0,138.33,3
457,0,13.0,Computer,1,8.0,Credit Card,Female,2.0,1.5,Laptop & Accessory,4,Divorced,2.0,0,24.0,0.0,3.0,7.0,142.44,2
458,0,7.0,Mobile Phone,3,14.0,Debit Card,Female,3.0,3.0,Laptop & Accessory,5,Divorced,6.0,0,17.0,1.0,1.0,2.0,165.0,2
459,0,15.0,Computer,1,14.0,Debit Card,Male,3.0,3.0,Others,2,Married,2.0,0,13.0,1.0,6.0,9.0,272.32625,0
460,1,10.0,Mobile Phone,1,12.0,Debit Card,Male,3.0,1.5,Mobile Phone,5,Divorced,2.0,1,21.0,1.0,1.0,0.0,116.00999999999999,2
461,0,10.0,Computer,1,15.0,Debit Card,Male,3.0,4.0,Mobile Phone,4,Married,2.0,0,11.0,1.0,1.0,0.0,126.94,2
462,0,25.0,Mobile Phone,1,17.0,Debit Card,Female,3.0,3.0,Laptop & Accessory,3,Divorced,9.0,0,20.0,1.0,1.0,4.0,131.49,1
463,0,23.0,Mobile Phone,1,8.0,Credit Card,Male,3.0,3.0,Grocery,3,Divorced,6.0,0,16.0,1.0,1.0,3.0,272.32625,1
464,1,10.0,Mobile Phone,1,14.0,Debit Card,Female,2.0,4.0,Mobile Phone,5,Divorced,2.0,1,11.0,0.0,1.0,0.0,123.19,2
465,0,6.0,Mobile Phone,1,13.0,Credit Card,Male,2.0,3.0,Fashion,3,Divorced,1.0,0,11.0,0.0,3.0,3.0,216.91000000000003,2
466,1,10.0,Mobile Phone,3,22.0,E wallet,Female,3.0,3.0,Laptop & Accessory,5,Single,6.0,0,15.0,1.0,1.0,2.0,153.24,2
467,0,20.0,Mobile Phone,1,8.0,UPI,Female,2.0,3.0,Grocery,2,Divorced,2.0,1,11.0,1.0,3.0,0.0,267.52,1
468,0,9.0,Mobile Phone,1,6.0,UPI,Female,2.0,3.0,Laptop & Accessory,4,Divorced,1.0,0,15.0,0.0,1.0,5.0,152.28,2
469,0,2.0,Mobile Phone,1,29.0,Debit Card,Male,3.0,1.5,Mobile Phone,3,Divorced,2.0,0,24.0,1.0,1.0,7.0,127.0,2
470,1,20.0,Mobile Phone,1,8.0,Debit Card,Male,2.0,3.0,Others,4,Single,8.0,1,15.0,3.5,6.0,8.0,272.32625,0
471,0,8.0,Mobile Phone,1,14.0,Debit Card,Female,2.0,1.5,Mobile Phone,3,Single,4.0,0,13.0,0.0,2.0,2.0,125.06,2
472,0,15.0,Mobile Phone,1,6.0,Debit Card,Female,2.0,4.0,Laptop & Accessory,2,Divorced,10.0,1,13.0,0.0,1.0,2.0,160.62,2
473,1,10.0,Mobile Phone,1,8.0,Credit Card,Male,2.0,3.0,Mobile Phone,3,Single,7.0,0,17.0,0.0,2.0,1.0,143.82,2
474,0,10.0,Mobile Phone,2,19.0,UPI,Male,2.0,3.0,Mobile Phone,4,Divorced,4.0,0,13.0,1.0,1.0,4.0,121.43,2
475,0,5.0,Mobile Phone,1,10.0,Debit Card,Female,3.0,4.0,Laptop & Accessory,3,Divorced,2.0,0,12.0,1.0,6.0,8.0,161.62,0
476,0,13.0,Computer,1,22.0,Credit Card,Male,2.0,4.0,Laptop & Accessory,3,Single,7.0,0,14.0,1.0,1.0,0.0,150.94,2
477,0,3.0,Mobile Phone,1,8.0,Credit Card,Female,2.0,4.0,Laptop & Accessory,2,Single,6.0,1,24.0,1.0,1.0,0.0,168.77,2
478,0,10.0,Mobile Phone,1,8.0,Debit Card,Female,3.0,4.0,Mobile Phone,3,Single,2.0,0,14.0,1.0,1.0,0.0,122.74000000000001,2
479,0,15.0,Mobile Phone,1,35.0,Debit Card,Male,3.0,3.0,Laptop & Accessory,4,Divorced,2.0,0,13.0,2.0,6.0,8.0,144.34,0
480,0,11.0,Computer,1,18.0,Debit Card,Male,2.0,4.0,Laptop & Accessory,5,Married,3.0,0,15.0,1.0,1.0,2.0,162.88,2
481,0,7.0,Computer,1,14.0,Debit Card,Female,3.0,4.0,Mobile Phone,2,Single,2.0,0,16.0,1.0,1.0,3.0,125.53,2
482,1,12.0,Mobile Phone,3,17.0,E wallet,Female,2.0,3.0,Fashion,2,Divorced,2.0,0,18.0,0.0,6.0,7.0,176.54,0
483,1,18.0,Mobile Phone,3,8.0,Credit Card,Male,2.0,3.0,Laptop & Accessory,2,Single,5.0,0,16.0,0.0,6.0,3.0,151.6,2
484,0,16.0,Mobile Phone,1,20.0,Debit Card,Male,3.0,3.0,Grocery,5,Divorced,7.0,0,24.0,1.0,1.0,0.0,271.59,1
485,0,10.0,Mobile Phone,1,11.0,Cash on Delivery,Male,2.0,4.0,Fashion,2,Married,2.0,1,16.0,0.0,1.0,3.0,228.07999999999998,1
486,0,8.0,Mobile Phone,1,13.0,UPI,Male,2.0,3.0,Fashion,3,Single,4.0,0,21.0,0.0,1.0,6.0,202.21,2
487,0,1.0,Mobile Phone,3,8.0,E wallet,Female,2.0,3.0,Laptop & Accessory,4,Divorced,2.0,1,20.0,3.5,6.0,5.0,147.79,0
488,0,7.0,Mobile Phone,2,9.0,UPI,Male,2.0,3.0,Mobile Phone,2,Divorced,1.0,0,19.0,1.0,1.0,2.0,137.37,2
489,1,10.0,Computer,1,14.0,Credit Card,Female,2.0,4.0,Mobile Phone,3,Divorced,2.0,1,14.0,0.0,1.0,7.0,123.66,2
490,0,10.0,Computer,1,9.0,Credit Card,Male,2.0,3.0,Mobile Phone,2,Divorced,2.0,0,11.0,1.0,1.0,0.0,117.06,2
491,0,24.0,Mobile Phone,3,32.0,E wallet,Female,3.0,3.0,Grocery,3,Divorced,3.0,0,14.0,1.0,4.0,14.5,263.07,1
492,0,17.0,Mobile Phone,1,10.0,Credit Card,Male,2.0,3.0,Laptop & Accessory,4,Single,10.0,0,12.0,1.0,2.0,3.0,159.33,2
493,0,10.0,Mobile Phone,1,8.0,Credit Card,Male,3.0,1.5,Mobile Phone,5,Single,8.0,0,13.0,1.0,1.0,1.0,134.24,2
494,0,6.0,Mobile Phone,3,6.0,Credit Card,Male,2.0,1.5,Laptop & Accessory,5,Married,2.0,0,22.0,0.0,1.0,8.0,140.37,2
495,0,8.0,Mobile Phone,1,14.0,Credit Card,Female,2.0,4.0,Mobile Phone,5,Single,2.0,0,11.0,1.0,1.0,1.0,125.59,2
496,0,9.0,Mobile Phone,3,6.0,Debit Card,Male,2.0,3.0,Laptop & Accessory,2,Divorced,2.0,1,14.0,2.0,4.0,11.0,162.01,0
497,0,5.0,Mobile Phone,3,19.0,Debit Card,Male,3.0,3.0,Laptop & Accessory,2,Married,3.0,0,11.0,0.0,1.0,3.0,144.03,2
498,0,3.0,Computer,1,11.0,Debit Card,Male,3.0,4.0,Mobile Phone,2,Married,10.0,0,12.0,0.0,1.0,3.0,137.61,2
499,0,26.0,Mobile Phone,3,13.0,E wallet,Female,3.0,4.0,Fashion,2,Divorced,8.0,1,18.0,0.0,1.0,3.0,209.33999999999997,1
500,0,18.0,Mobile Phone,3,15.0,E wallet,Male,3.0,3.0,Fashion,5,Married,5.0,1,12.0,1.0,1.0,2.0,207.61,1
501,0,5.0,Mobile Phone,1,14.0,Credit Card,Female,3.0,1.5,Laptop & Accessory,3,Divorced,6.0,0,12.0,1.0,1.0,3.0,151.75,2
502,0,25.0,Computer,1,31.0,Credit Card,Female,2.0,4.0,Grocery,2,Divorced,4.0,0,22.0,0.0,2.0,0.0,238.26,1
503,0,10.0,Mobile Phone,3,22.0,E wallet,Male,3.0,4.0,Laptop & Accessory,3,Married,5.0,0,19.0,1.0,1.0,0.0,163.34,3
504,0,1.0,Mobile Phone,2,14.0,Credit Card,Male,3.0,4.0,Mobile Phone,2,Married,2.0,0,13.0,0.0,1.0,4.0,149.36,2
505,0,10.0,Mobile Phone,1,6.0,Debit Card,Male,2.0,4.0,Laptop & Accessory,2,Divorced,7.0,0,22.0,2.0,2.0,2.0,147.75,2
506,0,17.0,Mobile Phone,1,14.0,Debit Card,Male,3.0,1.5,Mobile Phone,2,Divorced,3.0,1,24.0,1.0,1.0,2.0,128.18,2
507,0,15.0,Computer,1,14.0,Credit Card,Male,2.0,3.0,Mobile Phone,2,Single,6.0,1,14.0,0.0,2.0,2.0,125.15,2
508,0,9.0,Mobile Phone,2,14.0,Debit Card,Male,3.0,4.0,Mobile Phone,5,Divorced,1.0,0,21.0,1.0,1.0,3.0,123.41999999999999,2
509,0,10.0,Mobile Phone,3,9.0,UPI,Male,3.0,3.0,Laptop & Accessory,5,Divorced,2.0,1,18.0,1.0,1.0,3.0,141.94,2
510,0,8.0,Mobile Phone,1,15.0,Debit Card,Female,3.0,4.0,Fashion,3,Divorced,2.0,1,20.0,2.0,5.0,14.5,206.85000000000002,0
511,1,10.0,Computer,1,31.0,Debit Card,Female,3.0,3.0,Mobile Phone,4,Married,2.0,1,19.0,0.0,6.0,8.0,120.22,0
512,0,5.0,Computer,1,6.0,Debit Card,Male,3.0,3.0,Mobile Phone,2,Married,1.0,0,12.0,0.0,1.0,2.0,123.13999999999999,2
513,0,10.0,Mobile Phone,3,10.0,E wallet,Male,2.0,4.0,Laptop & Accessory,5,Divorced,2.0,0,12.0,1.0,1.0,3.0,142.56,2
514,0,22.0,Mobile Phone,1,6.0,Cash on Delivery,Female,2.0,3.0,Mobile Phone,5,Divorced,3.0,0,16.0,1.0,1.0,2.0,135.8,2
515,0,10.0,Computer,1,10.0,Debit Card,Male,3.0,4.0,Mobile Phone,2,Divorced,1.0,0,17.0,0.0,3.0,4.0,131.62,2
516,0,5.0,Computer,3,11.0,Debit Card,Male,2.0,3.0,Laptop & Accessory,4,Divorced,2.0,0,14.0,2.0,5.0,3.0,165.24,0
517,0,11.0,Mobile Phone,3,15.0,E wallet,Male,3.0,4.0,Mobile Phone,4,Divorced,1.0,0,19.0,0.0,1.0,2.0,128.99,2
518,0,15.0,Mobile Phone,1,9.0,Debit Card,Female,3.0,1.5,Laptop & Accessory,2,Divorced,3.0,1,13.0,0.0,1.0,3.0,152.31,2
519,0,4.0,Mobile Phone,1,14.0,Debit Card,Male,2.0,3.0,Mobile Phone,2,Divorced,4.0,1,19.0,1.0,1.0,2.0,123.56,2
520,1,10.0,Mobile Phone,3,6.0,Credit Card,Female,3.0,4.0,Mobile Phone,3,Married,7.0,1,19.0,0.0,1.0,2.0,128.0,2
521,0,26.0,Mobile Phone,3,14.0,E wallet,Male,3.0,3.0,Grocery,2,Divorced,6.0,0,14.0,0.0,2.0,3.0,218.36,1
522,0,8.0,Mobile Phone,1,31.0,Cash on Delivery,Male,3.0,4.0,Fashion,4,Divorced,4.0,0,16.0,3.0,4.0,8.0,209.02999999999997,0
523,0,10.0,Computer,3,27.0,Credit Card,Female,3.0,3.0,Mobile Phone,2,Divorced,6.0,0,15.0,1.0,1.0,0.0,129.73,2
524,0,26.0,Mobile Phone,1,29.0,Debit Card,Female,3.0,3.0,Grocery,2,Single,7.0,0,18.0,2.0,2.0,8.0,242.75,1
525,0,16.0,Computer,1,6.0,Debit Card,Female,2.0,3.0,Laptop & Accessory,2,Divorced,5.0,0,13.0,1.0,2.0,2.0,155.62,2
526,0,20.0,Mobile Phone,3,8.0,E wallet,Female,2.0,3.0,Laptop & Accessory,2,Divorced,1.0,1,22.0,3.5,6.0,7.0,145.37,0
527,0,10.0,Computer,3,25.0,Credit Card,Male,2.0,3.0,Fashion,4,Single,2.0,1,13.0,0.0,1.0,9.0,176.42,2
528,0,23.0,Computer,1,8.0,Debit Card,Male,3.0,3.0,Grocery,5,Married,2.0,0,11.0,1.0,6.0,7.0,272.32625,1
529,0,12.0,Mobile Phone,2,8.0,Debit Card,Female,2.0,4.0,Laptop & Accessory,2,Divorced,9.0,0,11.0,0.0,1.0,4.0,152.04,2
530,0,10.0,Mobile Phone,2,9.0,UPI,Male,2.0,3.0,Mobile Phone,4,Married,4.0,1,11.0,0.0,1.0,3.0,122.77000000000001,2
531,1,10.0,Mobile Phone,1,31.0,Debit Card,Male,3.0,3.0,Mobile Phone,2,Single,2.0,1,24.0,1.0,1.0,1.0,127.94999999999999,2
532,0,2.0,Mobile Phone,1,14.0,Credit Card,Female,3.0,4.0,Mobile Phone,2,Married,7.0,0,14.0,1.0,1.0,3.0,125.32,3
533,0,17.0,Mobile Phone,1,14.0,Debit Card,Male,3.0,3.0,Mobile Phone,5,Divorced,2.0,1,13.0,2.0,6.0,1.0,125.59,0
534,0,1.0,Mobile Phone,3,11.0,Credit Card,Male,3.0,3.0,Laptop & Accessory,2,Single,2.0,0,14.0,1.0,1.0,2.0,149.08,2
535,1,20.0,Computer,1,14.0,Debit Card,Male,2.0,4.0,Mobile Phone,2,Married,10.0,1,14.0,0.0,1.0,0.0,123.80000000000001,2
536,0,16.0,Mobile Phone,1,14.0,Debit Card,Female,2.0,3.0,Laptop & Accessory,4,Married,5.0,0,21.0,1.0,1.0,0.0,147.65,2
537,1,10.0,Mobile Phone,3,8.0,Credit Card,Female,2.0,4.0,Mobile Phone,3,Single,2.0,0,13.0,0.0,1.0,2.0,120.44,2
538,1,10.0,Mobile Phone,1,24.0,UPI,Female,3.0,3.0,Mobile Phone,2,Single,2.0,0,19.0,1.0,1.0,0.0,126.93,2
539,0,9.0,Mobile Phone,1,20.0,Debit Card,Male,3.0,3.0,Laptop & Accessory,2,Divorced,1.0,1,17.0,3.5,4.0,11.0,165.86,0
540,0,20.0,Mobile Phone,3,8.0,Debit Card,Female,3.0,4.0,Mobile Phone,2,Single,2.0,1,18.0,1.0,1.0,2.0,132.94,2
541,1,10.0,Mobile Phone,1,9.0,Debit Card,Female,2.0,3.0,Laptop & Accessory,3,Divorced,1.0,1,19.0,1.0,1.0,2.0,141.71,2
542,1,4.0,Mobile Phone,1,8.0,Debit Card,Female,3.0,5.0,Mobile Phone,2,Married,5.0,1,13.0,0.0,1.0,0.0,127.78,3
543,0,1.0,Mobile Phone,1,14.0,Credit Card,Female,3.0,3.0,Mobile Phone,3,Married,6.0,0,18.0,2.0,2.0,2.0,123.77000000000001,3
544,1,2.0,Mobile Phone,1,14.0,Credit Card,Male,3.0,3.0,Mobile Phone,5,Divorced,8.0,1,21.0,1.0,2.0,2.0,124.03999999999999,3
545,0,10.0,Mobile Phone,1,14.0,Debit Card,Female,3.0,3.0,Mobile Phone,3,Single,2.0,0,19.0,1.0,1.0,0.0,123.18,2
546,0,10.0,Mobile Phone,1,16.0,Debit Card,Male,2.0,3.0,Mobile Phone,4,Married,2.0,0,14.0,1.0,1.0,0.0,120.08000000000001,2
547,0,15.0,Mobile Phone,3,20.0,Credit Card,Female,3.0,4.0,Laptop & Accessory,3,Single,8.0,0,17.0,0.0,1.0,3.0,162.44,2
548,0,6.0,Mobile Phone,1,6.0,UPI,Male,3.0,4.0,Mobile Phone,5,Single,4.0,1,11.0,0.0,1.0,2.0,127.99000000000001,2
549,0,30.0,Mobile Phone,1,11.0,Cash on Delivery,Female,2.0,4.0,Fashion,4,Married,3.0,1,13.0,1.0,1.0,4.0,205.52,1
550,0,4.0,Mobile Phone,3,14.0,Debit Card,Male,2.0,4.0,Mobile Phone,3,Divorced,4.0,0,15.0,3.0,5.0,2.0,123.28999999999999,0
551,0,8.0,Mobile Phone,1,27.0,Debit Card,Female,2.0,3.0,Laptop & Accessory,2,Divorced,2.0,1,25.0,0.0,1.0,7.0,140.14,2
552,0,22.0,Mobile Phone,1,14.0,UPI,Female,2.0,3.0,Fashion,4,Divorced,5.0,0,11.0,0.0,1.0,7.0,174.03,1
553,0,10.0,Mobile Phone,1,26.0,Credit Card,Male,2.0,3.0,Mobile Phone,3,Divorced,5.0,0,17.0,0.0,1.0,0.0,122.59,2
554,0,4.0,Computer,3,26.0,E wallet,Female,2.0,3.0,Laptop & Accessory,3,Divorced,2.0,0,13.0,1.0,1.0,0.0,169.32,2
555,0,9.0,Mobile Phone,1,13.0,UPI,Male,3.0,3.0,Mobile Phone,2,Single,3.0,0,18.0,0.0,1.0,1.0,146.78,2
556,0,11.0,Mobile Phone,1,6.0,Cash on Delivery,Female,3.0,3.0,Fashion,5,Divorced,2.0,0,13.0,3.0,2.0,11.0,235.82,0
557,0,5.0,Computer,1,14.0,Debit Card,Female,3.0,4.0,Mobile Phone,4,Divorced,7.0,0,20.0,1.0,1.0,2.0,123.32,3
558,1,10.0,Mobile Phone,3,14.0,E wallet,Male,2.0,4.0,Mobile Phone,4,Divorced,2.0,1,18.0,0.0,1.0,0.0,124.13,2
559,0,13.0,Mobile Phone,3,16.0,E wallet,Male,3.0,4.0,Fashion,4,Married,3.0,0,12.0,1.0,1.0,0.0,197.05,1
560,0,10.0,Computer,3,6.0,Credit Card,Male,2.0,4.0,Laptop & Accessory,5,Single,2.0,0,12.0,1.0,1.0,7.0,142.94,2
561,0,14.0,Mobile Phone,1,12.0,Credit Card,Male,2.0,3.0,Mobile Phone,5,Single,3.0,1,13.0,1.0,2.0,14.5,147.21,2
562,0,9.0,Mobile Phone,1,14.0,Credit Card,Male,3.0,3.0,Mobile Phone,3,Single,5.0,0,21.0,2.0,3.0,9.0,125.19,3
563,1,10.0,Mobile Phone,3,27.0,UPI,Male,2.0,4.0,Mobile Phone,4,Single,2.0,1,13.0,0.0,1.0,0.0,121.21000000000001,2
564,1,10.0,Mobile Phone,1,10.0,Cash on Delivery,Male,3.0,3.0,Mobile Phone,5,Single,2.0,0,19.0,1.0,1.0,0.0,129.73,2
565,0,4.0,Mobile Phone,1,18.0,Credit Card,Female,2.0,3.0,Laptop & Accessory,2,Divorced,1.0,1,11.0,0.0,6.0,5.0,158.55,2
566,0,13.0,Computer,1,15.0,Credit Card,Male,2.0,3.0,Mobile Phone,4,Married,9.0,1,14.0,0.0,1.0,0.0,136.17,2
567,0,5.0,Mobile Phone,1,9.0,Credit Card,Female,3.0,3.0,Laptop & Accessory,5,Divorced,2.0,0,12.0,3.5,6.0,3.0,167.25,0
568,1,10.0,Mobile Phone,3,9.0,Debit Card,Male,2.0,4.0,Fashion,2,Divorced,2.0,1,11.0,3.0,3.0,7.0,203.25,0
569,0,6.0,Mobile Phone,1,6.0,Debit Card,Female,2.0,4.0,Laptop & Accessory,2,Single,1.0,0,14.0,0.0,1.0,4.0,169.49,2
570,1,10.0,Mobile Phone,3,6.0,Debit Card,Male,2.0,4.0,Fashion,3,Divorced,6.0,0,11.0,1.0,6.0,7.0,206.08999999999997,0
571,0,18.0,Computer,1,10.0,Debit Card,Male,2.0,3.0,Laptop & Accessory,4,Divorced,2.0,0,12.0,1.0,1.0,8.0,144.47,2
572,0,10.0,Computer,3,26.0,Cash on Delivery,Female,2.0,3.0,Mobile Phone,2,Divorced,2.0,0,15.0,0.0,1.0,2.0,121.57,2
573,0,8.0,Mobile Phone,3,24.0,Credit Card,Female,2.0,3.0,Laptop & Accessory,3,Divorced,2.0,0,16.0,1.0,1.0,0.0,146.01,2
574,0,25.0,Mobile Phone,1,6.0,Debit Card,Male,3.0,3.0,Grocery,2,Divorced,3.0,0,15.0,1.0,6.0,8.0,270.99,1
575,1,20.0,Mobile Phone,1,14.0,Cash on Delivery,Male,2.0,3.0,Mobile Phone,3,Single,5.0,0,24.0,1.0,1.0,0.0,124.78999999999999,2
576,0,26.0,Mobile Phone,3,8.0,Credit Card,Male,2.0,3.0,Grocery,3,Married,7.0,0,13.0,2.0,2.0,2.0,248.51999999999998,1
577,0,3.0,Mobile Phone,3,14.0,UPI,Male,3.0,3.0,Fashion,3,Married,6.0,0,11.0,3.5,6.0,7.0,172.64,0
578,0,11.0,Computer,3,16.0,Cash on Delivery,Female,2.0,3.0,Laptop & Accessory,2,Single,2.0,1,13.0,0.0,1.0,3.0,156.66,2
579,0,8.0,Mobile Phone,3,9.0,Debit Card,Male,3.0,3.0,Fashion,2,Married,7.0,0,13.0,0.0,1.0,8.0,178.23,1
580,0,12.0,Mobile Phone,3,8.0,Debit Card,Male,2.0,1.5,Fashion,3,Single,1.0,0,18.0,1.0,1.0,7.0,178.8,2
581,1,3.0,Computer,3,30.0,Debit Card,Female,3.0,1.5,Grocery,4,Single,5.0,1,16.0,1.0,2.0,0.0,231.94,2
582,0,20.0,Computer,1,22.0,Credit Card,Male,3.0,1.5,Laptop & Accessory,3,Married,2.0,1,19.0,0.0,2.0,7.0,150.67,2
583,0,9.0,Computer,3,14.0,Cash on Delivery,Male,2.0,3.0,Laptop & Accessory,2,Married,5.0,0,13.0,1.0,1.0,7.0,150.79,2
584,1,10.0,Computer,1,14.0,Credit Card,Male,2.0,4.0,Mobile Phone,5,Single,1.0,1,22.0,1.0,1.0,2.0,123.21000000000001,2
585,0,6.0,Computer,3,23.0,Debit Card,Male,2.0,3.0,Grocery,3,Single,2.0,0,11.0,1.0,6.0,0.0,272.32625,0
586,1,10.0,Mobile Phone,1,14.0,Debit Card,Female,3.0,4.0,Mobile Phone,5,Single,7.0,1,20.0,1.0,1.0,0.0,124.03999999999999,3
587,0,6.0,Mobile Phone,1,19.0,Debit Card,Female,2.0,3.0,Mobile Phone,2,Single,4.0,0,18.0,1.0,1.0,2.0,134.52,2
588,0,10.0,Mobile Phone,1,6.0,Credit Card,Female,3.0,3.0,Mobile Phone,2,Married,4.0,0,14.0,0.0,1.0,2.0,122.69999999999999,2
589,0,23.0,Mobile Phone,1,6.0,Credit Card,Male,3.0,3.0,Grocery,2,Married,10.0,0,22.0,1.0,1.0,3.0,272.32625,1
590,0,6.0,Computer,1,6.0,UPI,Female,2.0,1.5,Laptop & Accessory,4,Divorced,2.0,1,13.0,0.0,1.0,2.0,154.88,2
591,0,14.0,Computer,1,15.0,Credit Card,Male,3.0,3.0,Others,3,Married,3.0,0,15.0,1.0,1.0,11.0,272.32625,1
592,0,10.0,Mobile Phone,1,22.0,Cash on Delivery,Female,3.0,3.0,Mobile Phone,4,Divorced,10.0,0,14.0,2.0,2.0,2.0,128.11,3
593,0,18.0,Computer,1,29.0,Debit Card,Male,2.0,3.0,Laptop & Accessory,5,Divorced,2.0,1,15.0,1.0,1.0,8.0,136.33,2
594,0,20.0,Mobile Phone,3,10.0,Debit Card,Female,2.0,3.0,Laptop & Accessory,2,Single,2.0,1,17.0,1.0,1.0,7.0,141.63,2
595,1,10.0,Mobile Phone,1,28.0,Debit Card,Female,2.0,3.0,Mobile Phone,3,Divorced,5.0,1,11.0,0.0,1.0,1.0,121.32,2
596,0,23.0,Mobile Phone,1,30.0,Debit Card,Male,3.0,3.0,Grocery,3,Divorced,4.0,1,18.0,0.0,2.0,5.0,239.73000000000002,1
597,0,11.0,Computer,1,16.0,Credit Card,Male,3.0,3.0,Mobile Phone,3,Divorced,1.0,0,17.0,0.0,1.0,2.0,126.84,2
598,0,19.0,Mobile Phone,1,13.0,Credit Card,Male,3.0,3.0,Fashion,3,Married,7.0,0,13.0,0.0,1.0,7.0,208.45,1
599,0,10.0,Mobile Phone,1,23.0,Credit Card,Female,2.0,4.0,Laptop & Accessory,3,Married,2.0,0,15.0,2.0,3.0,2.0,143.77,2
600,1,10.0,Mobile Phone,1,20.0,UPI,Male,2.0,4.0,Mobile Phone,4,Married,2.0,1,24.0,1.0,1.0,2.0,137.43,2
601,0,4.0,Computer,1,6.0,Debit Card,Female,3.0,3.0,Laptop & Accessory,5,Divorced,2.0,0,12.0,1.0,1.0,3.0,141.48,2
602,0,10.0,Computer,1,11.0,Debit Card,Male,3.0,3.0,Mobile Phone,2,Single,2.0,0,15.0,1.0,1.0,0.0,110.50999999999999,2
603,0,27.0,Mobile Phone,1,23.0,Cash on Delivery,Female,2.0,3.0,Fashion,3,Divorced,9.0,0,11.0,1.0,1.0,8.0,207.39,1
604,0,8.0,Mobile Phone,1,31.0,Credit Card,Female,2.0,3.0,Fashion,3,Married,2.0,1,11.0,2.0,6.0,1.0,203.88,0
605,0,3.0,Mobile Phone,1,14.0,Debit Card,Female,3.0,1.5,Fashion,5,Divorced,1.0,1,12.0,0.0,1.0,3.0,214.16000000000003,2
606,1,10.0,Mobile Phone,1,14.0,Credit Card,Female,3.0,4.0,Mobile Phone,5,Single,2.0,1,15.0,0.0,1.0,0.0,126.0,2
607,1,10.0,Computer,1,14.0,Credit Card,Female,2.0,3.0,Mobile Phone,4,Single,1.0,0,17.0,0.0,1.0,2.0,124.22,2
608,0,10.0,Mobile Phone,1,8.0,Credit Card,Male,2.0,1.5,Laptop & Accessory,2,Divorced,2.0,0,12.0,1.0,1.0,3.0,154.72,2
609,0,10.0,Mobile Phone,1,14.0,Debit Card,Male,3.0,5.0,Mobile Phone,5,Divorced,2.0,0,15.0,1.0,1.0,1.0,124.50999999999999,3
610,0,21.0,Mobile Phone,1,12.0,Debit Card,Male,3.0,4.0,Laptop & Accessory,3,Single,3.0,0,13.0,0.0,2.0,2.0,142.4,2
611,0,21.0,Mobile Phone,1,10.0,Debit Card,Male,3.0,4.0,Fashion,3,Single,8.0,0,14.0,1.0,4.0,3.0,209.99,1
612,0,14.0,Mobile Phone,1,13.0,Credit Card,Female,2.0,3.0,Laptop & Accessory,3,Single,7.0,0,14.0,1.0,2.0,1.0,150.03,2
613,0,12.0,Mobile Phone,1,6.0,Debit Card,Female,3.0,4.0,Grocery,2,Divorced,2.0,0,16.0,0.0,6.0,3.0,227.42000000000002,1
614,0,10.0,Mobile Phone,1,8.0,Debit Card,Female,2.0,3.0,Laptop & Accessory,2,Divorced,1.0,0,18.0,0.0,2.0,2.0,142.27,2
615,0,8.0,Mobile Phone,1,16.0,UPI,Male,2.0,3.0,Mobile Phone,2,Married,2.0,0,20.0,1.0,1.0,2.0,139.17,2
616,0,15.0,Mobile Phone,3,11.0,E wallet,Male,2.0,3.0,Others,3,Divorced,7.0,0,13.0,1.0,1.0,0.0,272.32625,1
617,0,23.0,Mobile Phone,1,14.0,Debit Card,Male,3.0,3.0,Mobile Phone,2,Divorced,5.0,0,18.0,1.0,1.0,0.0,123.80000000000001,2
618,0,30.0,Mobile Phone,1,8.0,Debit Card,Female,3.0,4.0,Grocery,2,Single,4.0,1,13.0,0.0,2.0,3.0,237.26,1
619,1,10.0,Mobile Phone,1,17.0,Credit Card,Female,3.0,5.0,Laptop & Accessory,4,Divorced,6.0,0,15.0,1.0,1.0,0.0,147.77,3
620,0,28.0,Computer,1,24.0,Credit Card,Male,3.0,3.0,Laptop & Accessory,4,Divorced,4.0,1,14.0,3.5,6.0,7.0,163.85,0
621,0,14.0,Computer,1,13.0,Debit Card,Female,2.0,5.0,Others,3,Married,2.0,0,15.0,1.0,5.0,10.0,272.32625,0
622,0,11.0,Mobile Phone,3,9.0,Debit Card,Male,2.0,3.0,Laptop & Accessory,2,Single,9.0,1,12.0,1.0,1.0,0.0,168.61,2
623,1,10.0,Computer,3,35.0,Credit Card,Male,3.0,5.0,Laptop & Accessory,5,Single,9.0,0,18.0,0.0,2.0,2.0,149.69,3
624,1,15.0,Mobile Phone,3,8.0,E wallet,Female,2.0,5.0,Others,2,Divorced,2.0,0,15.0,3.5,6.0,9.0,272.32625,0
625,0,17.0,Mobile Phone,3,34.0,Credit Card,Female,2.0,1.5,Grocery,2,Divorced,4.0,1,18.0,1.0,2.0,11.0,233.2,1
626,0,23.0,Computer,3,6.0,Debit Card,Female,3.0,3.0,Laptop & Accessory,3,Divorced,1.0,0,12.0,1.0,1.0,13.0,163.47,1
627,1,10.0,Mobile Phone,1,22.0,Debit Card,Female,3.0,1.5,Mobile Phone,5,Single,2.0,0,16.0,3.5,6.0,14.0,127.43,0
628,0,12.0,Computer,1,28.0,Credit Card,Female,2.0,3.0,Fashion,5,Single,2.0,1,13.0,1.0,2.0,8.0,208.8,1
629,0,6.0,Computer,3,14.0,Debit Card,Female,2.0,4.0,Mobile Phone,2,Single,1.0,0,19.0,2.0,2.0,2.0,123.41999999999999,2
630,0,18.0,Mobile Phone,3,17.0,Debit Card,Female,2.0,3.0,Grocery,2,Divorced,4.0,0,13.0,1.0,1.0,1.0,272.32625,1
631,0,5.0,Computer,1,35.0,Credit Card,Female,3.0,3.0,Mobile Phone,3,Single,10.0,0,12.0,3.5,6.0,7.0,140.25,0
632,0,7.0,Mobile Phone,3,6.0,E wallet,Male,3.0,1.5,Laptop & Accessory,2,Married,1.0,0,11.0,1.0,1.0,9.0,197.25,2
633,0,30.0,Mobile Phone,3,6.0,Cash on Delivery,Male,3.0,3.0,Fashion,2,Divorced,4.0,1,14.0,0.0,1.0,3.0,219.04000000000002,1
634,0,10.0,Mobile Phone,2,30.0,Credit Card,Male,2.0,3.0,Mobile Phone,4,Single,2.0,0,16.0,0.0,1.0,4.0,121.77000000000001,2
635,0,26.0,Computer,3,8.0,E wallet,Female,2.0,4.0,Fashion,4,Divorced,3.0,0,12.0,0.0,6.0,12.0,175.25,1
636,1,10.0,Mobile Phone,1,21.0,UPI,Male,2.0,3.0,Laptop & Accessory,3,Married,8.0,0,14.0,0.0,1.0,0.0,148.34,2
637,1,10.0,Computer,1,8.0,Debit Card,Male,2.0,3.0,Mobile Phone,5,Divorced,7.0,1,14.0,1.0,1.0,2.0,120.41999999999999,2
638,0,10.0,Mobile Phone,3,16.0,Debit Card,Female,2.0,3.0,Mobile Phone,3,Divorced,2.0,1,19.0,0.0,1.0,0.0,122.19999999999999,2
639,0,1.0,Mobile Phone,3,16.0,Credit Card,Male,3.0,3.0,Mobile Phone,4,Divorced,2.0,0,22.0,1.0,1.0,0.0,110.52000000000001,2
640,0,11.0,Computer,1,9.0,UPI,Male,3.0,3.0,Mobile Phone,3,Divorced,4.0,0,16.0,2.0,2.0,2.0,128.21,2
641,0,23.0,Mobile Phone,1,8.0,Credit Card,Male,3.0,3.0,Others,3,Divorced,3.0,1,15.0,3.5,6.0,7.0,272.32625,0
642,0,10.0,Mobile Phone,1,9.0,UPI,Female,2.0,3.0,Laptop & Accessory,4,Single,4.0,0,15.0,1.0,1.0,1.0,141.07,2
643,0,13.0,Mobile Phone,3,32.0,E wallet,Male,3.0,3.0,Laptop & Accessory,5,Divorced,2.0,0,14.0,3.5,6.0,5.0,183.96,0
644,0,10.0,Computer,1,6.0,Credit Card,Female,3.0,4.0,Mobile Phone,3,Married,2.0,0,13.0,1.0,1.0,3.0,120.07,2
645,0,19.0,Mobile Phone,1,6.0,Credit Card,Male,2.0,3.0,Others,2,Married,10.0,0,15.0,1.0,2.0,2.0,272.32625,1
646,0,27.0,Mobile Phone,3,8.0,Debit Card,Female,2.0,4.0,Fashion,3,Divorced,7.0,0,11.0,3.5,6.0,0.0,206.86,1
647,0,29.0,Computer,1,15.0,Credit Card,Female,3.0,3.0,Mobile Phone,3,Divorced,3.0,0,19.0,0.0,1.0,3.0,129.42,2
648,0,9.0,Mobile Phone,1,18.0,Credit Card,Female,2.0,4.0,Fashion,2,Single,1.0,0,11.0,3.5,6.0,8.0,188.58,0
649,0,28.0,Computer,1,8.0,Credit Card,Male,2.0,4.0,Grocery,5,Single,8.0,0,15.0,1.0,6.0,2.0,267.56,1
650,0,16.0,Mobile Phone,3,31.0,Credit Card,Male,3.0,4.0,Fashion,2,Married,6.0,0,13.0,1.0,2.0,0.0,234.0,1
651,1,10.0,Computer,3,14.0,E wallet,Female,2.0,3.0,Mobile Phone,2,Single,2.0,1,14.0,0.0,1.0,2.0,123.22999999999999,2
652,1,10.0,Mobile Phone,1,16.0,Debit Card,Female,2.0,4.0,Mobile Phone,5,Single,2.0,0,13.0,1.0,1.0,0.0,114.16,2
653,0,19.0,Mobile Phone,1,14.0,Debit Card,Female,3.0,4.0,Laptop & Accessory,5,Married,9.0,1,23.0,1.0,1.0,7.0,146.15,1
654,1,14.0,Mobile Phone,1,14.0,Debit Card,Male,2.0,3.0,Mobile Phone,3,Divorced,10.0,1,12.0,1.0,2.0,7.0,124.61000000000001,2
655,1,10.0,Computer,1,30.0,Cash on Delivery,Male,3.0,4.0,Fashion,5,Single,2.0,0,12.0,0.0,1.0,9.0,187.22,1
656,0,10.0,Mobile Phone,1,6.0,Credit Card,Male,2.0,4.0,Mobile Phone,5,Divorced,2.0,0,16.0,0.0,1.0,3.0,139.55,2
657,0,3.0,Mobile Phone,1,26.0,UPI,Male,2.0,3.0,Laptop & Accessory,5,Divorced,1.0,0,15.0,1.0,1.0,2.0,199.57,2
658,0,14.0,Mobile Phone,1,13.0,Cash on Delivery,Female,2.0,1.5,Mobile Phone,3,Divorced,2.0,0,13.0,1.0,1.0,8.0,133.76,2
659,0,11.0,Mobile Phone,1,23.0,Debit Card,Female,3.0,4.0,Fashion,3,Divorced,1.0,0,18.0,0.0,1.0,9.0,188.23,1
660,0,13.0,Mobile Phone,1,26.0,Cash on Delivery,Male,3.0,3.0,Fashion,2,Divorced,5.0,0,20.0,3.5,6.0,1.0,203.22,0
661,0,10.0,Computer,1,14.0,Debit Card,Male,2.0,5.0,Mobile Phone,3,Divorced,2.0,0,19.0,1.0,1.0,2.0,146.21,2
662,0,28.0,Computer,1,8.0,Debit Card,Male,3.0,3.0,Fashion,4,Divorced,4.0,0,18.0,1.0,1.0,3.0,209.76,1
663,0,1.0,Mobile Phone,1,16.0,UPI,Female,2.0,3.0,Laptop & Accessory,3,Single,4.0,0,13.0,1.0,1.0,7.0,136.6,2
664,1,7.0,Mobile Phone,2,6.0,Credit Card,Male,3.0,4.0,Fashion,5,Divorced,10.0,0,14.0,2.0,3.0,6.0,204.82,1
665,0,6.0,Mobile Phone,1,11.0,Debit Card,Male,2.0,4.0,Fashion,2,Married,5.0,0,15.0,0.0,1.0,2.0,171.19,2
666,1,10.0,Mobile Phone,3,10.0,Cash on Delivery,Male,2.0,3.0,Fashion,5,Single,1.0,1,22.0,3.0,4.0,7.0,195.82,0
667,1,10.0,Computer,1,35.0,Credit Card,Female,2.0,4.0,Laptop & Accessory,3,Single,2.0,0,22.0,3.0,3.0,8.0,145.08,0
668,0,10.0,Mobile Phone,1,21.0,Debit Card,Male,2.0,3.0,Mobile Phone,3,Married,2.0,0,16.0,2.0,2.0,2.0,122.07,2
669,0,7.0,Computer,1,9.0,Debit Card,Male,2.0,3.0,Laptop & Accessory,2,Single,1.0,0,17.0,1.0,1.0,4.0,177.56,2
670,0,10.0,Mobile Phone,3,16.0,Debit Card,Female,2.0,4.0,Laptop & Accessory,2,Married,3.0,1,14.0,0.0,1.0,0.0,166.94,2
671,1,10.0,Mobile Phone,1,10.0,Cash on Delivery,Male,2.0,3.0,Mobile Phone,2,Divorced,2.0,1,15.0,3.5,5.0,6.0,136.91,0
672,1,10.0,Mobile Phone,1,14.0,Credit Card,Male,2.0,3.0,Mobile Phone,3,Married,2.0,0,20.0,1.0,1.0,0.0,123.77000000000001,2
673,1,10.0,Mobile Phone,1,31.0,Credit Card,Male,2.0,4.0,Mobile Phone,4,Single,5.0,1,20.0,0.0,2.0,2.0,123.13,2
674,0,15.0,Mobile Phone,1,8.0,Credit Card,Male,2.0,3.0,Grocery,5,Divorced,1.0,0,17.0,1.0,6.0,7.0,272.32625,0
675,1,10.0,Computer,1,14.0,Credit Card,Male,2.0,4.0,Mobile Phone,4,Married,2.0,0,15.0,0.0,1.0,0.0,125.96000000000001,2
676,1,13.0,Computer,3,6.0,UPI,Male,2.0,3.0,Laptop & Accessory,3,Single,4.0,1,14.0,0.0,1.0,0.0,147.28,2
677,0,6.0,Computer,3,13.0,Debit Card,Female,1.0,3.0,Laptop & Accessory,4,Divorced,1.0,0,17.0,1.0,1.0,2.0,143.02,2
678,0,7.0,Computer,1,9.0,Debit Card,Male,3.0,4.0,Mobile Phone,2,Divorced,4.0,0,17.0,1.0,1.0,0.0,129.79,2
679,0,21.0,Computer,1,6.0,Credit Card,Male,2.0,1.5,Grocery,2,Single,3.0,0,22.0,1.0,2.0,1.0,268.85,1
680,0,18.0,Computer,3,15.0,Debit Card,Female,3.0,4.0,Laptop & Accessory,3,Divorced,2.0,0,13.0,0.0,4.0,12.0,155.93,0
681,0,25.0,Mobile Phone,1,13.0,Debit Card,Male,2.0,3.0,Fashion,4,Single,8.0,0,19.0,3.0,4.0,0.0,204.45,1
682,0,11.0,Mobile Phone,3,16.0,E wallet,Male,3.0,4.0,Fashion,3,Married,1.0,1,14.0,2.0,2.0,7.0,187.4,1
683,0,2.0,Mobile Phone,1,14.0,Debit Card,Female,3.0,3.0,Mobile Phone,2,Married,5.0,0,22.0,0.0,1.0,7.0,125.13999999999999,2
684,0,1.0,Mobile Phone,1,9.0,Credit Card,Female,3.0,3.0,Fashion,4,Married,1.0,0,17.0,0.0,1.0,7.0,176.55,2
685,0,19.0,Mobile Phone,3,9.0,E wallet,Male,2.0,3.0,Grocery,3,Divorced,4.0,0,12.0,1.0,4.0,9.0,272.32625,1
686,0,11.0,Mobile Phone,3,8.0,E wallet,Male,2.0,3.0,Fashion,4,Single,8.0,0,16.0,1.0,1.0,0.0,173.51,2
687,0,16.0,Computer,1,33.0,Debit Card,Female,2.0,3.0,Fashion,5,Divorced,9.0,0,11.0,0.0,1.0,1.0,208.2,1
688,1,2.0,Computer,1,8.0,Debit Card,Male,2.0,3.0,Grocery,2,Married,8.0,0,11.0,3.5,6.0,3.0,221.69,0
689,0,13.0,Mobile Phone,1,20.0,Credit Card,Male,2.0,4.0,Others,3,Single,2.0,0,15.0,3.5,4.0,9.0,272.32625,0
690,0,10.0,Mobile Phone,1,6.0,Cash on Delivery,Female,3.0,4.0,Mobile Phone,4,Single,2.0,1,11.0,0.0,2.0,2.0,120.69999999999999,2
691,0,12.0,Computer,1,15.0,Debit Card,Male,3.0,3.0,Laptop & Accessory,4,Single,12.0,0,15.0,1.0,1.0,3.0,167.82,2
692,0,9.0,Computer,1,24.0,Debit Card,Male,3.0,3.0,Laptop & Accessory,2,Single,3.0,0,20.0,1.0,1.0,9.0,177.79,2
693,0,4.0,Computer,3,26.0,Debit Card,Male,3.0,1.5,Mobile Phone,2,Divorced,1.0,0,12.0,1.0,2.0,2.0,127.91,2
694,0,1.0,Mobile Phone,1,8.0,Debit Card,Male,3.0,4.0,Mobile Phone,4,Divorced,1.0,0,17.0,0.0,1.0,4.0,132.01,2
695,0,8.0,Computer,3,17.0,E wallet,Male,2.0,3.0,Laptop & Accessory,2,Married,2.0,0,11.0,0.0,1.0,2.0,149.68,2
696,0,22.0,Mobile Phone,3,14.0,Cash on Delivery,Male,2.0,4.0,Grocery,4,Divorced,7.0,0,17.0,1.0,2.0,3.0,231.2,1
697,0,7.0,Computer,1,8.0,Debit Card,Male,3.0,3.0,Laptop & Accessory,3,Single,3.0,0,11.0,1.0,1.0,2.0,140.33,2
698,0,2.0,Computer,1,16.0,Debit Card,Female,3.0,3.0,Mobile Phone,4,Married,1.0,0,14.0,1.0,1.0,1.0,132.91,2
699,0,15.0,Mobile Phone,1,35.0,Credit Card,Male,2.0,5.0,Laptop & Accessory,2,Single,5.0,0,19.0,1.0,1.0,0.0,142.72,2
700,0,2.0,Mobile Phone,1,14.0,Credit Card,Male,3.0,4.0,Laptop & Accessory,2,Divorced,2.0,1,13.0,0.0,1.0,2.0,150.56,2
701,0,11.0,Mobile Phone,2,6.0,UPI,Male,3.0,1.5,Mobile Phone,3,Divorced,2.0,0,13.0,1.0,5.0,0.0,128.44,2
702,0,4.0,Computer,1,12.0,Debit Card,Male,3.0,4.0,Mobile Phone,3,Married,2.0,1,14.0,1.0,1.0,2.0,127.03,2
703,1,10.0,Computer,1,14.0,Credit Card,Male,3.0,3.0,Mobile Phone,3,Single,2.0,0,12.0,0.0,1.0,0.0,119.03999999999999,2
704,1,10.0,Mobile Phone,3,15.0,E wallet,Female,3.0,3.0,Laptop & Accessory,5,Single,1.0,1,17.0,0.0,1.0,3.0,182.24,2
705,0,14.0,Mobile Phone,1,18.0,Debit Card,Male,2.0,3.0,Mobile Phone,2,Divorced,4.0,1,11.0,1.0,1.0,0.0,147.66,2
706,1,10.0,Computer,1,14.0,Credit Card,Male,3.0,3.0,Mobile Phone,3,Divorced,2.0,0,12.0,2.0,2.0,2.0,126.1,2
707,0,10.0,Mobile Phone,1,31.0,Credit Card,Female,2.0,4.0,Laptop & Accessory,2,Married,8.0,0,13.0,0.0,1.0,3.0,157.31,2
708,0,10.0,Mobile Phone,1,14.0,Debit Card,Male,2.0,4.0,Mobile Phone,3,Divorced,2.0,0,13.0,2.0,2.0,2.0,125.38999999999999,2
709,0,7.0,Mobile Phone,3,15.0,Debit Card,Female,3.0,3.0,Laptop & Accessory,3,Divorced,2.0,0,20.0,1.0,1.0,3.0,157.14,2
710,0,8.0,Mobile Phone,2,14.0,Cash on Delivery,Male,3.0,3.0,Mobile Phone,3,Single,2.0,0,17.0,0.0,1.0,4.0,143.23,2
711,1,10.0,Mobile Phone,3,29.0,Debit Card,Female,2.0,4.0,Fashion,5,Divorced,2.0,0,13.0,0.0,3.0,10.0,173.36,1
712,0,13.0,Computer,1,15.0,Credit Card,Female,2.0,3.0,Fashion,3,Single,10.0,0,17.0,0.0,2.0,13.0,234.99,1
713,1,5.0,Computer,3,18.0,Debit Card,Male,2.0,3.0,Grocery,5,Single,1.0,1,12.0,3.5,2.0,14.0,237.57999999999998,0
714,0,15.0,Mobile Phone,3,10.0,E wallet,Male,2.0,3.0,Laptop & Accessory,5,Single,8.0,0,13.0,1.0,1.0,5.0,151.55,2
715,0,10.0,Mobile Phone,1,6.0,Credit Card,Male,2.0,4.0,Mobile Phone,3,Divorced,7.0,0,12.0,1.0,1.0,7.0,122.58000000000001,2
716,0,10.0,Mobile Phone,1,30.0,Credit Card,Male,2.0,3.0,Mobile Phone,4,Single,9.0,0,22.0,1.0,1.0,2.0,135.97,2
717,1,10.0,Mobile Phone,1,14.0,Debit Card,Female,3.0,3.0,Mobile Phone,2,Divorced,2.0,1,11.0,1.0,1.0,0.0,125.15,2
718,0,10.0,Mobile Phone,1,9.0,Credit Card,Male,2.0,1.5,Mobile Phone,2,Divorced,2.0,0,22.0,1.0,1.0,7.0,144.2,2
719,0,3.0,Mobile Phone,3,16.0,E wallet,Male,3.0,4.0,Laptop & Accessory,3,Divorced,2.0,0,18.0,1.0,1.0,4.0,165.78,3
720,0,13.0,Computer,1,32.0,Credit Card,Female,3.0,4.0,Laptop & Accessory,2,Divorced,4.0,1,13.0,1.0,1.0,0.0,144.22,2
721,0,8.0,Mobile Phone,1,8.0,Debit Card,Male,2.0,4.0,Fashion,4,Married,3.0,0,18.0,3.5,6.0,4.0,202.74,0
722,0,7.0,Computer,1,6.0,Credit Card,Male,3.0,4.0,Laptop & Accessory,5,Single,1.0,0,20.0,1.0,4.0,9.0,153.43,3
723,0,8.0,Computer,1,14.0,UPI,Male,2.0,4.0,Mobile Phone,2,Divorced,2.0,0,13.0,2.0,2.0,2.0,123.75999999999999,2
724,1,6.0,Mobile Phone,3,15.0,E wallet,Female,2.0,5.0,Laptop & Accessory,3,Single,9.0,0,13.0,1.0,1.0,3.0,153.46,3
725,0,5.0,Computer,3,8.0,Debit Card,Female,3.0,3.0,Mobile Phone,5,Married,2.0,0,12.0,0.0,1.0,0.0,128.27,2
726,0,29.0,Mobile Phone,1,10.0,Cash on Delivery,Female,3.0,3.0,Others,5,Married,5.0,0,15.0,0.0,4.0,2.0,272.32625,1
727,0,2.0,Mobile Phone,1,12.0,Credit Card,Female,3.0,3.0,Mobile Phone,2,Divorced,2.0,0,13.0,0.0,1.0,8.0,131.31,2
728,0,10.0,Mobile Phone,1,14.0,Debit Card,Male,2.0,3.0,Mobile Phone,5,Single,2.0,0,25.0,0.0,1.0,0.0,125.52000000000001,2
729,0,18.0,Mobile Phone,1,13.0,Credit Card,Female,2.0,3.0,Mobile Phone,3,Divorced,5.0,1,19.0,1.0,1.0,2.0,144.77,2
730,0,10.0,Mobile Phone,1,6.0,Debit Card,Female,2.0,4.0,Laptop & Accessory,2,Divorced,2.0,0,13.0,3.0,3.0,11.0,164.74,0
731,0,10.0,Mobile Phone,1,9.0,Debit Card,Male,3.0,4.0,Mobile Phone,3,Single,2.0,0,12.0,0.0,1.0,2.0,130.33,2
732,1,7.0,Mobile Phone,1,16.0,Debit Card,Male,3.0,3.0,Mobile Phone,3,Single,2.0,1,11.0,1.0,1.0,2.0,129.36,2
733,0,26.0,Mobile Phone,1,13.0,Credit Card,Female,2.0,3.0,Others,3,Married,4.0,0,18.0,1.0,4.0,7.0,272.32625,1
734,0,10.0,Mobile Phone,1,21.0,Debit Card,Female,3.0,5.0,Mobile Phone,2,Divorced,1.0,1,18.0,1.0,1.0,3.0,121.68,3
735,1,10.0,Computer,1,9.0,Debit Card,Male,3.0,4.0,Mobile Phone,2,Divorced,1.0,1,11.0,0.0,1.0,0.0,128.53,2
736,0,19.0,Mobile Phone,3,8.0,E wallet,Female,3.0,3.0,Grocery,5,Divorced,9.0,0,23.0,1.0,6.0,9.0,270.48,1
737,0,10.0,Computer,1,23.0,Debit Card,Male,3.0,5.0,Mobile Phone,3,Single,3.0,0,13.0,1.0,1.0,0.0,122.9,3
738,0,6.0,Mobile Phone,2,8.0,UPI,Male,2.0,3.0,Mobile Phone,3,Divorced,2.0,0,13.0,0.0,1.0,4.0,136.0,2
739,1,10.0,Computer,1,11.0,Debit Card,Male,3.0,4.0,Mobile Phone,5,Married,7.0,0,17.0,1.0,1.0,0.0,121.07,3
740,0,3.0,Mobile Phone,3,35.0,Debit Card,Male,3.0,3.0,Laptop & Accessory,5,Married,9.0,0,19.0,1.0,1.0,3.0,141.15,3
741,0,13.0,Computer,3,8.0,Credit Card,Male,3.0,3.0,Laptop & Accessory,4,Divorced,6.0,0,12.0,1.0,1.0,0.0,143.27,2
742,0,23.0,Computer,1,8.0,Credit Card,Female,1.0,3.0,Grocery,5,Divorced,3.0,0,22.0,1.0,2.0,2.0,272.32625,1
743,0,1.0,Mobile Phone,1,25.0,Credit Card,Male,3.0,4.0,Mobile Phone,5,Divorced,2.0,0,12.0,1.0,3.0,3.0,131.96,3
744,0,19.0,Mobile Phone,1,21.0,Debit Card,Male,2.0,3.0,Others,4,Divorced,6.0,0,11.0,1.0,1.0,3.0,272.32625,1
745,0,8.0,Mobile Phone,3,23.0,Debit Card,Male,3.0,3.0,Laptop & Accessory,5,Divorced,4.0,1,15.0,1.0,1.0,7.0,189.66,2
746,1,10.0,Mobile Phone,1,23.0,Debit Card,Female,3.0,3.0,Mobile Phone,4,Divorced,2.0,0,13.0,0.0,1.0,0.0,122.1,2
747,0,6.0,Computer,3,31.0,Credit Card,Female,2.0,3.0,Laptop & Accessory,3,Divorced,2.0,0,12.0,0.0,1.0,1.0,145.39,2
748,0,9.0,Mobile Phone,1,12.0,Debit Card,Male,3.0,5.0,Mobile Phone,3,Married,2.0,0,14.0,0.0,1.0,7.0,127.41,3
749,0,3.0,Mobile Phone,1,13.0,Debit Card,Male,2.0,3.0,Laptop & Accessory,3,Married,2.0,0,13.0,3.5,6.0,9.0,134.91,0
750,0,17.0,Mobile Phone,1,35.0,UPI,Male,2.0,3.0,Laptop & Accessory,2,Single,2.0,0,25.0,1.0,1.0,14.5,145.41,2
751,0,10.0,Mobile Phone,3,27.0,E wallet,Male,3.0,1.5,Mobile Phone,2,Single,2.0,0,17.0,0.0,2.0,2.0,126.78,2
752,0,19.0,Mobile Phone,1,8.0,Cash on Delivery,Male,2.0,3.0,Laptop & Accessory,2,Married,3.0,0,11.0,1.0,1.0,4.0,173.79,2
753,0,15.0,Computer,2,8.0,Credit Card,Male,3.0,1.5,Laptop & Accessory,5,Divorced,8.0,0,16.0,0.0,1.0,3.0,162.72,2
754,0,30.0,Mobile Phone,3,13.0,E wallet,Male,2.0,1.5,Laptop & Accessory,2,Married,1.0,1,18.0,0.0,1.0,9.0,152.2,2
755,0,5.0,Computer,1,19.0,UPI,Female,3.0,4.0,Mobile Phone,4,Divorced,2.0,0,20.0,0.0,2.0,2.0,127.43,2
756,0,5.0,Computer,1,8.0,Debit Card,Female,2.0,3.0,Laptop & Accessory,3,Single,5.0,1,14.0,1.0,1.0,7.0,149.98,2
757,0,9.0,Mobile Phone,1,6.0,Cash on Delivery,Female,3.0,5.0,Fashion,5,Married,3.0,1,21.0,3.5,6.0,7.0,202.52,0
758,0,6.0,Mobile Phone,1,15.0,Credit Card,Male,3.0,3.0,Mobile Phone,2,Divorced,1.0,0,13.0,1.0,4.0,10.0,127.81,2
759,0,13.0,Mobile Phone,3,16.0,Cash on Delivery,Female,2.0,4.0,Laptop & Accessory,4,Married,8.0,0,12.0,1.0,1.0,3.0,168.52,2
760,0,10.0,Mobile Phone,3,16.0,Debit Card,Male,2.0,3.0,Laptop & Accessory,2,Single,1.0,0,14.0,0.0,1.0,1.0,149.5,2
761,0,3.0,Mobile Phone,1,6.0,Credit Card,Male,3.0,3.0,Mobile Phone,4,Divorced,1.0,1,21.0,1.0,5.0,7.0,135.79,0
762,0,15.0,Computer,1,32.0,Credit Card,Female,2.0,3.0,Fashion,5,Divorced,4.0,1,17.0,0.0,2.0,0.0,231.91000000000003,1
763,0,8.0,Computer,3,14.0,E wallet,Female,3.0,4.0,Fashion,2,Divorced,5.0,1,11.0,2.0,4.0,12.0,203.77,0
764,0,10.0,Mobile Phone,1,20.0,Debit Card,Male,2.0,3.0,Mobile Phone,5,Divorced,2.0,1,14.0,2.0,6.0,8.0,122.35,0
765,0,27.0,Computer,1,6.0,Debit Card,Female,2.0,3.0,Fashion,3,Married,8.0,0,17.0,1.0,1.0,4.0,205.02,1
766,0,10.0,Mobile Phone,1,8.0,Debit Card,Female,3.0,1.5,Mobile Phone,2,Divorced,2.0,0,13.0,3.5,6.0,7.0,120.11000000000001,0
767,1,10.0,Computer,1,16.0,Credit Card,Female,3.0,4.0,Mobile Phone,4,Single,2.0,1,25.0,1.0,1.0,0.0,118.59,3
768,0,2.0,Mobile Phone,1,6.0,Debit Card,Female,3.0,3.0,Mobile Phone,2,Married,2.0,0,15.0,0.0,1.0,2.0,137.6,2
769,0,27.0,Mobile Phone,1,9.0,Debit Card,Male,2.0,3.0,Grocery,2,Divorced,4.0,0,14.0,1.0,1.0,9.0,272.32625,1
770,0,4.0,Mobile Phone,1,17.0,Credit Card,Male,3.0,3.0,Laptop & Accessory,5,Divorced,2.0,1,12.0,0.0,1.0,1.0,168.33,2
771,0,4.0,Mobile Phone,1,30.0,Credit Card,Female,3.0,4.0,Laptop & Accessory,5,Single,2.0,0,19.0,0.0,1.0,8.0,168.12,3
772,0,30.0,Mobile Phone,3,9.0,Debit Card,Female,2.0,4.0,Laptop & Accessory,2,Single,6.0,0,17.0,0.0,1.0,5.0,151.71,1
773,0,16.0,Mobile Phone,1,9.0,Debit Card,Male,3.0,5.0,Others,2,Divorced,4.0,0,15.0,1.0,1.0,7.0,272.32625,1
774,0,22.0,Mobile Phone,1,10.0,Credit Card,Male,2.0,4.0,Others,3,Divorced,3.0,0,13.0,1.0,1.0,0.0,272.32625,1
775,0,9.0,Computer,1,9.0,Cash on Delivery,Male,2.0,3.0,Mobile Phone,4,Divorced,2.0,0,12.0,1.0,1.0,7.0,136.92,2
776,0,21.0,Mobile Phone,1,14.0,Cash on Delivery,Male,3.0,1.5,Mobile Phone,4,Single,6.0,0,11.0,0.0,1.0,0.0,125.59,2
777,0,10.0,Mobile Phone,1,14.0,Debit Card,Male,3.0,3.0,Mobile Phone,3,Married,2.0,0,11.0,1.0,1.0,3.0,125.16999999999999,2
778,0,2.0,Mobile Phone,1,13.0,Debit Card,Male,2.0,3.0,Laptop & Accessory,2,Married,2.0,1,11.0,0.0,1.0,0.0,166.23,2
779,0,21.0,Mobile Phone,1,6.0,Debit Card,Male,3.0,4.0,Others,2,Single,7.0,0,12.0,1.0,1.0,0.0,272.32625,1
780,0,2.0,Mobile Phone,1,6.0,Debit Card,Female,2.0,4.0,Grocery,2,Married,4.0,0,14.0,1.0,1.0,7.0,261.24,1
781,0,7.0,Mobile Phone,1,14.0,Cash on Delivery,Female,2.0,1.5,Mobile Phone,3,Divorced,1.0,0,17.0,1.0,1.0,0.0,125.85,2
782,0,17.0,Mobile Phone,3,11.0,E wallet,Male,2.0,3.0,Others,4,Divorced,8.0,0,11.0,1.0,3.0,10.0,272.32625,1
783,0,6.0,Mobile Phone,3,16.0,E wallet,Male,2.0,1.5,Fashion,3,Married,1.0,1,14.0,1.0,1.0,8.0,183.8,2
784,0,10.0,Mobile Phone,1,31.0,Debit Card,Female,3.0,1.5,Mobile Phone,2,Single,2.0,1,12.0,1.0,1.0,1.0,129.94,2
785,0,10.0,Mobile Phone,1,6.0,Debit Card,Male,2.0,3.0,Mobile Phone,3,Divorced,2.0,0,22.0,0.0,1.0,1.0,112.22999999999999,2
786,1,10.0,Computer,3,30.0,Debit Card,Male,3.0,5.0,Mobile Phone,2,Single,2.0,1,14.0,1.0,1.0,0.0,111.18,3
787,0,10.0,Mobile Phone,1,10.0,Debit Card,Male,3.0,3.0,Mobile Phone,2,Single,2.0,1,20.0,0.0,2.0,2.0,128.75,2
788,1,8.0,Mobile Phone,3,8.0,E wallet,Female,3.0,5.0,Others,4,Single,3.0,1,16.0,1.0,1.0,11.0,272.32625,3
789,0,28.0,Computer,1,14.0,Credit Card,Male,2.0,4.0,Grocery,4,Married,2.0,1,15.0,3.0,2.0,0.0,235.76999999999998,1
790,1,10.0,Computer,1,14.0,Debit Card,Female,2.0,4.0,Mobile Phone,3,Single,2.0,0,20.0,2.0,2.0,2.0,126.25,2
791,0,19.0,Mobile Phone,3,10.0,E wallet,Female,2.0,4.0,Others,4,Divorced,3.0,0,14.0,1.0,1.0,8.0,272.32625,1
792,0,7.0,Mobile Phone,3,8.0,E wallet,Female,2.0,3.0,Laptop & Accessory,5,Single,1.0,1,12.0,1.0,1.0,2.0,145.38,2
793,0,24.0,Computer,3,15.0,Debit Card,Male,2.0,3.0,Others,4,Married,5.0,1,15.0,2.0,6.0,10.0,272.32625,0
794,0,30.0,Mobile Phone,1,24.0,Credit Card,Male,3.0,3.0,Fashion,2,Single,7.0,0,12.0,1.0,5.0,4.0,205.12,1
795,0,7.0,Computer,1,25.0,Credit Card,Female,2.0,3.0,Laptop & Accessory,4,Married,5.0,0,13.0,3.0,5.0,10.0,144.44,0
796,0,10.0,Computer,1,6.0,Credit Card,Male,2.0,3.0,Mobile Phone,3,Single,1.0,1,11.0,0.0,1.0,2.0,121.53999999999999,2
797,0,17.0,Mobile Phone,1,10.0,Debit Card,Male,3.0,1.5,Others,5,Married,2.0,0,14.0,1.0,6.0,13.0,272.32625,0
798,0,7.0,Computer,2,17.0,Debit Card,Male,2.0,4.0,Laptop & Accessory,4,Divorced,5.0,0,11.0,0.0,1.0,8.0,144.9,2
799,0,8.0,Mobile Phone,1,12.0,Debit Card,Male,3.0,3.0,Mobile Phone,3,Divorced,1.0,1,14.0,1.0,2.0,2.0,135.06,2
800,0,15.0,Mobile Phone,1,14.0,Credit Card,Female,3.0,1.5,Laptop & Accessory,4,Divorced,7.0,1,16.0,0.0,1.0,0.0,123.72,2
801,0,16.0,Mobile Phone,3,10.0,E wallet,Female,2.0,4.0,Fashion,2,Single,4.0,0,14.0,3.5,6.0,14.5,202.31,0
802,0,9.0,Mobile Phone,1,8.0,Debit Card,Female,2.0,3.0,Laptop & Accessory,4,Single,10.0,1,11.0,3.5,5.0,12.0,154.1,0
803,1,7.0,Mobile Phone,1,21.0,Credit Card,Female,3.0,3.0,Fashion,2,Divorced,2.0,0,11.0,0.0,1.0,5.0,179.78,2
804,0,1.0,Computer,1,8.0,Debit Card,Male,2.0,4.0,Mobile Phone,2,Divorced,2.0,1,12.0,2.0,2.0,2.0,138.67,2
805,0,24.0,Computer,1,12.0,Credit Card,Female,3.0,4.0,Mobile Phone,3,Single,1.0,0,14.0,3.5,6.0,7.0,128.38,0
806,0,3.0,Computer,1,15.0,Credit Card,Female,3.0,3.0,Laptop & Accessory,3,Single,8.0,1,18.0,1.0,1.0,7.0,146.95,3
807,1,10.0,Mobile Phone,1,13.0,Cash on Delivery,Female,2.0,3.0,Mobile Phone,3,Married,4.0,1,13.0,1.0,6.0,7.0,133.39,0
808,0,10.0,Mobile Phone,1,6.0,Cash on Delivery,Male,2.0,3.0,Mobile Phone,5,Single,3.0,0,11.0,0.0,1.0,2.0,120.80000000000001,2
809,0,10.0,Mobile Phone,1,6.0,Credit Card,Female,2.0,3.0,Mobile Phone,4,Single,2.0,0,18.0,1.0,2.0,1.0,120.96000000000001,2
810,0,5.0,Mobile Phone,3,14.0,Credit Card,Male,2.0,1.5,Laptop & Accessory,2,Divorced,2.0,0,15.0,0.0,1.0,8.0,162.09,2
811,0,18.0,Computer,1,31.0,Credit Card,Female,2.0,3.0,Others,4,Single,4.0,0,22.0,1.0,1.0,0.0,272.32625,1
812,0,12.0,Mobile Phone,1,19.0,Credit Card,Female,3.0,4.0,Grocery,4,Married,7.0,1,13.0,1.0,6.0,2.0,271.23,1
813,0,30.0,Mobile Phone,1,14.0,Debit Card,Male,2.0,3.0,Mobile Phone,3,Married,2.0,0,12.0,2.0,2.0,2.0,123.72,2
814,1,10.0,Mobile Phone,1,13.0,Debit Card,Male,3.0,3.0,Laptop & Accessory,3,Divorced,2.0,0,18.0,1.0,1.0,1.0,148.83,2
815,1,2.0,Mobile Phone,1,29.0,Credit Card,Male,3.0,3.0,Mobile Phone,5,Single,1.0,0,13.0,0.0,1.0,3.0,139.04,2
816,0,3.0,Mobile Phone,1,12.0,Cash on Delivery,Female,2.0,4.0,Laptop & Accessory,2,Divorced,1.0,0,12.0,3.5,6.0,7.0,146.27,0
817,0,9.0,Mobile Phone,1,16.0,Cash on Delivery,Female,3.0,3.0,Fashion,3,Divorced,4.0,0,12.0,0.0,1.0,7.0,170.94,1
818,0,19.0,Mobile Phone,2,6.0,Debit Card,Female,2.0,3.0,Mobile Phone,5,Single,7.0,0,12.0,3.0,5.0,7.0,134.23,0
819,0,1.0,Computer,1,6.0,Debit Card,Female,2.0,5.0,Laptop & Accessory,2,Divorced,1.0,0,11.0,3.5,6.0,5.0,166.74,0
820,0,23.0,Mobile Phone,1,34.0,Debit Card,Female,2.0,3.0,Grocery,5,Divorced,5.0,1,11.0,1.0,1.0,2.0,268.8,1
821,1,3.0,Mobile Phone,3,31.0,E wallet,Male,2.0,4.0,Fashion,4,Single,3.0,1,12.0,0.0,1.0,0.0,190.94,2
822,1,15.0,Mobile Phone,3,11.0,Debit Card,Male,3.0,3.0,Fashion,4,Single,10.0,1,19.0,3.5,6.0,7.0,184.46,0
823,0,3.0,Mobile Phone,1,23.0,Credit Card,Female,3.0,3.0,Fashion,5,Divorced,2.0,1,23.0,0.0,1.0,3.0,219.16000000000003,1
824,0,12.0,Mobile Phone,1,24.0,Debit Card,Male,2.0,3.0,Laptop & Accessory,3,Single,1.0,0,11.0,0.0,1.0,7.0,145.34,2
825,0,4.0,Computer,3,8.0,Debit Card,Female,2.0,3.0,Fashion,3,Married,2.0,1,19.0,3.0,6.0,6.0,198.52,0
826,0,14.0,Computer,3,16.0,Credit Card,Male,2.0,5.0,Laptop & Accessory,4,Single,2.0,0,13.0,3.0,6.0,9.0,161.51,0
827,1,10.0,Computer,3,6.0,Debit Card,Female,2.0,3.0,Mobile Phone,4,Single,2.0,1,11.0,1.0,2.0,2.0,123.02000000000001,2
828,1,7.0,Mobile Phone,1,14.0,Debit Card,Male,2.0,3.0,Mobile Phone,5,Divorced,5.0,0,12.0,1.0,1.0,2.0,123.62,2
829,0,15.0,Computer,1,8.0,Debit Card,Male,2.0,3.0,Grocery,3,Divorced,1.0,1,13.0,1.0,2.0,10.0,272.32625,1
830,0,28.0,Mobile Phone,1,8.0,Credit Card,Female,2.0,5.0,Others,3,Divorced,5.0,0,14.0,1.0,6.0,11.0,272.32625,1
831,0,29.0,Mobile Phone,2,14.0,Debit Card,Male,2.0,3.0,Others,4,Single,7.0,0,15.0,1.0,6.0,7.0,272.32625,1
832,0,13.0,Computer,1,22.0,Debit Card,Male,3.0,3.0,Mobile Phone,3,Married,10.0,0,16.0,1.0,1.0,0.0,135.44,2
833,0,7.0,Mobile Phone,1,15.0,Debit Card,Male,2.0,3.0,Fashion,2,Married,1.0,0,11.0,1.0,1.0,6.0,185.0,2
834,0,13.0,Mobile Phone,1,8.0,Debit Card,Male,3.0,3.0,Laptop & Accessory,2,Single,2.0,0,13.0,3.0,6.0,8.0,146.61,0
835,0,14.0,Computer,3,6.0,E wallet,Female,3.0,3.0,Laptop & Accessory,5,Married,1.0,0,17.0,0.0,1.0,7.0,141.03,2
836,0,8.0,Computer,1,10.0,Debit Card,Male,2.0,3.0,Laptop & Accessory,3,Single,2.0,1,11.0,1.0,1.0,1.0,142.49,2
837,0,24.0,Mobile Phone,2,11.0,Debit Card,Male,2.0,3.0,Grocery,4,Married,2.0,1,11.0,1.0,2.0,10.0,240.26,1
838,0,11.0,Mobile Phone,3,8.0,Debit Card,Female,2.0,3.0,Laptop & Accessory,5,Married,4.0,0,15.0,0.0,1.0,7.0,168.93,2
839,0,7.0,Mobile Phone,3,21.0,Credit Card,Female,3.0,3.0,Laptop & Accessory,5,Single,2.0,0,12.0,1.0,6.0,6.0,161.25,0
840,0,10.0,Mobile Phone,1,25.0,Credit Card,Male,3.0,3.0,Mobile Phone,2,Divorced,4.0,0,11.0,1.0,1.0,2.0,136.69,2
841,1,20.0,Mobile Phone,1,13.0,Credit Card,Female,2.0,4.0,Fashion,5,Divorced,8.0,1,14.0,3.5,5.0,9.0,200.08,0
842,0,13.0,Mobile Phone,1,14.0,Debit Card,Male,2.0,3.0,Mobile Phone,4,Divorced,4.0,0,22.0,1.0,1.0,3.0,123.87,2
843,0,9.0,Computer,3,13.0,E wallet,Female,2.0,1.5,Laptop & Accessory,5,Divorced,3.0,0,16.0,3.5,6.0,13.0,146.39,0
844,0,21.0,Mobile Phone,1,10.0,Debit Card,Male,2.0,3.0,Fashion,2,Single,2.0,0,11.0,1.0,1.0,8.0,178.98,1
845,0,10.0,Mobile Phone,3,14.0,Credit Card,Female,3.0,1.5,Mobile Phone,2,Divorced,9.0,0,14.0,1.0,1.0,0.0,125.34,2
846,0,24.0,Mobile Phone,1,17.0,Cash on Delivery,Female,2.0,4.0,Grocery,4,Single,4.0,0,16.0,0.0,1.0,3.0,231.42000000000002,1
847,0,10.0,Computer,1,6.0,Debit Card,Female,3.0,3.0,Mobile Phone,2,Single,2.0,0,15.0,1.0,1.0,0.0,116.11000000000001,2
848,0,8.0,Mobile Phone,1,6.0,Credit Card,Female,2.0,4.0,Laptop & Accessory,2,Divorced,1.0,0,12.0,1.0,1.0,0.0,153.63,2
849,0,10.0,Computer,3,8.0,Debit Card,Male,2.0,5.0,Laptop & Accessory,2,Single,4.0,0,20.0,1.0,1.0,0.0,150.71,2
850,1,18.0,Mobile Phone,3,19.0,E wallet,Male,2.0,1.5,Grocery,3,Single,7.0,1,17.0,2.0,2.0,8.0,236.95,1
851,0,29.0,Mobile Phone,1,29.0,Debit Card,Male,3.0,3.0,Grocery,4,Divorced,5.0,1,12.0,3.5,2.0,9.0,234.01999999999998,1
852,0,10.0,Computer,1,32.0,Cash on Delivery,Female,3.0,4.0,Mobile Phone,3,Married,2.0,0,20.0,1.0,1.0,0.0,120.28999999999999,3
853,0,13.0,Mobile Phone,1,8.0,Credit Card,Female,2.0,1.5,Laptop & Accessory,3,Married,6.0,0,20.0,3.5,6.0,8.0,163.77,0
854,0,7.0,Mobile Phone,1,35.0,Credit Card,Male,2.0,3.0,Laptop & Accessory,3,Divorced,5.0,0,13.0,0.0,6.0,7.0,154.29,2
855,1,10.0,Computer,3,8.0,Debit Card,Female,3.0,4.0,Mobile Phone,2,Single,8.0,0,14.0,0.0,1.0,0.0,127.85,2
856,1,10.0,Computer,3,24.0,E wallet,Female,3.0,3.0,Laptop & Accessory,3,Divorced,1.0,1,18.0,3.0,3.0,2.0,146.14,0
857,0,11.0,Computer,1,14.0,Debit Card,Male,2.0,1.5,Mobile Phone,3,Married,2.0,0,11.0,0.0,1.0,3.0,126.1,2
858,0,7.0,Mobile Phone,1,8.0,Cash on Delivery,Female,3.0,3.0,Laptop & Accessory,2,Single,2.0,0,11.0,1.0,4.0,11.0,166.87,0
859,0,1.0,Mobile Phone,3,32.0,Debit Card,Male,2.0,4.0,Laptop & Accessory,5,Divorced,2.0,0,11.0,1.0,1.0,4.0,147.24,2
860,1,10.0,Mobile Phone,1,28.0,Credit Card,Male,3.0,3.0,Laptop & Accessory,3,Divorced,2.0,1,15.0,3.0,6.0,7.0,161.79,0
861,0,12.0,Mobile Phone,3,27.0,Debit Card,Male,2.0,4.0,Laptop & Accessory,2,Divorced,4.0,1,12.0,0.0,1.0,4.0,161.2,2
862,0,24.0,Computer,3,8.0,E wallet,Male,2.0,3.0,Fashion,4,Divorced,3.0,0,11.0,0.0,3.0,2.0,205.96,1
863,0,14.0,Computer,1,28.0,Debit Card,Female,3.0,3.0,Laptop & Accessory,2,Married,4.0,1,14.0,0.0,3.0,3.0,154.67,2
864,0,10.0,Mobile Phone,1,10.0,Debit Card,Male,3.0,3.0,Mobile Phone,3,Divorced,8.0,1,15.0,1.0,1.0,3.0,129.96,2
865,0,6.0,Computer,3,11.0,Debit Card,Male,3.0,3.0,Laptop & Accessory,2,Divorced,7.0,0,13.0,1.0,1.0,2.0,199.98,2
866,0,5.0,Mobile Phone,3,8.0,E wallet,Male,2.0,3.0,Laptop & Accessory,4,Divorced,1.0,1,13.0,0.0,1.0,2.0,140.78,2
867,0,12.0,Computer,1,31.0,Debit Card,Male,3.0,3.0,Fashion,3,Divorced,4.0,0,21.0,0.0,1.0,5.0,209.2,1
868,0,10.0,Mobile Phone,3,24.0,Debit Card,Male,3.0,1.5,Laptop & Accessory,3,Divorced,3.0,0,11.0,0.0,1.0,2.0,162.32,2
869,0,25.0,Computer,1,34.0,Credit Card,Female,2.0,1.5,Grocery,3,Divorced,3.0,1,11.0,0.0,2.0,2.0,232.47000000000003,1
870,0,16.0,Mobile Phone,1,12.0,Credit Card,Female,3.0,4.0,Laptop & Accessory,3,Single,2.0,1,14.0,1.0,1.0,8.0,140.81,2
871,0,10.0,Mobile Phone,3,16.0,E wallet,Female,3.0,4.0,Laptop & Accessory,2,Divorced,2.0,1,11.0,2.0,4.0,4.0,157.69,0
872,1,10.0,Mobile Phone,1,14.0,Debit Card,Female,2.0,3.0,Mobile Phone,3,Single,2.0,1,13.0,3.0,6.0,7.0,123.94,0
873,0,10.0,Mobile Phone,1,8.0,Credit Card,Male,2.0,4.0,Mobile Phone,2,Single,1.0,0,12.0,0.0,1.0,1.0,139.04,2
874,0,15.0,Mobile Phone,2,16.0,UPI,Female,2.0,3.0,Grocery,5,Divorced,1.0,0,14.0,1.0,1.0,9.0,267.99,1
875,0,25.0,Mobile Phone,1,14.0,UPI,Female,3.0,3.0,Mobile Phone,5,Divorced,10.0,0,13.0,1.0,1.0,4.0,129.5,1
876,0,10.0,Mobile Phone,1,17.0,Credit Card,Female,3.0,3.0,Mobile Phone,3,Single,5.0,0,18.0,0.0,1.0,2.0,136.29,2
877,0,8.0,Computer,1,24.0,Debit Card,Male,2.0,3.0,Fashion,2,Single,3.0,0,11.0,0.0,2.0,2.0,193.62,2
878,0,10.0,Mobile Phone,1,6.0,Cash on Delivery,Male,2.0,3.0,Mobile Phone,2,Divorced,5.0,0,11.0,1.0,1.0,2.0,132.29,2
879,0,10.0,Mobile Phone,1,13.0,UPI,Male,3.0,1.5,Mobile Phone,5,Single,1.0,0,12.0,1.0,1.0,7.0,135.78,2
880,0,2.0,Mobile Phone,2,23.0,UPI,Male,2.0,4.0,Fashion,5,Single,2.0,0,13.0,0.0,1.0,9.0,179.88,2
881,1,10.0,Computer,1,34.0,Debit Card,Male,3.0,4.0,Laptop & Accessory,5,Single,4.0,0,20.0,0.0,1.0,3.0,142.84,3
882,1,10.0,Computer,1,20.0,UPI,Female,2.0,3.0,Fashion,2,Single,1.0,1,12.0,2.0,6.0,7.0,175.53,0
883,0,27.0,Mobile Phone,1,6.0,Credit Card,Female,2.0,3.0,Grocery,2,Single,7.0,0,19.0,1.0,6.0,7.0,272.32625,1
884,0,30.0,Mobile Phone,1,6.0,Credit Card,Female,3.0,3.0,Others,5,Divorced,4.0,1,15.0,1.0,1.0,5.0,272.32625,1
885,0,28.0,Mobile Phone,1,6.0,Credit Card,Male,2.0,1.5,Grocery,2,Married,3.0,0,13.0,1.0,2.0,0.0,247.32,1
886,0,9.0,Mobile Phone,3,9.0,E wallet,Female,2.0,3.0,Laptop & Accessory,4,Single,4.0,1,16.0,0.0,1.0,1.0,192.78,2
887,1,10.0,Computer,3,6.0,Debit Card,Female,2.0,5.0,Mobile Phone,3,Single,2.0,0,12.0,1.0,1.0,0.0,113.59,2
888,0,3.0,Mobile Phone,3,13.0,E wallet,Female,3.0,3.0,Laptop & Accessory,5,Married,8.0,0,14.0,1.0,1.0,2.0,147.79,2
889,0,4.0,Mobile Phone,1,14.0,Debit Card,Female,3.0,3.0,Grocery,4,Single,4.0,0,11.0,1.0,1.0,0.0,264.22,1
890,0,7.0,Computer,1,6.0,UPI,Male,3.0,3.0,Mobile Phone,5,Married,6.0,0,14.0,1.0,1.0,3.0,129.96,2
891,1,10.0,Mobile Phone,1,14.0,Debit Card,Female,2.0,4.0,Mobile Phone,4,Single,2.0,0,12.0,0.0,1.0,0.0,112.61000000000001,2
892,0,10.0,Mobile Phone,1,17.0,Debit Card,Male,3.0,3.0,Mobile Phone,5,Divorced,1.0,0,14.0,1.0,1.0,4.0,120.99000000000001,2
893,0,9.0,Mobile Phone,1,10.0,Debit Card,Male,2.0,4.0,Laptop & Accessory,2,Single,2.0,0,16.0,1.0,1.0,8.0,158.1,2
894,0,9.0,Mobile Phone,3,22.0,E wallet,Female,3.0,4.0,Laptop & Accessory,5,Divorced,5.0,0,13.0,1.0,1.0,2.0,156.47,3
895,0,20.0,Mobile Phone,1,6.0,Cash on Delivery,Male,3.0,3.0,Mobile Phone,2,Divorced,8.0,0,12.0,1.0,1.0,2.0,134.2,2
896,1,10.0,Mobile Phone,3,15.0,Debit Card,Male,3.0,4.0,Mobile Phone,5,Divorced,4.0,0,12.0,1.0,2.0,2.0,144.0,2
897,0,10.0,Computer,1,11.0,Cash on Delivery,Male,2.0,1.5,Mobile Phone,3,Single,1.0,0,14.0,1.0,1.0,3.0,135.0,2
898,0,10.0,Mobile Phone,1,6.0,Debit Card,Female,2.0,3.0,Mobile Phone,5,Divorced,3.0,0,22.0,1.0,1.0,0.0,120.66,2
899,0,20.0,Mobile Phone,1,8.0,Credit Card,Female,2.0,3.0,Grocery,3,Divorced,4.0,0,19.0,1.0,5.0,6.0,271.69,1
900,0,10.0,Mobile Phone,3,10.0,Credit Card,Female,2.0,3.0,Laptop & Accessory,3,Divorced,2.0,1,12.0,1.0,1.0,3.0,141.62,2
901,0,5.0,Mobile Phone,3,13.0,E wallet,Male,3.0,3.0,Laptop & Accessory,2,Divorced,5.0,0,12.0,1.0,1.0,3.0,192.04,2
902,0,7.0,Mobile Phone,1,6.0,Debit Card,Female,2.0,4.0,Mobile Phone,4,Divorced,6.0,0,17.0,1.0,1.0,2.0,132.94,2
903,0,10.0,Mobile Phone,1,11.0,Credit Card,Male,2.0,1.5,Mobile Phone,3,Divorced,3.0,1,12.0,1.0,1.0,3.0,121.27000000000001,2
904,0,13.0,Computer,1,15.0,UPI,Male,2.0,3.0,Laptop & Accessory,3,Married,4.0,0,11.0,1.0,1.0,7.0,139.75,2
905,0,4.0,Mobile Phone,3,14.0,Debit Card,Male,2.0,3.0,Fashion,2,Married,2.0,0,18.0,2.0,6.0,9.0,207.93,0
906,1,9.0,Mobile Phone,3,15.0,E wallet,Male,2.0,3.0,Fashion,1,Married,5.0,0,11.0,0.0,4.0,3.0,200.96,1
907,1,2.0,Computer,1,8.0,Debit Card,Female,2.0,4.0,Mobile Phone,5,Single,3.0,1,23.0,0.0,1.0,0.0,136.46,2
908,1,10.0,Computer,1,6.0,Debit Card,Female,3.0,1.5,Fashion,4,Single,2.0,0,11.0,3.0,4.0,7.0,174.46,0
909,0,18.0,Mobile Phone,1,26.0,Credit Card,Male,3.0,5.0,Fashion,5,Married,3.0,1,18.0,0.0,1.0,7.0,208.51,1
910,0,10.0,Mobile Phone,2,14.0,Credit Card,Female,3.0,1.5,Mobile Phone,4,Single,10.0,0,18.0,0.0,1.0,2.0,121.09,2
911,1,10.0,Computer,1,8.0,Debit Card,Male,3.0,3.0,Mobile Phone,1,Divorced,7.0,1,13.0,2.0,2.0,2.0,137.22,2
912,0,18.0,Mobile Phone,1,35.0,Cash on Delivery,Male,2.0,3.0,Fashion,1,Divorced,5.0,1,18.0,1.0,1.0,2.0,193.8,1
913,0,21.0,Mobile Phone,3,13.0,E wallet,Male,3.0,3.0,Laptop & Accessory,5,Married,5.0,0,11.0,1.0,2.0,2.0,154.86,2
914,1,10.0,Mobile Phone,2,15.0,Cash on Delivery,Female,3.0,3.0,Mobile Phone,3,Divorced,2.0,0,15.0,1.0,2.0,2.0,127.41999999999999,2
915,0,13.0,Computer,1,14.0,Credit Card,Male,2.0,4.0,Fashion,4,Married,3.0,0,11.0,1.0,2.0,8.0,237.57,1
916,0,1.0,Mobile Phone,3,11.0,Credit Card,Male,2.0,3.0,Laptop & Accessory,5,Single,1.0,0,18.0,1.0,1.0,3.0,184.63,2
917,0,17.0,Computer,1,11.0,Debit Card,Male,3.0,4.0,Mobile Phone,3,Single,4.0,0,14.0,0.0,1.0,3.0,131.62,2
918,0,26.0,Mobile Phone,1,8.0,Credit Card,Male,2.0,1.5,Grocery,4,Single,5.0,0,12.0,1.0,6.0,8.0,265.98,1
919,0,22.0,Mobile Phone,1,11.0,Cash on Delivery,Male,3.0,3.0,Laptop & Accessory,3,Divorced,3.0,0,14.0,0.0,1.0,2.0,166.51,2
920,0,13.0,Mobile Phone,1,14.0,Credit Card,Male,3.0,3.0,Mobile Phone,3,Married,3.0,0,14.0,0.0,1.0,2.0,123.44999999999999,2
921,0,17.0,Mobile Phone,1,26.0,Debit Card,Male,2.0,3.0,Mobile Phone,4,Single,2.0,0,13.0,1.0,1.0,3.0,134.2,2
922,0,6.0,Computer,3,13.0,Credit Card,Male,2.0,3.0,Laptop & Accessory,5,Divorced,1.0,0,14.0,0.0,1.0,3.0,143.73,2
923,0,7.0,Mobile Phone,3,9.0,UPI,Male,2.0,5.0,Laptop & Accessory,5,Single,4.0,0,18.0,2.0,3.0,12.0,147.59,0
924,0,3.0,Mobile Phone,3,22.0,Debit Card,Male,3.0,3.0,Laptop & Accessory,3,Divorced,9.0,0,15.0,0.0,2.0,2.0,153.01,2
925,0,15.0,Computer,1,15.0,Credit Card,Female,3.0,3.0,Mobile Phone,1,Single,2.0,0,13.0,3.5,5.0,8.0,136.73,0
926,0,17.0,Computer,3,6.0,E wallet,Female,3.0,3.0,Laptop & Accessory,3,Divorced,8.0,0,12.0,1.0,1.0,0.0,147.68,2
927,0,10.0,Computer,1,13.0,Cash on Delivery,Male,3.0,3.0,Mobile Phone,3,Married,2.0,0,13.0,0.0,1.0,0.0,112.74000000000001,2
928,0,30.0,Mobile Phone,1,6.0,Debit Card,Male,3.0,1.5,Laptop & Accessory,3,Divorced,1.0,0,24.0,1.0,2.0,8.0,149.0,2
929,0,22.0,Mobile Phone,1,13.0,Debit Card,Male,2.0,3.0,Fashion,4,Married,4.0,0,14.0,0.0,1.0,7.0,204.66,1
930,0,7.0,Computer,1,21.0,Credit Card,Male,3.0,3.0,Grocery,5,Married,8.0,0,14.0,1.0,6.0,9.0,270.07,0
931,1,10.0,Computer,3,6.0,Cash on Delivery,Male,3.0,3.0,Mobile Phone,3,Divorced,4.0,0,15.0,1.0,1.0,2.0,129.09,2
932,1,10.0,Computer,3,19.0,Cash on Delivery,Female,2.0,3.0,Laptop & Accessory,4,Single,6.0,0,11.0,0.0,1.0,0.0,157.65,2
933,1,10.0,Mobile Phone,3,30.0,Credit Card,Female,2.0,4.0,Laptop & Accessory,4,Single,1.0,1,23.0,2.0,6.0,10.0,145.99,0
934,0,8.0,Mobile Phone,3,14.0,Debit Card,Male,3.0,3.0,Mobile Phone,3,Divorced,2.0,0,13.0,1.0,1.0,0.0,124.03999999999999,2
935,1,10.0,Computer,1,15.0,Credit Card,Male,2.0,3.0,Mobile Phone,5,Single,3.0,1,11.0,0.0,1.0,0.0,131.72,2
936,0,10.0,Computer,3,19.0,Debit Card,Female,3.0,3.0,Mobile Phone,4,Divorced,2.0,0,13.0,0.0,1.0,0.0,120.33000000000001,2
937,0,17.0,Computer,1,8.0,Credit Card,Male,2.0,3.0,Fashion,3,Single,6.0,1,18.0,0.0,2.0,2.0,202.09,1
938,0,2.0,Mobile Phone,3,25.0,Debit Card,Male,3.0,4.0,Laptop & Accessory,3,Married,2.0,0,14.0,1.0,1.0,4.0,186.2,3
939,0,10.0,Mobile Phone,2,6.0,Debit Card,Male,2.0,3.0,Mobile Phone,3,Married,1.0,0,21.0,0.0,1.0,3.0,120.63999999999999,2
940,0,28.0,Mobile Phone,1,10.0,Debit Card,Male,1.0,3.0,Laptop & Accessory,3,Divorced,1.0,1,16.0,0.0,1.0,2.0,140.35,2
941,0,6.0,Mobile Phone,1,10.0,Credit Card,Female,2.0,4.0,Mobile Phone,4,Divorced,9.0,0,11.0,0.0,1.0,2.0,138.38,2
942,0,20.0,Mobile Phone,3,20.0,Credit Card,Female,3.0,3.0,Laptop & Accessory,3,Divorced,4.0,1,17.0,1.0,1.0,2.0,145.91,2
943,1,10.0,Computer,1,14.0,Credit Card,Male,2.0,4.0,Mobile Phone,5,Single,8.0,0,11.0,0.0,1.0,0.0,125.61000000000001,2
944,0,10.0,Mobile Phone,1,6.0,Debit Card,Male,3.0,4.0,Mobile Phone,3,Married,2.0,0,14.0,0.0,1.0,0.0,115.63,2
945,0,1.0,Computer,3,13.0,Debit Card,Male,2.0,3.0,Laptop & Accessory,5,Single,1.0,0,14.0,1.0,1.0,3.0,148.98,2
946,0,22.0,Mobile Phone,1,9.0,Credit Card,Female,2.0,4.0,Laptop & Accessory,5,Divorced,5.0,0,25.0,1.0,1.0,2.0,147.89,2
947,0,2.0,Computer,1,8.0,Debit Card,Female,3.0,3.0,Mobile Phone,4,Divorced,1.0,0,13.0,0.0,1.0,2.0,131.8,2
948,0,1.0,Mobile Phone,1,35.0,Debit Card,Male,3.0,5.0,Laptop & Accessory,4,Divorced,2.0,0,14.0,1.0,1.0,7.0,165.49,3
949,0,6.0,Mobile Phone,1,14.0,Debit Card,Male,3.0,3.0,Laptop & Accessory,3,Single,3.0,1,17.0,0.0,1.0,0.0,163.88,2
950,0,5.0,Mobile Phone,1,16.0,Credit Card,Male,0.5,3.0,Fashion,1,Single,3.0,0,25.0,0.0,1.0,3.0,212.44,2
951,0,27.0,Computer,1,17.0,Credit Card,Female,2.0,3.0,Grocery,1,Married,4.0,0,20.0,1.0,2.0,12.0,260.32,1
952,1,10.0,Mobile Phone,1,14.0,Cash on Delivery,Male,3.0,4.0,Mobile Phone,5,Single,7.0,0,13.0,0.0,1.0,7.0,123.62,2
953,0,17.0,Mobile Phone,1,34.0,Debit Card,Male,2.0,3.0,Grocery,5,Divorced,4.0,0,13.0,1.0,6.0,14.5,263.28,0
954,0,12.0,Mobile Phone,1,12.0,Debit Card,Female,2.0,3.0,Fashion,4,Single,5.0,0,18.0,0.0,2.0,2.0,183.76,2
955,0,19.0,Mobile Phone,3,9.0,Debit Card,Female,2.0,3.0,Grocery,4,Divorced,9.0,0,12.0,1.0,5.0,1.0,266.06,1
956,0,8.0,Mobile Phone,1,22.0,Debit Card,Female,3.0,4.0,Fashion,4,Single,2.0,0,19.0,1.0,3.0,3.0,186.06,3
957,0,10.0,Mobile Phone,1,26.0,Debit Card,Male,3.0,3.0,Laptop & Accessory,3,Single,1.0,0,14.0,1.0,1.0,2.0,122.72,2
958,1,10.0,Mobile Phone,1,15.0,Debit Card,Male,2.0,3.0,Mobile Phone,5,Single,4.0,0,14.0,1.0,1.0,0.0,120.18,2
959,0,7.0,Mobile Phone,3,6.0,Cash on Delivery,Male,3.0,4.0,Fashion,3,Divorced,2.0,1,14.0,3.5,6.0,6.0,170.83,0
960,1,10.0,Computer,1,9.0,Debit Card,Female,2.0,3.0,Mobile Phone,3,Single,2.0,0,12.0,3.5,6.0,7.0,140.84,0
961,0,23.0,Computer,1,28.0,Credit Card,Male,2.0,5.0,Grocery,1,Single,2.0,1,13.0,3.5,2.0,9.0,244.11,1
962,0,10.0,Mobile Phone,3,13.0,Cash on Delivery,Male,2.0,3.0,Mobile Phone,3,Married,1.0,1,25.0,0.0,5.0,7.0,123.08000000000001,2
963,0,15.0,Mobile Phone,1,8.0,Credit Card,Male,3.0,4.0,Mobile Phone,4,Married,5.0,0,14.0,1.0,1.0,0.0,148.41,2
964,0,10.0,Mobile Phone,1,19.0,Credit Card,Male,2.0,3.0,Laptop & Accessory,1,Married,2.0,0,17.0,0.0,3.0,7.0,142.85,2
965,0,2.0,Mobile Phone,1,14.0,UPI,Female,2.0,5.0,Laptop & Accessory,5,Married,4.0,0,13.0,0.0,1.0,7.0,197.15,2
966,0,6.0,Mobile Phone,1,31.0,Debit Card,Male,2.0,4.0,Laptop & Accessory,4,Single,2.0,0,13.0,0.0,1.0,2.0,143.2,2
967,0,10.0,Mobile Phone,1,34.0,Cash on Delivery,Male,3.0,3.0,Mobile Phone,1,Married,5.0,0,20.0,1.0,1.0,3.0,121.32,2
968,0,15.0,Computer,1,8.0,Debit Card,Male,2.0,3.0,Fashion,1,Married,3.0,1,14.0,3.5,6.0,9.0,201.24,0
969,0,13.0,Mobile Phone,3,15.0,Credit Card,Male,2.0,3.0,Laptop & Accessory,5,Married,1.0,0,12.0,2.0,6.0,1.0,154.73,0
970,0,6.0,Mobile Phone,1,34.0,Debit Card,Male,3.0,3.0,Laptop & Accessory,3,Married,2.0,1,12.0,1.0,5.0,7.0,152.07,0
971,0,13.0,Mobile Phone,2,12.0,Credit Card,Male,2.0,3.0,Grocery,1,Single,2.0,1,21.0,1.0,6.0,7.0,264.37,0
972,0,10.0,Mobile Phone,1,27.0,Cash on Delivery,Male,2.0,4.0,Mobile Phone,5,Married,1.0,0,14.0,0.0,1.0,0.0,122.96000000000001,2
973,0,13.0,Computer,1,14.0,Debit Card,Male,3.0,3.0,Laptop & Accessory,1,Married,4.0,1,18.0,2.0,2.0,2.0,140.69,2
974,0,18.0,Mobile Phone,1,6.0,Cash on Delivery,Male,3.0,3.0,Fashion,4,Married,2.0,0,12.0,3.5,6.0,7.0,174.41,0
975,0,8.0,Mobile Phone,3,14.0,Debit Card,Female,3.0,4.0,Mobile Phone,3,Married,1.0,0,23.0,2.0,4.0,2.0,124.30000000000001,3
976,0,5.0,Mobile Phone,1,11.0,Debit Card,Female,3.0,4.0,Laptop & Accessory,4,Married,4.0,0,12.0,1.0,2.0,5.0,158.78,3
977,0,9.0,Mobile Phone,3,14.0,Debit Card,Male,3.0,3.0,Mobile Phone,1,Single,4.0,1,21.0,0.0,1.0,2.0,126.44,2
978,0,21.0,Mobile Phone,3,22.0,Debit Card,Female,3.0,3.0,Laptop & Accessory,3,Married,9.0,0,14.0,1.0,6.0,7.0,164.39,1
979,0,2.0,Mobile Phone,1,14.0,Debit Card,Male,3.0,1.5,Mobile Phone,3,Married,7.0,0,18.0,1.0,1.0,0.0,124.50999999999999,2
980,0,6.0,Mobile Phone,3,14.0,Debit Card,Male,2.0,3.0,Laptop & Accessory,5,Married,3.0,0,13.0,2.0,2.0,2.0,163.92,2
981,1,10.0,Mobile Phone,3,6.0,Debit Card,Male,3.0,4.0,Laptop & Accessory,5,Married,2.0,0,11.0,3.0,6.0,7.0,197.14,0
982,0,11.0,Computer,2,16.0,UPI,Male,3.0,3.0,Laptop & Accessory,3,Married,4.0,0,11.0,0.0,1.0,2.0,160.77,2
983,0,8.0,Mobile Phone,1,14.0,Credit Card,Male,3.0,4.0,Mobile Phone,5,Single,2.0,0,19.0,0.0,1.0,2.0,124.5,2
984,0,3.0,Mobile Phone,3,35.0,Cash on Delivery,Male,2.0,3.0,Fashion,4,Married,4.0,0,12.0,0.0,1.0,3.0,192.5,2
985,1,10.0,Mobile Phone,1,8.0,Debit Card,Female,3.0,3.0,Mobile Phone,5,Married,2.0,1,12.0,1.0,1.0,0.0,120.74000000000001,2
986,1,16.0,Mobile Phone,1,8.0,Cash on Delivery,Female,3.0,4.0,Fashion,1,Married,1.0,0,16.0,1.0,1.0,9.0,201.69,1
987,1,1.0,Mobile Phone,1,8.0,Credit Card,Male,2.0,3.0,Laptop & Accessory,4,Married,5.0,0,11.0,0.0,1.0,4.0,148.55,2
988,0,5.0,Computer,1,6.0,Cash on Delivery,Male,3.0,3.0,Laptop & Accessory,5,Married,5.0,0,14.0,1.0,1.0,2.0,140.87,2
989,0,21.0,Mobile Phone,1,14.0,UPI,Female,3.0,3.0,Mobile Phone,5,Married,9.0,0,12.0,3.5,6.0,6.0,123.66999999999999,0
990,0,7.0,Mobile Phone,1,13.0,Credit Card,Male,3.0,3.0,Mobile Phone,1,Single,2.0,0,13.0,0.0,1.0,0.0,129.72,2
991,0,28.0,Mobile Phone,3,32.0,E wallet,Male,2.0,4.0,Others,1,Married,2.0,0,15.0,2.0,2.0,13.0,272.32625,1
992,0,7.0,Mobile Phone,1,6.0,Debit Card,Male,2.0,3.0,Laptop & Accessory,1,Married,10.0,0,17.0,1.0,2.0,1.0,154.84,2
993,0,10.0,Mobile Phone,1,9.0,Debit Card,Female,2.0,3.0,Mobile Phone,1,Married,2.0,0,21.0,1.0,1.0,0.0,120.61000000000001,2
994,0,11.0,Mobile Phone,3,20.0,Debit Card,Male,3.0,3.0,Laptop & Accessory,4,Married,1.0,0,11.0,3.5,6.0,7.0,199.24,0
995,0,11.0,Mobile Phone,3,22.0,Debit Card,Female,2.0,3.0,Laptop & Accessory,4,Single,3.0,0,12.0,0.0,1.0,2.0,141.98,2
996,0,9.0,Mobile Phone,3,6.0,Debit Card,Female,3.0,3.0,Laptop & Accessory,3,Single,7.0,0,13.0,1.0,1.0,0.0,168.15,2
997,0,2.0,Mobile Phone,1,9.0,Credit Card,Male,2.0,3.0,Mobile Phone,5,Single,2.0,1,18.0,0.0,1.0,5.0,147.23,2
998,0,8.0,Mobile Phone,1,16.0,Credit Card,Female,2.0,3.0,Laptop & Accessory,3,Single,4.0,1,16.0,1.0,1.0,4.0,161.42,2
999,0,12.0,Mobile Phone,3,12.0,Credit Card,Male,2.0,1.5,Fashion,3,Married,3.0,0,11.0,3.5,6.0,6.0,182.37,0
1000,0,2.0,Computer,1,8.0,Debit Card,Male,2.0,3.0,Laptop & Accessory,1,Married,2.0,0,19.0,0.0,1.0,3.0,188.53,2
1001,0,23.0,Mobile Phone,3,5.0,E wallet,Male,2.0,3.0,Others,3,Married,5.0,1,15.0,0.0,1.0,0.0,272.32625,1
1002,0,10.0,Mobile Phone,1,16.0,Cash on Delivery,Male,2.0,1.5,Mobile Phone,3,Married,3.0,0,16.0,2.0,2.0,2.0,120.72999999999999,2
1003,0,9.0,Computer,1,12.0,Debit Card,Male,3.0,1.5,Laptop & Accessory,5,Married,4.0,1,13.0,1.0,1.0,2.0,155.62,2
1004,0,15.0,Mobile Phone,1,15.0,UPI,Male,3.0,4.0,Others,1,Single,9.0,0,15.0,1.0,1.0,1.0,272.32625,1
1005,0,8.0,Mobile Phone,1,34.0,Debit Card,Male,2.0,1.5,Laptop & Accessory,3,Married,2.0,0,17.0,3.5,6.0,8.0,134.07,0
1006,0,7.0,Computer,1,16.0,Cash on Delivery,Male,3.0,4.0,Laptop & Accessory,3,Married,2.0,0,14.0,2.0,6.0,7.0,150.63,0
1007,0,13.0,Mobile Phone,3,20.0,Debit Card,Female,2.0,3.0,Laptop & Accessory,5,Married,2.0,0,15.0,0.0,1.0,2.0,146.39,2
1008,0,16.0,Mobile Phone,1,33.0,Cash on Delivery,Male,2.0,1.5,Mobile Phone,4,Married,6.0,0,12.0,1.0,1.0,2.0,148.76,2
1009,0,8.0,Mobile Phone,1,13.0,Debit Card,Male,3.0,4.0,Mobile Phone,1,Married,2.0,0,18.0,1.0,1.0,1.0,126.9,2
1010,0,19.0,Mobile Phone,3,6.0,Debit Card,Male,2.0,1.5,Grocery,5,Single,2.0,0,15.0,1.0,1.0,12.0,272.32625,1
1011,1,10.0,Mobile Phone,1,14.0,Credit Card,Male,2.0,3.0,Mobile Phone,4,Married,2.0,1,17.0,0.0,1.0,0.0,124.08000000000001,2
1012,0,10.0,Computer,1,32.0,UPI,Female,3.0,4.0,Mobile Phone,3,Married,2.0,1,14.0,0.0,1.0,3.0,128.14,2
1013,0,23.0,Computer,1,26.0,Credit Card,Male,2.0,3.0,Grocery,3,Married,3.0,1,15.0,3.0,6.0,3.0,212.45,0
1014,0,5.0,Mobile Phone,1,11.0,UPI,Female,2.0,1.5,Mobile Phone,1,Married,4.0,0,17.0,1.0,1.0,2.0,133.12,2
1015,0,17.0,Mobile Phone,1,13.0,Credit Card,Female,2.0,3.0,Others,1,Married,1.0,1,14.0,1.0,1.0,10.0,272.32625,1
1016,0,10.0,Mobile Phone,1,13.0,Credit Card,Male,2.0,4.0,Mobile Phone,4,Married,2.0,0,12.0,0.0,1.0,1.0,121.41,2
1017,0,18.0,Mobile Phone,1,11.0,Credit Card,Female,2.0,5.0,Laptop & Accessory,5,Single,2.0,1,14.0,1.0,1.0,4.0,157.69,2
1018,0,18.0,Computer,3,32.0,E wallet,Male,2.0,4.0,Laptop & Accessory,5,Married,2.0,0,15.0,0.0,4.0,5.0,143.85,2
1019,0,4.0,Computer,3,8.0,UPI,Male,2.0,3.0,Laptop & Accessory,5,Single,8.0,0,13.0,0.0,1.0,3.0,153.32,2
1020,0,9.0,Mobile Phone,1,18.0,Debit Card,Female,3.0,3.0,Laptop & Accessory,3,Married,10.0,1,12.0,0.0,1.0,1.0,146.63,2
1021,0,7.0,Computer,1,16.0,Debit Card,Male,2.0,1.5,Laptop & Accessory,1,Married,2.0,0,13.0,3.5,6.0,2.0,147.24,0
1022,0,22.0,Mobile Phone,1,31.0,Debit Card,Female,2.0,3.0,Mobile Phone,5,Married,2.0,0,14.0,0.0,1.0,4.0,132.11,2
1023,0,12.0,Mobile Phone,1,16.0,Credit Card,Male,3.0,3.0,Laptop & Accessory,5,Married,3.0,0,13.0,3.5,6.0,7.0,153.77,0
1024,0,10.0,Mobile Phone,1,25.0,UPI,Male,3.0,4.0,Mobile Phone,5,Married,2.0,0,11.0,0.0,1.0,7.0,140.66,2
1025,0,8.0,Mobile Phone,1,24.0,Debit Card,Male,2.0,1.5,Laptop & Accessory,5,Married,2.0,0,11.0,0.0,1.0,10.0,152.08,2
1026,0,1.0,Mobile Phone,1,33.0,Credit Card,Female,2.0,5.0,Laptop & Accessory,5,Married,1.0,0,21.0,1.0,1.0,0.0,69.83625,2
1027,0,10.0,Mobile Phone,1,11.0,Credit Card,Male,3.0,3.0,Mobile Phone,1,Single,2.0,0,18.0,1.0,2.0,2.0,131.17,2
1028,1,10.0,Computer,3,9.0,Credit Card,Female,3.0,3.0,Mobile Phone,1,Single,2.0,1,12.0,0.0,1.0,0.0,115.69,2
1029,0,20.0,Mobile Phone,2,32.0,Debit Card,Female,3.0,3.0,Others,3,Married,4.0,0,15.0,1.0,1.0,0.0,272.32625,1
1030,0,12.0,Mobile Phone,1,9.0,Credit Card,Male,3.0,4.0,Laptop & Accessory,3,Married,1.0,0,15.0,0.0,1.0,7.0,130.69,2
1031,0,13.0,Mobile Phone,1,21.0,Debit Card,Female,3.0,4.0,Fashion,3,Married,2.0,0,13.0,1.0,6.0,12.0,204.35,0
1032,0,8.0,Computer,1,14.0,Debit Card,Female,2.0,3.0,Laptop & Accessory,3,Married,2.0,0,12.0,2.0,2.0,9.0,141.48,2
1033,0,10.0,Mobile Phone,1,25.0,Debit Card,Male,2.0,3.0,Laptop & Accessory,3,Married,4.0,0,17.0,0.0,1.0,2.0,157.68,2
1034,0,12.0,Computer,1,10.0,Credit Card,Female,2.0,3.0,Laptop & Accessory,3,Single,1.0,0,13.0,3.0,3.0,8.0,150.42,0
1035,0,18.0,Mobile Phone,1,8.0,UPI,Female,2.0,4.0,Laptop & Accessory,1,Married,2.0,0,19.0,2.0,3.0,9.0,157.7,0
1036,0,11.0,Mobile Phone,1,8.0,Credit Card,Female,2.0,4.0,Fashion,3,Married,4.0,1,19.0,1.0,1.0,2.0,177.56,1
1037,1,10.0,Mobile Phone,3,16.0,Credit Card,Male,2.0,4.0,Fashion,5,Married,10.0,0,17.0,3.5,6.0,0.0,203.06,0
1038,0,10.0,Mobile Phone,1,16.0,Credit Card,Female,3.0,3.0,Mobile Phone,4,Married,2.0,0,11.0,1.0,6.0,7.0,139.36,0
1039,0,13.0,Mobile Phone,1,22.0,Debit Card,Female,2.0,3.0,Fashion,1,Single,7.0,1,15.0,1.0,3.0,3.0,179.45,1
1040,0,17.0,Computer,2,6.0,UPI,Male,2.0,3.0,Laptop & Accessory,1,Married,5.0,1,11.0,1.0,1.0,2.0,157.43,2
1041,0,21.0,Computer,1,10.0,Credit Card,Male,2.0,4.0,Grocery,1,Married,3.0,0,25.0,2.0,2.0,2.0,252.01999999999998,1
1042,1,10.0,Mobile Phone,3,21.0,Credit Card,Male,2.0,5.0,Laptop & Accessory,1,Married,7.0,1,14.0,1.0,2.0,2.0,154.4,3
1043,0,10.0,Computer,1,8.0,Cash on Delivery,Female,2.0,3.0,Mobile Phone,1,Single,2.0,1,13.0,1.0,1.0,3.0,137.6,2
1044,0,10.0,Mobile Phone,1,14.0,Credit Card,Female,2.0,1.5,Mobile Phone,3,Married,8.0,0,17.0,0.0,1.0,2.0,135.17,2
1045,0,10.0,Computer,1,14.0,Credit Card,Male,2.0,3.0,Mobile Phone,1,Single,3.0,0,13.0,0.0,1.0,2.0,125.80000000000001,2
1046,1,10.0,Mobile Phone,1,13.0,Debit Card,Male,3.0,3.0,Mobile Phone,5,Single,4.0,1,14.0,0.0,1.0,3.0,121.66,2
1047,0,2.0,Mobile Phone,3,16.0,Credit Card,Male,2.0,4.0,Laptop & Accessory,3,Single,10.0,0,11.0,1.0,1.0,4.0,158.69,2
1048,0,9.0,Mobile Phone,1,11.0,Debit Card,Female,2.0,3.0,Fashion,5,Married,5.0,0,12.0,1.0,1.0,2.0,180.08,2
1049,0,10.0,Computer,1,8.0,Debit Card,Male,3.0,1.5,Laptop & Accessory,3,Married,2.0,0,17.0,0.0,1.0,7.0,152.06,2
1050,0,12.0,Mobile Phone,1,18.0,Credit Card,Male,3.0,3.0,Laptop & Accessory,4,Married,5.0,0,21.0,1.0,1.0,0.0,152.95,2
1051,0,22.0,Mobile Phone,1,28.0,UPI,Female,3.0,3.0,Grocery,4,Married,4.0,0,16.0,1.0,1.0,2.0,264.13,1
1052,0,23.0,Mobile Phone,1,23.0,Debit Card,Female,2.0,4.0,Fashion,5,Married,6.0,0,15.0,1.0,2.0,11.0,232.69,1
1053,0,10.0,Mobile Phone,3,8.0,Credit Card,Female,3.0,3.0,Mobile Phone,3,Single,2.0,0,19.0,0.0,2.0,2.0,127.83000000000001,2
1054,0,7.0,Mobile Phone,1,9.0,Debit Card,Female,3.0,3.0,Laptop & Accessory,4,Married,2.0,0,12.0,3.5,6.0,9.0,154.33,0
1055,0,10.0,Mobile Phone,1,13.0,Debit Card,Male,3.0,3.0,Mobile Phone,4,Single,3.0,0,11.0,0.0,1.0,3.0,120.13,2
1056,0,22.0,Mobile Phone,1,12.0,Debit Card,Female,2.0,4.0,Grocery,3,Married,3.0,1,19.0,1.0,2.0,12.0,239.66000000000003,1
1057,0,9.0,Computer,1,6.0,Credit Card,Female,2.0,4.0,Laptop & Accessory,3,Married,1.0,0,15.0,1.0,1.0,2.0,143.74,2
1058,0,9.0,Mobile Phone,1,9.0,Debit Card,Male,3.0,1.5,Laptop & Accessory,5,Married,7.0,0,20.0,1.0,1.0,4.0,168.42,2
1059,0,27.0,Mobile Phone,1,28.0,Credit Card,Female,3.0,3.0,Grocery,3,Married,4.0,0,25.0,1.0,4.0,7.0,272.32625,1
1060,0,16.0,Mobile Phone,1,21.0,Debit Card,Male,3.0,4.0,Grocery,3,Married,2.0,0,24.0,1.0,6.0,11.0,272.32625,0
1061,1,10.0,Computer,3,18.0,UPI,Male,2.0,3.0,Laptop & Accessory,1,Single,4.0,1,24.0,3.0,6.0,7.0,145.81,0
1062,0,11.0,Computer,1,6.0,Debit Card,Male,2.0,3.0,Laptop & Accessory,1,Married,8.0,0,15.0,2.0,2.0,9.0,147.35,2
1063,0,2.0,Mobile Phone,3,11.0,Credit Card,Male,2.0,4.0,Laptop & Accessory,4,Married,2.0,1,13.0,0.0,1.0,9.0,141.87,2
1064,0,6.0,Mobile Phone,3,8.0,Credit Card,Male,3.0,3.0,Laptop & Accessory,1,Married,2.0,0,14.0,1.0,1.0,4.0,155.05,2
1065,0,5.0,Mobile Phone,1,8.0,Credit Card,Male,2.0,3.0,Laptop & Accessory,4,Married,1.0,0,13.0,0.0,1.0,6.0,154.7,2
1066,0,4.0,Mobile Phone,3,11.0,Debit Card,Female,3.0,3.0,Laptop & Accessory,1,Married,2.0,0,11.0,0.0,1.0,2.0,154.76,2
1067,0,22.0,Mobile Phone,1,14.0,Credit Card,Female,3.0,3.0,Mobile Phone,5,Married,5.0,1,16.0,1.0,2.0,2.0,125.87,2
1068,0,11.0,Computer,1,14.0,Credit Card,Female,2.0,4.0,Mobile Phone,4,Single,2.0,0,22.0,1.0,3.0,3.0,124.4,2
1069,0,20.0,Mobile Phone,3,8.0,Debit Card,Female,2.0,1.5,Grocery,4,Married,7.0,0,14.0,0.0,2.0,2.0,259.72,1
1070,0,22.0,Mobile Phone,1,6.0,Debit Card,Male,2.0,3.0,Grocery,3,Single,5.0,0,14.0,1.0,2.0,0.0,253.79000000000002,1
1071,0,14.0,Mobile Phone,3,29.0,Debit Card,Male,3.0,3.0,Fashion,3,Single,4.0,1,16.0,0.0,1.0,2.0,170.82,2
1072,0,10.0,Mobile Phone,3,15.0,Debit Card,Male,3.0,3.0,Mobile Phone,5,Single,2.0,0,11.0,0.0,1.0,2.0,127.28,2
1073,0,6.0,Computer,3,22.0,Debit Card,Female,2.0,3.0,Laptop & Accessory,1,Married,2.0,1,25.0,0.0,1.0,2.0,153.68,2
1074,0,9.0,Mobile Phone,1,32.0,Debit Card,Male,3.0,3.0,Laptop & Accessory,3,Married,7.0,0,14.0,1.0,1.0,2.0,153.47,2
1075,0,17.0,Mobile Phone,2,6.0,Debit Card,Female,2.0,3.0,Mobile Phone,1,Married,5.0,1,18.0,2.0,2.0,2.0,131.95,2
1076,1,10.0,Mobile Phone,1,14.0,Credit Card,Male,3.0,4.0,Mobile Phone,3,Single,2.0,1,11.0,1.0,1.0,2.0,139.89,2
1077,0,11.0,Mobile Phone,1,10.0,Credit Card,Female,2.0,3.0,Mobile Phone,3,Married,8.0,0,19.0,0.0,1.0,0.0,133.06,2
1078,0,26.0,Mobile Phone,1,30.0,Credit Card,Male,2.0,1.5,Fashion,1,Married,4.0,0,15.0,0.0,1.0,2.0,170.05,2
1079,1,11.0,Computer,3,14.0,Credit Card,Female,3.0,3.0,Mobile Phone,3,Married,3.0,1,11.0,3.5,6.0,7.0,126.55000000000001,0
1080,1,10.0,Mobile Phone,1,8.0,Debit Card,Male,3.0,3.0,Mobile Phone,4,Single,2.0,0,12.0,1.0,1.0,0.0,113.93,2
1081,0,10.0,Computer,1,14.0,Credit Card,Male,3.0,3.0,Mobile Phone,1,Single,2.0,0,20.0,3.5,5.0,7.0,125.69999999999999,0
1082,0,28.0,Mobile Phone,1,28.0,Cash on Delivery,Male,3.0,4.0,Mobile Phone,4,Married,6.0,0,12.0,1.0,1.0,2.0,135.37,2
1083,0,7.0,Mobile Phone,1,11.0,Credit Card,Male,2.0,4.0,Laptop & Accessory,1,Married,2.0,0,14.0,3.5,4.0,13.0,139.86,0
1084,0,30.0,Mobile Phone,1,6.0,Credit Card,Male,3.0,5.0,Fashion,1,Married,4.0,0,20.0,0.0,1.0,0.0,208.82999999999998,1
1085,0,10.0,Mobile Phone,1,27.0,Credit Card,Male,3.0,1.5,Mobile Phone,4,Married,2.0,0,18.0,2.0,2.0,13.0,120.28,2
1086,0,10.0,Computer,3,6.0,Credit Card,Male,2.0,5.0,Laptop & Accessory,1,Married,2.0,0,14.0,0.0,1.0,3.0,195.25,2
1087,0,7.0,Mobile Phone,1,25.0,Debit Card,Female,3.0,4.0,Mobile Phone,1,Married,2.0,0,12.0,3.0,6.0,7.0,129.29,0
1088,1,10.0,Mobile Phone,3,13.0,Debit Card,Male,2.0,3.0,Mobile Phone,1,Married,2.0,1,21.0,1.0,1.0,2.0,122.75,2
1089,0,17.0,Mobile Phone,1,8.0,Debit Card,Female,3.0,1.5,Fashion,1,Married,2.0,1,19.0,3.5,6.0,7.0,178.79,0
1090,0,8.0,Computer,1,8.0,Credit Card,Male,3.0,4.0,Mobile Phone,1,Single,1.0,1,14.0,1.0,1.0,4.0,149.3,2
1091,0,16.0,Mobile Phone,3,8.0,Credit Card,Male,3.0,3.0,Laptop & Accessory,1,Married,2.0,1,17.0,0.0,6.0,8.0,178.47,0
1092,0,10.0,Mobile Phone,1,15.0,Credit Card,Male,3.0,1.5,Mobile Phone,3,Married,2.0,0,16.0,0.0,1.0,4.0,144.01,2
1093,0,14.0,Mobile Phone,3,12.0,E wallet,Male,2.0,3.0,Fashion,3,Single,2.0,0,12.0,3.5,6.0,7.0,192.41,0
1094,0,2.0,Mobile Phone,1,15.0,Credit Card,Female,3.0,3.0,Mobile Phone,3,Married,10.0,0,17.0,1.0,1.0,2.0,129.74,2
1095,0,9.0,Mobile Phone,3,8.0,Debit Card,Female,2.0,3.0,Laptop & Accessory,1,Single,4.0,0,15.0,3.0,6.0,7.0,145.02,0
1096,0,18.0,Computer,1,6.0,Debit Card,Male,3.0,4.0,Fashion,3,Married,4.0,0,23.0,3.0,6.0,4.0,207.48000000000002,0
1097,1,10.0,Mobile Phone,2,28.0,UPI,Male,2.0,5.0,Mobile Phone,3,Married,2.0,0,11.0,0.0,1.0,0.0,115.55000000000001,2
1098,1,10.0,Computer,3,15.0,Debit Card,Male,2.0,5.0,Grocery,3,Married,8.0,0,11.0,1.0,6.0,3.0,229.36,1
1099,0,10.0,Mobile Phone,1,23.0,Credit Card,Male,3.0,5.0,Mobile Phone,3,Married,2.0,0,15.0,0.0,1.0,2.0,123.05000000000001,3
1100,0,18.0,Mobile Phone,1,34.0,Cash on Delivery,Female,2.0,4.0,Grocery,4,Single,2.0,0,11.0,1.0,6.0,6.0,267.04,1
1101,0,5.0,Computer,1,16.0,Debit Card,Male,2.0,3.0,Mobile Phone,3,Married,7.0,0,13.0,0.0,1.0,3.0,134.33,2
1102,0,4.0,Mobile Phone,1,8.0,Debit Card,Male,3.0,3.0,Mobile Phone,3,Married,2.0,0,14.0,0.0,1.0,3.0,134.77,2
1103,0,14.0,Computer,2,10.0,UPI,Male,2.0,5.0,Laptop & Accessory,4,Married,7.0,0,19.0,0.0,1.0,2.0,164.3,2
1104,0,13.0,Mobile Phone,1,14.0,Debit Card,Female,3.0,3.0,Laptop & Accessory,5,Married,3.0,1,16.0,0.0,1.0,0.0,165.16,2
1105,0,10.0,Mobile Phone,1,35.0,Credit Card,Male,3.0,3.0,Mobile Phone,5,Married,2.0,0,13.0,1.0,1.0,2.0,139.07,2
1106,0,19.0,Mobile Phone,1,19.0,Debit Card,Male,2.0,3.0,Laptop & Accessory,4,Single,7.0,0,14.0,1.0,1.0,9.0,155.62,2
1107,0,8.0,Mobile Phone,1,33.0,Debit Card,Male,2.0,3.0,Laptop & Accessory,3,Married,3.0,0,16.0,0.0,1.0,7.0,168.83,2
1108,0,3.0,Mobile Phone,1,22.0,Debit Card,Male,3.0,3.0,Mobile Phone,1,Married,2.0,0,12.0,0.0,1.0,8.0,128.62,2
1109,0,20.0,Computer,3,8.0,E wallet,Male,2.0,3.0,Laptop & Accessory,4,Married,8.0,0,11.0,0.0,1.0,0.0,149.78,2
1110,0,19.0,Mobile Phone,3,8.0,Debit Card,Male,3.0,3.0,Fashion,1,Married,5.0,1,12.0,0.0,1.0,3.0,203.68,1
1111,1,10.0,Mobile Phone,3,19.0,E wallet,Male,3.0,4.0,Laptop & Accessory,5,Married,6.0,1,13.0,2.0,2.0,2.0,161.34,3
1112,1,10.0,Mobile Phone,3,6.0,Debit Card,Male,2.0,5.0,Laptop & Accessory,4,Single,7.0,0,15.0,0.0,1.0,0.0,167.35,2
1113,0,10.0,Mobile Phone,1,10.0,Credit Card,Female,2.0,3.0,Mobile Phone,4,Single,2.0,0,13.0,1.0,1.0,2.0,132.95,2
1114,0,4.0,Computer,1,30.0,Cash on Delivery,Female,1.0,3.0,Laptop & Accessory,1,Single,3.0,0,20.0,1.0,1.0,4.0,152.38,2
1115,0,12.0,Computer,1,6.0,Debit Card,Male,3.0,3.0,Laptop & Accessory,1,Married,2.0,1,15.0,3.0,5.0,8.0,164.72,0
1116,0,5.0,Mobile Phone,3,25.0,Debit Card,Male,3.0,5.0,Fashion,3,Married,4.0,0,13.0,1.0,1.0,2.0,196.1,3
1117,0,13.0,Mobile Phone,3,13.0,Credit Card,Male,2.0,3.0,Others,4,Single,2.0,0,15.0,1.0,6.0,8.0,272.32625,0
1118,0,18.0,Mobile Phone,2,10.0,Debit Card,Female,2.0,5.0,Fashion,3,Married,5.0,0,21.0,1.0,1.0,3.0,197.56,1
1119,0,3.0,Computer,1,8.0,Cash on Delivery,Female,3.0,4.0,Mobile Phone,5,Single,1.0,0,16.0,0.0,1.0,7.0,149.68,2
1120,0,10.0,Computer,2,16.0,Credit Card,Male,2.0,3.0,Mobile Phone,1,Married,1.0,0,14.0,1.0,2.0,1.0,121.44999999999999,2
1121,1,10.0,Computer,2,14.0,UPI,Female,3.0,4.0,Mobile Phone,1,Married,7.0,0,11.0,1.0,1.0,2.0,121.80000000000001,2
1122,0,4.0,Mobile Phone,3,11.0,Cash on Delivery,Male,2.0,3.0,Laptop & Accessory,3,Married,2.0,0,19.0,0.0,1.0,2.0,183.46,2
1123,0,10.0,Mobile Phone,1,14.0,Credit Card,Female,3.0,3.0,Mobile Phone,1,Single,2.0,0,11.0,1.0,1.0,4.0,134.45,2
1124,1,10.0,Mobile Phone,3,15.0,E wallet,Female,3.0,5.0,Mobile Phone,4,Single,2.0,0,13.0,1.0,2.0,2.0,127.6,3
1125,0,2.0,Computer,1,6.0,Debit Card,Male,3.0,1.5,Laptop & Accessory,3,Single,9.0,1,12.0,0.0,1.0,2.0,162.94,2
1126,0,3.0,Mobile Phone,3,21.0,E wallet,Male,3.0,4.0,Fashion,5,Married,3.0,0,11.0,0.0,1.0,7.0,171.4,2
1127,0,7.0,Mobile Phone,1,8.0,Credit Card,Male,3.0,1.5,Mobile Phone,1,Married,1.0,1,14.0,0.0,1.0,2.0,129.32,2
1128,0,6.0,Computer,3,8.0,E wallet,Female,3.0,3.0,Laptop & Accessory,4,Single,9.0,0,15.0,0.0,1.0,7.0,151.47,2
1129,0,22.0,Mobile Phone,3,17.0,E wallet,Female,3.0,3.0,Laptop & Accessory,1,Single,4.0,0,12.0,0.0,1.0,4.0,145.07,2
1130,1,10.0,Mobile Phone,3,22.0,Debit Card,Female,3.0,3.0,Fashion,5,Single,3.0,1,20.0,0.0,1.0,0.0,185.64,2
1131,0,11.0,Computer,1,14.0,Credit Card,Female,3.0,4.0,Mobile Phone,4,Married,5.0,0,14.0,0.0,1.0,5.0,124.68,2
1132,1,10.0,Mobile Phone,3,22.0,E wallet,Male,3.0,3.0,Fashion,3,Married,3.0,0,13.0,1.0,1.0,0.0,181.61,2
1133,0,10.0,Mobile Phone,1,10.0,Cash on Delivery,Female,3.0,4.0,Mobile Phone,5,Married,2.0,0,13.0,0.0,1.0,0.0,121.09,2
1134,0,10.0,Mobile Phone,1,22.0,Debit Card,Male,2.0,1.5,Laptop & Accessory,3,Married,4.0,0,16.0,1.0,1.0,7.0,152.94,2
1135,0,5.0,Computer,1,11.0,Cash on Delivery,Male,3.0,3.0,Mobile Phone,4,Single,3.0,0,14.0,1.0,1.0,7.0,127.18,2
1136,0,11.0,Mobile Phone,1,24.0,Credit Card,Male,2.0,5.0,Laptop & Accessory,1,Married,4.0,1,16.0,0.0,1.0,0.0,158.11,2
1137,1,6.0,Computer,1,14.0,Cash on Delivery,Male,2.0,4.0,Mobile Phone,3,Married,10.0,1,16.0,1.0,1.0,0.0,124.37,2
1138,0,15.0,Mobile Phone,1,18.0,Credit Card,Male,3.0,3.0,Mobile Phone,4,Married,9.0,0,22.0,1.0,1.0,4.0,127.66,2
1139,0,28.0,Mobile Phone,1,8.0,Credit Card,Male,2.0,4.0,Others,5,Married,9.0,0,12.0,1.0,1.0,0.0,272.32625,1
1140,0,6.0,Computer,1,10.0,Cash on Delivery,Male,3.0,3.0,Laptop & Accessory,4,Married,6.0,0,15.0,0.0,1.0,7.0,130.55,2
1141,0,10.0,Mobile Phone,1,15.0,Debit Card,Male,3.0,3.0,Mobile Phone,5,Married,2.0,0,20.0,1.0,1.0,4.0,122.88999999999999,2
1142,0,7.0,Computer,3,16.0,Debit Card,Male,2.0,3.0,Laptop & Accessory,3,Married,2.0,1,14.0,1.0,1.0,7.0,140.01,2
1143,0,26.0,Computer,1,6.0,Credit Card,Female,2.0,4.0,Grocery,3,Married,5.0,1,20.0,0.0,1.0,3.0,229.64999999999998,1
1144,0,16.0,Mobile Phone,2,8.0,Debit Card,Male,3.0,3.0,Mobile Phone,1,Single,1.0,0,13.0,0.0,1.0,8.0,135.39,2
1145,0,7.0,Mobile Phone,3,9.0,Debit Card,Female,2.0,5.0,Laptop & Accessory,1,Single,6.0,0,12.0,1.0,2.0,2.0,160.29,2
1146,1,10.0,Mobile Phone,3,13.0,E wallet,Male,3.0,3.0,Mobile Phone,4,Single,2.0,0,13.0,1.0,1.0,0.0,126.78999999999999,2
1147,0,11.0,Mobile Phone,1,12.0,UPI,Female,2.0,4.0,Mobile Phone,3,Married,2.0,0,11.0,0.0,1.0,4.0,137.02,2
1148,1,10.0,Mobile Phone,1,14.0,Credit Card,Female,3.0,3.0,Mobile Phone,5,Married,2.0,1,17.0,0.0,1.0,0.0,123.97999999999999,2
1149,0,4.0,Mobile Phone,3,35.0,E wallet,Female,3.0,4.0,Laptop & Accessory,1,Married,2.0,0,14.0,2.0,5.0,7.0,154.68,0
1150,0,24.0,Mobile Phone,1,9.0,Cash on Delivery,Female,2.0,3.0,Fashion,3,Married,3.0,0,11.0,2.0,2.0,3.0,231.16000000000003,1
1151,0,10.0,Mobile Phone,3,15.0,E wallet,Male,2.0,4.0,Laptop & Accessory,4,Married,2.0,0,14.0,0.0,1.0,3.0,141.89,2
1152,0,19.0,Mobile Phone,1,8.0,Credit Card,Male,2.0,3.0,Others,1,Married,8.0,1,15.0,1.0,2.0,2.0,272.32625,1
1153,0,9.0,Mobile Phone,1,16.0,Debit Card,Male,2.0,3.0,Fashion,5,Married,8.0,1,13.0,1.0,5.0,7.0,183.21,1
1154,1,7.0,Computer,1,14.0,Credit Card,Male,2.0,3.0,Mobile Phone,4,Married,2.0,1,12.0,1.0,2.0,3.0,123.41999999999999,2
1155,0,10.0,Mobile Phone,2,14.0,UPI,Male,2.0,3.0,Laptop & Accessory,4,Married,3.0,0,13.0,3.5,4.0,7.0,140.71,0
1156,1,10.0,Mobile Phone,3,33.0,Debit Card,Male,2.0,3.0,Laptop & Accessory,1,Single,2.0,1,18.0,0.0,6.0,7.0,158.13,2
1157,0,6.0,Mobile Phone,1,14.0,Debit Card,Male,3.0,1.5,Mobile Phone,5,Married,7.0,0,19.0,3.5,6.0,6.0,131.43,0
1158,0,10.0,Mobile Phone,1,6.0,Debit Card,Male,2.0,3.0,Mobile Phone,1,Married,2.0,0,11.0,0.0,1.0,3.0,120.44,2
1159,0,12.0,Mobile Phone,1,16.0,Credit Card,Male,3.0,3.0,Fashion,3,Single,8.0,0,21.0,2.0,2.0,2.0,234.64,1
1160,0,19.0,Computer,3,32.0,Debit Card,Male,3.0,4.0,Laptop & Accessory,4,Single,9.0,0,15.0,2.0,2.0,2.0,179.91,1
1161,0,13.0,Mobile Phone,1,8.0,Debit Card,Female,2.0,3.0,Mobile Phone,5,Married,5.0,0,17.0,1.0,1.0,2.0,133.77,2
1162,0,15.0,Mobile Phone,1,19.0,Credit Card,Male,3.0,1.5,Laptop & Accessory,5,Married,6.0,0,18.0,1.0,1.0,0.0,155.38,2
1163,0,8.0,Computer,1,8.0,Credit Card,Male,2.0,3.0,Laptop & Accessory,1,Married,3.0,0,14.0,0.0,1.0,7.0,157.62,2
1164,0,11.0,Computer,2,14.0,UPI,Male,3.0,3.0,Mobile Phone,4,Married,6.0,0,13.0,3.0,3.0,8.0,125.91999999999999,0
1165,1,10.0,Computer,1,15.0,Debit Card,Male,3.0,3.0,Laptop & Accessory,5,Married,5.0,0,17.0,0.0,1.0,7.0,153.46,2
1166,1,10.0,Mobile Phone,1,16.0,Credit Card,Male,2.0,3.0,Laptop & Accessory,5,Single,2.0,0,15.0,0.0,1.0,8.0,142.13,2
1167,0,12.0,Computer,3,26.0,Debit Card,Male,2.0,3.0,Laptop & Accessory,1,Married,3.0,0,18.0,1.0,2.0,2.0,141.27,2
1168,0,16.0,Computer,1,14.0,Debit Card,Male,2.0,3.0,Mobile Phone,3,Single,5.0,0,13.0,0.0,1.0,2.0,124.38,2
1169,0,14.0,Mobile Phone,1,11.0,Debit Card,Male,2.0,1.5,Laptop & Accessory,4,Single,4.0,0,12.0,1.0,1.0,2.0,168.7,2
1170,0,14.0,Mobile Phone,3,10.0,E wallet,Female,2.0,3.0,Fashion,3,Married,1.0,1,13.0,0.0,6.0,5.0,204.47,1
1171,0,3.0,Mobile Phone,1,16.0,Credit Card,Female,3.0,3.0,Fashion,3,Single,10.0,0,14.0,0.0,1.0,2.0,196.67,1
1172,1,10.0,Mobile Phone,2,26.0,Credit Card,Female,3.0,3.0,Mobile Phone,4,Married,1.0,1,11.0,0.0,1.0,4.0,121.47999999999999,2
1173,1,9.0,Mobile Phone,1,27.0,Credit Card,Female,3.0,3.0,Laptop & Accessory,4,Married,5.0,0,22.0,1.0,3.0,7.0,189.26,1
1174,0,13.0,Mobile Phone,1,6.0,Debit Card,Female,2.0,3.0,Laptop & Accessory,1,Married,5.0,0,17.0,0.0,1.0,3.0,165.13,2
1175,0,7.0,Mobile Phone,3,14.0,Cash on Delivery,Male,3.0,1.5,Laptop & Accessory,3,Married,2.0,0,21.0,0.0,4.0,8.0,167.99,2
1176,0,30.0,Computer,3,8.0,Credit Card,Male,2.0,3.0,Grocery,4,Married,5.0,0,22.0,3.5,6.0,14.0,69.83625,0
1177,0,8.0,Mobile Phone,1,29.0,Credit Card,Male,3.0,5.0,Mobile Phone,3,Married,1.0,0,16.0,1.0,1.0,3.0,127.05000000000001,3
1178,0,20.0,Mobile Phone,1,10.0,Debit Card,Female,3.0,4.0,Fashion,4,Married,9.0,1,12.0,2.0,6.0,10.0,203.33,1
1179,0,13.0,Mobile Phone,1,18.0,Debit Card,Female,2.0,3.0,Laptop & Accessory,5,Married,3.0,0,12.0,3.5,6.0,7.0,144.48,0
1180,0,27.0,Mobile Phone,1,13.0,Credit Card,Female,3.0,3.0,Laptop & Accessory,1,Married,5.0,0,15.0,1.0,1.0,7.0,168.54,1
1181,0,4.0,Computer,3,13.0,E wallet,Female,3.0,3.0,Fashion,5,Married,3.0,0,14.0,2.0,2.0,2.0,196.37,1
1182,0,1.0,Mobile Phone,1,6.0,Credit Card,Female,3.0,3.0,Mobile Phone,5,Married,2.0,0,25.0,1.0,1.0,2.0,135.91,2
1183,0,11.0,Mobile Phone,3,8.0,E wallet,Female,3.0,5.0,Laptop & Accessory,1,Married,3.0,1,20.0,0.0,1.0,3.0,154.05,3
1184,0,10.0,Mobile Phone,3,16.0,Credit Card,Male,2.0,3.0,Laptop & Accessory,1,Single,2.0,0,13.0,0.0,1.0,2.0,146.84,2
1185,0,30.0,Computer,1,21.0,Debit Card,Male,2.0,3.0,Grocery,3,Married,3.0,1,14.0,1.0,2.0,2.0,257.87,1
1186,0,10.0,Computer,1,20.0,Credit Card,Female,2.0,3.0,Mobile Phone,3,Single,2.0,0,16.0,1.0,1.0,0.0,115.13999999999999,2
1187,1,10.0,Mobile Phone,2,24.0,UPI,Male,3.0,1.5,Mobile Phone,5,Married,1.0,0,17.0,1.0,1.0,0.0,129.56,2
1188,1,10.0,Mobile Phone,2,14.0,UPI,Male,2.0,4.0,Mobile Phone,5,Married,5.0,1,15.0,1.0,2.0,0.0,123.35,2
1189,0,18.0,Computer,3,8.0,Debit Card,Female,3.0,3.0,Laptop & Accessory,3,Married,5.0,0,22.0,3.0,5.0,7.0,151.54,0
1190,0,9.0,Mobile Phone,1,8.0,UPI,Female,3.0,3.0,Laptop & Accessory,4,Married,5.0,1,22.0,0.0,1.0,0.0,169.62,2
1191,0,16.0,Computer,3,8.0,Debit Card,Male,3.0,3.0,Laptop & Accessory,1,Married,2.0,0,20.0,3.5,6.0,7.0,156.75,0
1192,0,10.0,Computer,1,14.0,Debit Card,Female,2.0,3.0,Mobile Phone,1,Single,1.0,1,14.0,1.0,1.0,2.0,123.78999999999999,2
1193,0,2.0,Computer,1,26.0,Credit Card,Male,2.0,3.0,Mobile Phone,1,Married,2.0,0,13.0,1.0,3.0,10.0,138.12,2
1194,0,5.0,Computer,3,16.0,E wallet,Male,3.0,3.0,Laptop & Accessory,1,Single,9.0,0,13.0,1.0,1.0,0.0,146.48,2
1195,0,15.0,Computer,1,16.0,Cash on Delivery,Male,3.0,3.0,Mobile Phone,3,Married,4.0,0,22.0,1.0,3.0,3.0,129.36,2
1196,0,10.0,Mobile Phone,1,15.0,Debit Card,Female,3.0,3.0,Mobile Phone,3,Single,5.0,0,12.0,1.0,2.0,0.0,121.05000000000001,2
1197,0,19.0,Mobile Phone,1,8.0,Debit Card,Male,2.0,3.0,Fashion,1,Married,4.0,0,14.0,1.0,4.0,7.0,185.78,1
1198,0,1.0,Computer,2,6.0,Debit Card,Male,3.0,3.0,Mobile Phone,1,Married,2.0,0,15.0,0.0,2.0,2.0,127.06,2
1199,0,2.0,Mobile Phone,1,35.0,Debit Card,Male,3.0,5.0,Laptop & Accessory,3,Married,9.0,0,17.0,1.0,1.0,6.0,163.84,3
1200,0,15.0,Mobile Phone,1,14.0,Debit Card,Male,2.0,3.0,Mobile Phone,3,Single,5.0,0,13.0,1.0,1.0,0.0,139.68,2
1201,1,10.0,Mobile Phone,3,8.0,E wallet,Male,2.0,4.0,Laptop & Accessory,4,Single,8.0,1,12.0,2.0,2.0,2.0,199.07,1
1202,0,19.0,Mobile Phone,3,9.0,Cash on Delivery,Female,2.0,1.5,Grocery,5,Married,3.0,0,12.0,1.0,2.0,8.0,232.25,1
1203,0,10.0,Mobile Phone,3,29.0,Credit Card,Female,2.0,4.0,Laptop & Accessory,3,Married,2.0,0,21.0,3.5,5.0,8.0,135.4,0
1204,0,2.0,Mobile Phone,2,12.0,Credit Card,Male,3.0,4.0,Mobile Phone,4,Married,2.0,0,11.0,1.0,1.0,0.0,128.04,2
1205,0,16.0,Mobile Phone,1,12.0,Credit Card,Female,2.0,4.0,Others,3,Married,8.0,0,15.0,3.0,6.0,14.0,272.32625,0
1206,0,21.0,Mobile Phone,1,16.0,Debit Card,Male,3.0,4.0,Others,4,Married,5.0,0,15.0,3.0,6.0,9.0,272.32625,0
1207,1,10.0,Computer,1,14.0,Debit Card,Male,3.0,4.0,Mobile Phone,1,Single,2.0,1,24.0,1.0,1.0,0.0,124.38999999999999,3
1208,1,9.0,Mobile Phone,3,16.0,Debit Card,Female,3.0,3.0,Fashion,4,Married,6.0,0,21.0,0.0,1.0,7.0,173.14,1
1209,0,10.0,Computer,1,21.0,Debit Card,Female,3.0,4.0,Mobile Phone,5,Married,1.0,0,19.0,3.5,6.0,3.0,147.74,0
1210,0,12.0,Mobile Phone,1,25.0,UPI,Male,2.0,3.0,Laptop & Accessory,1,Married,9.0,0,14.0,1.0,2.0,2.0,139.02,2
1211,0,28.0,Mobile Phone,1,8.0,Cash on Delivery,Male,3.0,4.0,Mobile Phone,1,Married,9.0,0,20.0,0.0,1.0,4.0,126.62,2
1212,0,1.0,Mobile Phone,3,9.0,Credit Card,Female,3.0,3.0,Mobile Phone,4,Married,2.0,0,19.0,1.0,1.0,0.0,128.56,2
1213,1,10.0,Mobile Phone,3,15.0,Credit Card,Male,2.0,3.0,Mobile Phone,1,Single,2.0,0,13.0,0.0,1.0,0.0,110.81,2
1214,1,10.0,Mobile Phone,1,14.0,Debit Card,Male,3.0,3.0,Mobile Phone,4,Single,2.0,1,23.0,1.0,1.0,0.0,124.72,2
1215,0,9.0,Mobile Phone,3,16.0,Cash on Delivery,Female,3.0,4.0,Laptop & Accessory,3,Married,2.0,1,13.0,1.0,1.0,7.0,156.73,2
1216,0,4.0,Mobile Phone,1,26.0,Debit Card,Male,2.0,3.0,Laptop & Accessory,3,Married,2.0,0,11.0,0.0,1.0,2.0,141.97,2
1217,0,7.0,Mobile Phone,3,10.0,Debit Card,Male,3.0,3.0,Fashion,1,Married,3.0,1,13.0,0.0,1.0,0.0,197.13,2
1218,0,10.0,Mobile Phone,1,13.0,Debit Card,Male,2.0,3.0,Mobile Phone,5,Single,4.0,0,14.0,0.0,1.0,2.0,120.62,2
1219,0,10.0,Mobile Phone,1,13.0,Credit Card,Male,3.0,3.0,Laptop & Accessory,5,Married,6.0,1,22.0,0.0,1.0,4.0,142.84,2
1220,0,8.0,Mobile Phone,1,22.0,UPI,Female,2.0,4.0,Laptop & Accessory,4,Married,1.0,1,11.0,1.0,1.0,2.0,147.88,2
1221,0,18.0,Mobile Phone,1,31.0,Debit Card,Female,3.0,4.0,Laptop & Accessory,1,Married,1.0,0,13.0,0.0,3.0,8.0,159.06,2
1222,0,9.0,Computer,2,8.0,UPI,Male,3.0,4.0,Laptop & Accessory,1,Single,2.0,0,21.0,1.0,1.0,8.0,138.86,3
1223,0,13.0,Mobile Phone,1,6.0,Debit Card,Male,3.0,3.0,Grocery,5,Married,3.0,0,11.0,1.0,6.0,14.5,268.23,0
1224,0,10.0,Mobile Phone,1,6.0,Debit Card,Female,3.0,4.0,Mobile Phone,3,Married,2.0,1,13.0,0.0,1.0,0.0,129.33,2
1225,0,10.0,Mobile Phone,3,8.0,Credit Card,Female,2.0,1.5,Laptop & Accessory,3,Single,1.0,0,14.0,0.0,1.0,7.0,165.0,2
1226,0,21.0,Computer,1,28.0,Credit Card,Female,2.0,3.0,Grocery,1,Married,4.0,0,11.0,1.0,4.0,7.0,271.74,1
1227,0,17.0,Mobile Phone,1,6.0,Debit Card,Male,3.0,1.5,Laptop & Accessory,5,Married,3.0,0,15.0,2.0,2.0,2.0,150.33,2
1228,1,10.0,Computer,1,22.0,Cash on Delivery,Male,2.0,5.0,Mobile Phone,5,Married,2.0,1,23.0,3.0,3.0,0.0,123.07,3
1229,1,19.0,Mobile Phone,1,14.0,Debit Card,Male,3.0,3.0,Mobile Phone,1,Single,2.0,0,16.0,0.0,1.0,0.0,125.87,2
1230,0,9.0,Mobile Phone,3,23.0,E wallet,Male,2.0,4.0,Laptop & Accessory,4,Married,3.0,0,16.0,1.0,1.0,3.0,155.07,2
1231,0,14.0,Mobile Phone,3,14.0,E wallet,Female,2.0,3.0,Laptop & Accessory,4,Married,6.0,0,21.0,1.0,1.0,4.0,143.93,2
1232,0,15.0,Mobile Phone,1,12.0,Credit Card,Male,2.0,3.0,Fashion,5,Married,10.0,0,13.0,3.0,2.0,7.0,233.48000000000002,1
1233,0,4.0,Mobile Phone,3,16.0,Credit Card,Female,2.0,3.0,Laptop & Accessory,1,Married,3.0,1,11.0,0.0,1.0,4.0,165.83,2
1234,0,7.0,Mobile Phone,3,9.0,Credit Card,Female,3.0,4.0,Laptop & Accessory,1,Married,4.0,1,12.0,0.0,1.0,1.0,181.03,2
1235,0,4.0,Mobile Phone,1,10.0,Credit Card,Female,3.0,1.5,Mobile Phone,3,Married,9.0,0,12.0,2.0,2.0,2.0,139.78,2
1236,0,10.0,Computer,1,14.0,UPI,Male,3.0,1.5,Mobile Phone,1,Married,1.0,0,18.0,2.0,6.0,7.0,125.44,0
1237,0,18.0,Computer,1,6.0,Credit Card,Male,2.0,3.0,Laptop & Accessory,3,Single,5.0,0,12.0,1.0,1.0,3.0,153.99,2
1238,0,6.0,Mobile Phone,3,16.0,E wallet,Male,2.0,3.0,Laptop & Accessory,3,Single,2.0,0,14.0,0.0,1.0,9.0,154.87,2
1239,0,1.0,Computer,3,6.0,Debit Card,Male,2.0,4.0,Laptop & Accessory,1,Married,2.0,1,12.0,0.0,1.0,7.0,168.34,2
1240,1,10.0,Computer,3,30.0,Cash on Delivery,Male,2.0,1.5,Mobile Phone,5,Single,2.0,0,17.0,1.0,1.0,0.0,110.91,2
1241,0,12.0,Computer,3,27.0,Debit Card,Female,2.0,5.0,Laptop & Accessory,3,Married,7.0,0,19.0,0.0,1.0,2.0,157.36,2
1242,0,10.0,Mobile Phone,1,8.0,Cash on Delivery,Male,2.0,3.0,Mobile Phone,4,Married,2.0,0,11.0,1.0,1.0,2.0,122.25999999999999,2
1243,0,7.0,Computer,1,28.0,UPI,Male,2.0,4.0,Laptop & Accessory,1,Married,2.0,1,15.0,3.0,6.0,11.0,157.47,0
1244,1,10.0,Mobile Phone,3,19.0,E wallet,Female,2.0,3.0,Laptop & Accessory,3,Single,4.0,1,11.0,2.0,2.0,2.0,198.54,2
1245,0,20.0,Computer,1,20.0,Cash on Delivery,Male,3.0,3.0,Laptop & Accessory,4,Married,9.0,0,18.0,0.0,1.0,7.0,154.67,1
1246,0,29.0,Mobile Phone,3,17.0,E wallet,Female,2.0,4.0,Laptop & Accessory,5,Married,5.0,0,16.0,0.0,1.0,0.0,153.8,2
1247,0,12.0,Mobile Phone,1,15.0,Credit Card,Male,2.0,3.0,Laptop & Accessory,5,Married,2.0,0,25.0,3.5,6.0,9.0,151.51,0
1248,0,10.0,Computer,1,14.0,Credit Card,Female,2.0,4.0,Laptop & Accessory,4,Married,2.0,1,16.0,1.0,1.0,7.0,121.33000000000001,2
1249,0,30.0,Mobile Phone,3,27.0,Debit Card,Female,3.0,3.0,Grocery,1,Married,5.0,1,13.0,1.0,1.0,0.0,272.32625,1
1250,1,10.0,Computer,1,14.0,Debit Card,Female,2.0,1.5,Mobile Phone,3,Single,4.0,1,14.0,0.0,1.0,3.0,124.32,2
1251,0,11.0,Mobile Phone,1,15.0,Debit Card,Male,3.0,3.0,Mobile Phone,1,Married,3.0,0,19.0,1.0,1.0,3.0,147.71,2
1252,0,22.0,Computer,1,8.0,Debit Card,Male,2.0,3.0,Others,1,Married,4.0,0,15.0,1.0,4.0,3.0,272.32625,1
1253,0,15.0,Mobile Phone,3,18.0,E wallet,Male,3.0,3.0,Laptop & Accessory,1,Married,4.0,1,12.0,0.0,1.0,0.0,150.87,2
1254,1,10.0,Computer,2,28.0,UPI,Female,3.0,4.0,Mobile Phone,4,Married,2.0,0,12.0,1.0,1.0,0.0,128.63,2
1255,0,8.0,Mobile Phone,3,24.0,Credit Card,Male,3.0,3.0,Laptop & Accessory,5,Married,1.0,0,16.0,0.0,1.0,4.0,69.83625,2
1256,0,10.0,Computer,1,22.0,Credit Card,Male,2.0,3.0,Mobile Phone,3,Single,2.0,0,14.0,0.0,1.0,4.0,121.44,2
1257,0,4.0,Computer,1,9.0,Credit Card,Male,3.0,3.0,Mobile Phone,5,Married,2.0,1,13.0,0.0,2.0,3.0,130.65,2
1258,0,9.0,Computer,1,15.0,Debit Card,Male,3.0,1.5,Mobile Phone,4,Married,2.0,0,22.0,1.0,1.0,2.0,128.1,2
1259,0,7.0,Mobile Phone,3,6.0,E wallet,Male,2.0,3.0,Fashion,1,Single,2.0,0,21.0,1.0,2.0,1.0,198.88,2
1260,0,7.0,Mobile Phone,3,19.0,Credit Card,Male,2.0,3.0,Fashion,3,Married,2.0,0,18.0,1.0,1.0,1.0,186.28,2
1261,0,10.0,Mobile Phone,1,6.0,Credit Card,Male,3.0,3.0,Mobile Phone,5,Single,1.0,0,13.0,3.0,6.0,6.0,128.67,0
1262,0,2.0,Mobile Phone,1,6.0,Debit Card,Male,2.0,3.0,Laptop & Accessory,5,Married,1.0,0,12.0,1.0,1.0,2.0,153.73,2
1263,0,5.0,Computer,1,21.0,Credit Card,Female,2.0,3.0,Laptop & Accessory,1,Married,6.0,0,18.0,0.0,1.0,2.0,166.67,2
1264,0,4.0,Computer,1,6.0,Debit Card,Male,2.0,5.0,Laptop & Accessory,5,Married,2.0,0,21.0,1.0,6.0,7.0,150.03,0
1265,1,10.0,Mobile Phone,1,14.0,Cash on Delivery,Male,2.0,4.0,Mobile Phone,1,Married,6.0,0,12.0,0.0,1.0,3.0,123.66999999999999,2
1266,0,11.0,Mobile Phone,3,6.0,Debit Card,Male,3.0,4.0,Mobile Phone,5,Single,5.0,0,14.0,0.0,1.0,0.0,128.58,2
1267,0,8.0,Mobile Phone,3,13.0,Debit Card,Female,2.0,3.0,Laptop & Accessory,1,Married,2.0,1,11.0,1.0,1.0,9.0,152.04,2
1268,0,10.0,Mobile Phone,3,15.0,E wallet,Male,2.0,3.0,Laptop & Accessory,1,Single,2.0,0,14.0,0.0,1.0,7.0,141.05,2
1269,0,5.0,Mobile Phone,1,11.0,Debit Card,Male,2.0,4.0,Laptop & Accessory,1,Single,9.0,0,24.0,0.0,1.0,0.0,196.79,2
1270,1,10.0,Computer,3,32.0,E wallet,Male,3.0,3.0,Laptop & Accessory,1,Married,2.0,1,11.0,0.0,1.0,8.0,156.17,2
1271,1,16.0,Mobile Phone,3,30.0,Debit Card,Male,3.0,3.0,Fashion,5,Single,7.0,1,13.0,2.0,2.0,2.0,204.48,1
1272,0,27.0,Mobile Phone,1,15.0,Debit Card,Female,3.0,3.0,Laptop & Accessory,3,Married,4.0,0,11.0,0.0,2.0,3.0,128.97,2
1273,0,6.0,Computer,1,13.0,Debit Card,Male,2.0,3.0,Laptop & Accessory,3,Married,2.0,0,20.0,2.0,2.0,8.0,159.68,2
1274,0,16.0,Mobile Phone,1,17.0,Debit Card,Male,1.0,3.0,Fashion,3,Married,2.0,0,17.0,1.0,1.0,9.0,175.1,2
1275,0,11.0,Computer,2,6.0,UPI,Male,3.0,3.0,Mobile Phone,4,Married,1.0,1,11.0,1.0,1.0,2.0,129.91,2
1276,0,28.0,Mobile Phone,2,32.0,UPI,Male,3.0,1.5,Others,4,Married,5.0,1,15.0,1.0,1.0,4.0,272.32625,1
1277,0,4.0,Mobile Phone,1,8.0,Credit Card,Female,2.0,5.0,Mobile Phone,1,Married,2.0,1,11.0,1.0,1.0,0.0,111.28999999999999,2
1278,0,12.0,Mobile Phone,3,21.0,E wallet,Male,3.0,3.0,Grocery,5,Single,1.0,0,12.0,3.5,2.0,10.0,233.41000000000003,0
1279,0,15.0,Computer,1,29.0,Debit Card,Male,2.0,4.0,Laptop & Accessory,3,Single,2.0,0,12.0,2.0,3.0,7.0,143.32,2
1280,0,4.0,Computer,1,16.0,Credit Card,Female,2.0,3.0,Fashion,3,Married,5.0,0,20.0,3.0,4.0,3.0,210.31,0
1281,0,27.0,Mobile Phone,1,16.0,Credit Card,Female,3.0,3.0,Laptop & Accessory,5,Single,7.0,1,19.0,0.0,1.0,4.0,144.4,1
1282,0,10.0,Mobile Phone,1,6.0,Debit Card,Male,2.0,4.0,Laptop & Accessory,3,Single,2.0,0,12.0,1.0,1.0,2.0,146.17,2
1283,0,10.0,Mobile Phone,1,14.0,UPI,Male,3.0,3.0,Mobile Phone,1,Single,2.0,0,13.0,1.0,1.0,4.0,126.47,2
1284,0,13.0,Computer,1,17.0,Cash on Delivery,Female,3.0,3.0,Laptop & Accessory,3,Married,2.0,0,11.0,2.0,6.0,4.0,163.23,0
1285,0,13.0,Mobile Phone,3,8.0,E wallet,Female,3.0,3.0,Laptop & Accessory,4,Married,4.0,0,14.0,1.0,5.0,10.0,156.77,0
1286,0,10.0,Mobile Phone,2,8.0,UPI,Female,2.0,3.0,Mobile Phone,4,Married,5.0,0,14.0,0.0,1.0,2.0,121.87,2
1287,0,3.0,Mobile Phone,1,6.0,Credit Card,Male,3.0,3.0,Mobile Phone,4,Married,2.0,0,13.0,0.0,1.0,7.0,137.48,2
1288,0,10.0,Mobile Phone,1,8.0,UPI,Male,2.0,3.0,Mobile Phone,3,Married,7.0,1,19.0,0.0,1.0,2.0,139.77,2
1289,0,20.0,Mobile Phone,1,31.0,Credit Card,Male,2.0,3.0,Fashion,3,Single,3.0,0,23.0,1.0,6.0,11.0,186.33,0
1290,0,10.0,Computer,1,6.0,Credit Card,Male,2.0,4.0,Mobile Phone,3,Married,2.0,0,12.0,0.0,1.0,0.0,120.08000000000001,2
1291,0,11.0,Mobile Phone,3,6.0,Debit Card,Male,2.0,3.0,Laptop & Accessory,4,Married,1.0,0,15.0,3.5,5.0,8.0,144.4,0
1292,0,4.0,Mobile Phone,3,8.0,Debit Card,Male,3.0,3.0,Mobile Phone,3,Married,1.0,0,19.0,1.0,1.0,2.0,130.67,2
1293,0,11.0,Computer,1,12.0,Debit Card,Male,3.0,4.0,Laptop & Accessory,3,Married,3.0,0,11.0,2.0,6.0,7.0,153.21,0
1294,0,15.0,Mobile Phone,1,24.0,Debit Card,Male,2.0,3.0,Laptop & Accessory,5,Married,7.0,1,17.0,0.0,1.0,2.0,154.1,2
1295,0,14.0,Mobile Phone,1,6.0,Debit Card,Male,3.0,3.0,Mobile Phone,1,Married,4.0,0,22.0,0.0,1.0,0.0,127.82,2
1296,0,20.0,Computer,1,6.0,Credit Card,Female,3.0,3.0,Fashion,4,Married,1.0,0,18.0,0.0,5.0,3.0,219.57,1
1297,0,8.0,Mobile Phone,1,17.0,Credit Card,Male,2.0,3.0,Mobile Phone,3,Married,8.0,1,11.0,0.0,2.0,2.0,126.6,2
1298,0,10.0,Mobile Phone,1,6.0,Debit Card,Male,3.0,3.0,Mobile Phone,3,Single,1.0,0,12.0,0.0,1.0,2.0,133.75,2
1299,0,8.0,Mobile Phone,1,15.0,Credit Card,Male,2.0,3.0,Laptop & Accessory,3,Single,2.0,0,19.0,0.0,1.0,8.0,150.98,2
1300,0,6.0,Mobile Phone,1,21.0,Credit Card,Female,3.0,3.0,Laptop & Accessory,1,Married,1.0,1,13.0,3.5,6.0,1.0,69.83625,0
1301,0,5.0,Mobile Phone,1,35.0,Debit Card,Female,3.0,4.0,Mobile Phone,4,Single,2.0,0,13.0,3.0,4.0,1.0,128.37,3
1302,0,13.0,Mobile Phone,1,14.0,Debit Card,Male,2.0,3.0,Mobile Phone,1,Married,9.0,0,19.0,0.0,1.0,0.0,124.06,2
1303,0,10.0,Mobile Phone,3,6.0,Credit Card,Male,3.0,4.0,Mobile Phone,4,Married,1.0,0,14.0,0.0,2.0,2.0,122.69,2
1304,0,12.0,Mobile Phone,1,30.0,Debit Card,Male,2.0,3.0,Laptop & Accessory,1,Single,8.0,0,13.0,1.0,1.0,7.0,141.08,2
1305,0,11.0,Mobile Phone,1,16.0,Credit Card,Female,2.0,5.0,Fashion,3,Married,4.0,0,12.0,1.0,2.0,11.0,232.06,1
1306,0,5.0,Mobile Phone,3,6.0,E wallet,Female,2.0,3.0,Fashion,1,Married,2.0,0,19.0,3.0,5.0,7.0,204.22,0
1307,0,10.0,Mobile Phone,1,16.0,Debit Card,Female,2.0,1.5,Fashion,1,Married,2.0,1,25.0,0.0,2.0,8.0,237.44,1
1308,0,10.0,Mobile Phone,3,14.0,UPI,Female,2.0,3.0,Laptop & Accessory,3,Married,1.0,1,22.0,1.0,1.0,4.0,149.07,2
1309,0,25.0,Computer,3,36.5,Debit Card,Male,2.0,3.0,Mobile Phone,1,Married,3.0,0,15.0,1.0,1.0,0.0,134.82,2
1310,0,17.0,Mobile Phone,1,14.0,Credit Card,Male,2.0,3.0,Mobile Phone,1,Single,7.0,1,12.0,0.0,1.0,2.0,124.36000000000001,2
1311,0,10.0,Mobile Phone,3,14.0,Credit Card,Male,2.0,3.0,Mobile Phone,5,Single,2.0,1,11.0,1.0,1.0,2.0,123.80000000000001,2
1312,0,12.0,Computer,1,15.0,Debit Card,Male,2.0,3.0,Others,1,Single,3.0,0,15.0,0.0,1.0,3.0,272.32625,2
1313,1,10.0,Computer,3,15.0,E wallet,Male,2.0,3.0,Mobile Phone,5,Married,2.0,0,19.0,1.0,1.0,0.0,117.9,2
1314,0,9.0,Mobile Phone,3,9.0,Credit Card,Female,3.0,4.0,Fashion,1,Married,1.0,0,19.0,3.0,3.0,4.0,176.44,0
1315,0,9.0,Computer,1,10.0,Debit Card,Female,3.0,3.0,Laptop & Accessory,4,Married,8.0,0,13.0,1.0,1.0,2.0,151.31,2
1316,0,29.0,Computer,1,6.0,Debit Card,Male,2.0,3.0,Laptop & Accessory,3,Married,2.0,0,21.0,0.0,1.0,9.0,163.06,2
1317,1,10.0,Mobile Phone,1,6.0,Credit Card,Male,2.0,3.0,Mobile Phone,1,Married,10.0,1,14.0,2.0,2.0,2.0,147.87,2
1318,0,15.0,Mobile Phone,1,8.0,Debit Card,Male,2.0,3.0,Others,3,Married,6.0,0,11.0,1.0,4.0,14.0,272.32625,1
1319,1,19.0,Mobile Phone,1,14.0,Cash on Delivery,Male,3.0,3.0,Mobile Phone,3,Married,9.0,0,11.0,3.5,6.0,8.0,123.38999999999999,0
1320,0,14.0,Mobile Phone,1,34.0,Debit Card,Female,2.0,4.0,Grocery,4,Married,1.0,0,23.0,1.0,2.0,10.0,235.7,1
1321,0,7.0,Mobile Phone,3,34.0,E wallet,Female,3.0,4.0,Laptop & Accessory,3,Married,2.0,0,21.0,1.0,1.0,7.0,167.12,3
1322,0,9.0,Computer,3,21.0,E wallet,Male,2.0,5.0,Laptop & Accessory,1,Married,2.0,0,24.0,3.5,6.0,11.0,154.06,0
1323,0,14.0,Mobile Phone,3,9.0,Debit Card,Male,2.0,4.0,Laptop & Accessory,4,Married,3.0,0,11.0,0.0,1.0,4.0,189.38,2
1324,0,5.0,Mobile Phone,1,14.0,Cash on Delivery,Male,3.0,3.0,Mobile Phone,5,Single,2.0,0,14.0,1.0,1.0,2.0,124.38999999999999,2
1325,0,8.0,Mobile Phone,2,32.0,Debit Card,Female,2.0,3.0,Fashion,1,Single,2.0,1,16.0,1.0,1.0,7.0,188.37,2
1326,0,11.0,Mobile Phone,3,16.0,Debit Card,Female,3.0,3.0,Laptop & Accessory,1,Married,2.0,0,11.0,0.0,1.0,9.0,153.43,2
1327,1,13.0,Computer,3,6.0,Debit Card,Male,3.0,3.0,Laptop & Accessory,3,Married,8.0,0,12.0,1.0,1.0,1.0,167.28,2
1328,0,9.0,Mobile Phone,3,17.0,E wallet,Female,3.0,4.0,Laptop & Accessory,1,Married,5.0,0,13.0,1.0,1.0,0.0,166.52,3
1329,0,18.0,Mobile Phone,3,26.0,Debit Card,Female,2.0,3.0,Laptop & Accessory,3,Single,9.0,0,15.0,1.0,1.0,1.0,148.5,2
1330,0,13.0,Mobile Phone,1,8.0,Debit Card,Male,3.0,4.0,Mobile Phone,3,Single,3.0,0,14.0,0.0,2.0,2.0,128.09,2
1331,0,8.0,Computer,1,24.0,Debit Card,Male,3.0,3.0,Laptop & Accessory,3,Married,2.0,1,14.0,1.0,1.0,2.0,156.89,2
1332,0,10.0,Mobile Phone,1,8.0,Credit Card,Female,3.0,3.0,Mobile Phone,3,Married,3.0,0,14.0,1.0,1.0,2.0,120.00999999999999,2
1333,0,8.0,Mobile Phone,1,6.0,Debit Card,Female,3.0,5.0,Mobile Phone,1,Married,2.0,0,12.0,0.0,1.0,1.0,129.77,2
1334,0,2.0,Mobile Phone,1,19.0,UPI,Male,2.0,4.0,Laptop & Accessory,4,Married,5.0,1,13.0,1.0,1.0,3.0,140.25,2
1335,0,2.0,Mobile Phone,1,34.0,Credit Card,Female,3.0,4.0,Mobile Phone,5,Single,2.0,0,14.0,0.0,1.0,4.0,137.85,2
1336,1,13.0,Mobile Phone,3,34.0,E wallet,Male,2.0,4.0,Fashion,5,Married,5.0,1,13.0,0.0,2.0,0.0,208.54000000000002,1
1337,0,12.0,Mobile Phone,3,30.0,E wallet,Female,2.0,4.0,Grocery,1,Married,1.0,0,11.0,1.0,6.0,3.0,220.31,0
1338,0,4.0,Computer,1,11.0,Credit Card,Male,3.0,3.0,Laptop & Accessory,5,Single,1.0,0,19.0,0.0,1.0,7.0,199.36,2
1339,0,10.0,Mobile Phone,3,11.0,UPI,Female,3.0,4.0,Mobile Phone,3,Single,1.0,0,18.0,0.0,1.0,0.0,129.66,2
1340,0,9.0,Computer,1,14.0,Credit Card,Male,2.0,1.5,Laptop & Accessory,1,Married,5.0,0,17.0,0.0,1.0,3.0,125.71000000000001,2
1341,0,12.0,Mobile Phone,1,12.0,Credit Card,Male,2.0,4.0,Fashion,5,Married,5.0,0,15.0,1.0,1.0,7.0,199.91,1
1342,0,10.0,Mobile Phone,1,10.0,Debit Card,Male,2.0,1.5,Laptop & Accessory,4,Married,2.0,1,20.0,1.0,1.0,3.0,161.42,2
1343,0,22.0,Computer,3,8.0,Credit Card,Male,3.0,4.0,Laptop & Accessory,4,Married,3.0,0,14.0,1.0,1.0,8.0,153.9,2
1344,0,7.0,Mobile Phone,1,14.0,Credit Card,Male,2.0,1.5,Laptop & Accessory,3,Married,3.0,0,12.0,0.0,1.0,2.0,144.04,2
1345,1,4.0,Mobile Phone,3,6.0,Debit Card,Female,3.0,3.0,Laptop & Accessory,1,Single,9.0,1,11.0,0.0,1.0,5.0,159.93,2
1346,0,22.0,Computer,1,14.0,Debit Card,Male,3.0,4.0,Laptop & Accessory,4,Married,2.0,0,23.0,0.0,1.0,7.0,151.3,2
1347,1,10.0,Mobile Phone,1,8.0,UPI,Male,3.0,4.0,Mobile Phone,3,Single,7.0,1,15.0,0.0,1.0,0.0,120.9,2
1348,0,6.0,Computer,1,9.0,Debit Card,Female,3.0,3.0,Mobile Phone,3,Married,2.0,1,11.0,2.0,3.0,0.0,129.09,2
1349,0,10.0,Mobile Phone,1,8.0,Credit Card,Male,2.0,3.0,Mobile Phone,4,Married,10.0,0,12.0,1.0,2.0,2.0,134.68,2
1350,0,5.0,Computer,1,8.0,Debit Card,Male,3.0,3.0,Mobile Phone,1,Single,1.0,0,13.0,1.0,3.0,6.0,130.68,2
1351,0,30.0,Mobile Phone,1,9.0,Credit Card,Female,3.0,1.5,Mobile Phone,5,Married,5.0,1,20.0,0.0,1.0,0.0,126.69999999999999,2
1352,0,3.0,Mobile Phone,1,30.0,Debit Card,Male,3.0,3.0,Mobile Phone,3,Married,2.0,0,22.0,1.0,1.0,0.0,126.93,2
1353,0,11.0,Computer,1,29.0,Debit Card,Male,2.0,4.0,Fashion,3,Single,1.0,0,21.0,1.0,1.0,8.0,195.26,1
1354,0,9.0,Mobile Phone,1,33.0,Credit Card,Male,3.0,3.0,Laptop & Accessory,3,Married,7.0,0,13.0,0.0,6.0,7.0,152.37,0
1355,0,8.0,Mobile Phone,1,14.0,Credit Card,Male,2.0,1.5,Mobile Phone,4,Married,1.0,0,13.0,1.0,1.0,3.0,124.25999999999999,2
1356,0,2.0,Mobile Phone,1,21.0,Debit Card,Female,2.0,4.0,Laptop & Accessory,3,Single,1.0,1,12.0,1.0,1.0,8.0,141.93,2
1357,0,4.0,Mobile Phone,1,32.0,Debit Card,Male,3.0,3.0,Mobile Phone,3,Married,2.0,0,17.0,3.0,4.0,3.0,129.11,3
1358,0,7.0,Mobile Phone,1,25.0,Credit Card,Male,3.0,3.0,Mobile Phone,1,Married,1.0,0,11.0,0.0,1.0,2.0,126.61000000000001,2
1359,1,10.0,Mobile Phone,1,30.0,Debit Card,Male,2.0,4.0,Mobile Phone,3,Single,6.0,1,14.0,0.0,1.0,3.0,120.28,2
1360,0,2.0,Mobile Phone,1,27.0,Debit Card,Female,2.0,1.5,Fashion,5,Married,2.0,0,11.0,3.5,6.0,8.0,199.8,0
1361,0,5.0,Mobile Phone,1,11.0,Debit Card,Male,3.0,1.5,Mobile Phone,4,Married,1.0,1,12.0,1.0,1.0,5.0,132.98,2
1362,0,10.0,Computer,1,22.0,Credit Card,Male,3.0,1.5,Mobile Phone,1,Married,2.0,1,13.0,0.0,1.0,0.0,129.35,2
1363,0,26.0,Mobile Phone,3,8.0,Debit Card,Female,3.0,4.0,Grocery,1,Married,3.0,0,16.0,0.0,2.0,7.0,254.26999999999998,1
1364,0,11.0,Mobile Phone,1,8.0,Debit Card,Male,2.0,3.0,Mobile Phone,1,Single,6.0,1,11.0,0.0,1.0,2.0,139.44,2
1365,0,10.0,Computer,1,17.0,UPI,Female,3.0,1.5,Laptop & Accessory,3,Married,1.0,0,18.0,0.0,1.0,3.0,140.11,2
1366,1,10.0,Mobile Phone,3,15.0,Debit Card,Male,2.0,4.0,Mobile Phone,5,Single,8.0,0,23.0,0.0,1.0,3.0,134.07,2
1367,0,7.0,Mobile Phone,1,13.0,Debit Card,Female,2.0,3.0,Fashion,4,Single,1.0,0,11.0,0.0,2.0,3.0,219.94,2
1368,0,10.0,Mobile Phone,1,21.0,Debit Card,Male,3.0,3.0,Mobile Phone,1,Single,2.0,0,14.0,1.0,1.0,0.0,112.32,2
1369,1,10.0,Mobile Phone,1,12.0,Credit Card,Male,3.0,3.0,Mobile Phone,5,Single,3.0,0,11.0,0.0,1.0,3.0,129.6,2
1370,0,26.0,Mobile Phone,1,11.0,UPI,Female,2.0,3.0,Others,3,Married,5.0,0,11.0,1.0,4.0,8.0,272.32625,1
1371,1,10.0,Computer,1,22.0,Debit Card,Female,3.0,5.0,Mobile Phone,5,Single,2.0,1,22.0,0.0,6.0,7.0,139.19,3
1372,0,15.0,Mobile Phone,3,14.0,E wallet,Male,2.0,3.0,Laptop & Accessory,4,Married,1.0,0,11.0,2.0,4.0,2.0,168.25,2
1373,0,17.0,Mobile Phone,1,13.0,Credit Card,Female,2.0,4.0,Fashion,1,Married,4.0,0,14.0,0.0,5.0,14.5,202.48,1
1374,0,19.0,Mobile Phone,3,8.0,E wallet,Female,2.0,3.0,Others,5,Single,4.0,0,12.0,1.0,2.0,1.0,272.32625,1
1375,0,6.0,Mobile Phone,1,14.0,Credit Card,Male,3.0,3.0,Mobile Phone,1,Single,5.0,0,11.0,0.0,1.0,0.0,124.96000000000001,2
1376,0,17.0,Mobile Phone,1,16.0,UPI,Male,2.0,3.0,Laptop & Accessory,1,Married,3.0,1,13.0,0.0,1.0,3.0,164.65,2
1377,0,10.0,Mobile Phone,1,15.0,Credit Card,Male,2.0,4.0,Mobile Phone,3,Single,2.0,0,13.0,0.0,1.0,8.0,122.06,2
1378,1,10.0,Mobile Phone,3,11.0,Cash on Delivery,Male,2.0,3.0,Laptop & Accessory,1,Married,4.0,0,14.0,0.0,1.0,0.0,120.86000000000001,2
1379,1,10.0,Mobile Phone,1,6.0,Credit Card,Male,3.0,3.0,Mobile Phone,1,Married,3.0,1,16.0,0.0,2.0,0.0,122.93,2
1380,0,16.0,Mobile Phone,1,14.0,Credit Card,Female,3.0,1.5,Mobile Phone,3,Married,2.0,0,12.0,1.0,1.0,4.0,126.44999999999999,2
1381,1,13.0,Mobile Phone,3,9.0,E wallet,Male,3.0,4.0,Mobile Phone,3,Married,2.0,1,14.0,1.0,1.0,2.0,126.83000000000001,2
1382,0,10.0,Mobile Phone,3,8.0,E wallet,Female,3.0,3.0,Mobile Phone,1,Married,2.0,0,13.0,2.0,2.0,2.0,120.13999999999999,2
1383,0,9.0,Mobile Phone,1,11.0,Debit Card,Female,2.0,4.0,Mobile Phone,5,Married,10.0,1,14.0,1.0,1.0,0.0,134.19,2
1384,0,6.0,Computer,3,6.0,Debit Card,Female,2.0,1.5,Laptop & Accessory,5,Married,3.0,0,19.0,0.0,1.0,3.0,153.76,2
1385,0,10.0,Mobile Phone,1,10.0,UPI,Male,3.0,3.0,Mobile Phone,1,Married,2.0,0,12.0,1.0,1.0,0.0,119.50999999999999,2
1386,0,10.0,Mobile Phone,1,14.0,Debit Card,Female,2.0,3.0,Mobile Phone,5,Married,2.0,0,13.0,1.0,1.0,0.0,123.41,2
1387,1,10.0,Mobile Phone,1,31.0,Debit Card,Male,2.0,5.0,Mobile Phone,3,Single,2.0,0,12.0,0.0,1.0,1.0,122.93,2
1388,0,10.0,Computer,3,14.0,Debit Card,Male,2.0,3.0,Fashion,3,Single,2.0,0,15.0,1.0,1.0,7.0,187.26,2
1389,0,3.0,Computer,1,6.0,Credit Card,Female,2.0,3.0,Laptop & Accessory,1,Single,2.0,0,23.0,1.0,3.0,7.0,140.11,2
1390,1,4.0,Mobile Phone,1,18.0,Cash on Delivery,Female,2.0,3.0,Others,3,Married,2.0,0,15.0,1.0,6.0,8.0,272.32625,0
1391,0,7.0,Computer,3,29.0,E wallet,Male,3.0,3.0,Laptop & Accessory,3,Single,1.0,0,20.0,0.0,6.0,7.0,145.68,0
1392,0,10.0,Mobile Phone,1,25.0,Debit Card,Male,3.0,3.0,Mobile Phone,4,Married,5.0,0,21.0,0.0,1.0,0.0,130.22,2
1393,0,19.0,Computer,3,11.0,E wallet,Male,3.0,3.0,Laptop & Accessory,1,Single,5.0,1,21.0,1.0,1.0,8.0,157.72,2
1394,0,10.0,Mobile Phone,1,14.0,Debit Card,Male,2.0,1.5,Mobile Phone,1,Married,2.0,0,19.0,1.0,1.0,1.0,122.69,2
1395,1,11.0,Mobile Phone,1,6.0,Debit Card,Male,3.0,4.0,Fashion,3,Single,10.0,1,13.0,0.0,1.0,0.0,153.81,1
1396,1,10.0,Mobile Phone,1,11.0,Cash on Delivery,Male,2.0,3.0,Mobile Phone,3,Single,2.0,1,13.0,0.0,2.0,2.0,134.41,2
1397,0,17.0,Mobile Phone,3,6.0,E wallet,Female,3.0,3.0,Laptop & Accessory,5,Married,6.0,1,21.0,1.0,1.0,3.0,154.54,2
1398,0,8.0,Computer,1,17.0,Credit Card,Male,3.0,4.0,Fashion,5,Married,3.0,1,13.0,1.0,2.0,3.0,198.84,1
1399,0,10.0,Mobile Phone,3,29.0,E wallet,Female,2.0,4.0,Laptop & Accessory,1,Married,8.0,1,19.0,0.0,1.0,0.0,141.57,2
1400,0,6.0,Computer,1,29.0,Debit Card,Female,3.0,3.0,Fashion,1,Single,2.0,1,12.0,3.0,2.0,12.0,234.57999999999998,0
1401,0,8.0,Computer,3,5.0,Debit Card,Male,3.0,3.0,Fashion,5,Married,2.0,0,22.0,0.0,1.0,8.0,190.69,2
1402,0,8.0,Mobile Phone,1,29.0,Credit Card,Female,1.0,3.0,Mobile Phone,5,Married,4.0,1,15.0,0.0,2.0,2.0,140.14,2
1403,0,4.0,Mobile Phone,1,13.0,Debit Card,Male,2.0,3.0,Laptop & Accessory,1,Married,4.0,0,22.0,0.0,1.0,7.0,159.15,2
1404,0,10.0,Mobile Phone,1,6.0,Debit Card,Male,2.0,4.0,Laptop & Accessory,3,Married,2.0,0,18.0,0.0,1.0,7.0,159.93,2
1405,0,5.0,Mobile Phone,1,6.0,Credit Card,Male,2.0,3.0,Laptop & Accessory,1,Married,2.0,1,22.0,3.5,6.0,8.0,161.62,0
1406,0,11.0,Computer,1,14.0,Debit Card,Female,2.0,3.0,Laptop & Accessory,1,Single,2.0,0,11.0,3.5,6.0,9.0,124.06,0
1407,0,23.0,Mobile Phone,1,13.0,Credit Card,Female,2.0,4.0,Others,3,Married,6.0,1,12.0,1.0,6.0,8.0,272.32625,1
1408,0,30.0,Mobile Phone,3,31.0,Debit Card,Female,4.0,3.0,Fashion,5,Single,8.0,0,11.0,3.5,6.0,9.0,176.37,0
1409,0,9.0,Mobile Phone,1,14.0,Cash on Delivery,Female,2.0,3.0,Fashion,3,Married,2.0,0,13.0,3.5,6.0,8.0,200.96,0
1410,0,28.0,Mobile Phone,1,14.0,Credit Card,Female,2.0,3.0,Grocery,3,Married,3.0,1,14.0,1.0,2.0,2.0,247.56,1
1411,0,9.0,Computer,1,17.0,Debit Card,Male,3.0,4.0,Laptop & Accessory,4,Single,2.0,0,13.0,1.0,1.0,3.0,164.99,2
1412,0,18.0,Mobile Phone,1,13.0,Debit Card,Male,2.0,3.0,Fashion,5,Married,3.0,0,17.0,0.0,1.0,0.0,197.24,2
1413,0,10.0,Computer,1,6.0,Credit Card,Male,3.0,3.0,Mobile Phone,5,Married,5.0,0,13.0,0.0,1.0,2.0,121.94,2
1414,1,10.0,Mobile Phone,1,15.0,Credit Card,Male,3.0,4.0,Mobile Phone,3,Married,1.0,1,17.0,1.0,1.0,0.0,133.88,2
1415,0,30.0,Computer,3,6.0,Debit Card,Female,2.0,4.0,Laptop & Accessory,3,Single,8.0,0,11.0,1.0,1.0,3.0,154.73,1
1416,0,2.0,Mobile Phone,1,8.0,Debit Card,Male,3.0,3.0,Mobile Phone,4,Married,1.0,0,23.0,1.0,1.0,4.0,127.03,2
1417,0,4.0,Mobile Phone,1,14.0,Credit Card,Male,2.0,3.0,Mobile Phone,4,Single,2.0,0,17.0,1.0,1.0,0.0,125.00999999999999,2
1418,0,5.0,Mobile Phone,1,6.0,Debit Card,Male,3.0,3.0,Laptop & Accessory,4,Married,2.0,0,17.0,1.0,1.0,9.0,162.2,2
1419,0,9.0,Mobile Phone,1,12.0,Debit Card,Female,3.0,1.5,Mobile Phone,1,Married,4.0,0,12.0,0.0,1.0,0.0,130.38,2
1420,0,4.0,Mobile Phone,1,14.0,Debit Card,Female,3.0,3.0,Laptop & Accessory,1,Single,2.0,0,23.0,1.0,1.0,8.0,144.24,2
1421,0,8.0,Mobile Phone,3,6.0,E wallet,Male,2.0,4.0,Laptop & Accessory,5,Single,1.0,0,14.0,1.0,2.0,8.0,143.12,2
1422,0,18.0,Mobile Phone,1,12.0,UPI,Male,2.0,3.0,Fashion,5,Married,5.0,1,14.0,1.0,2.0,0.0,232.45,1
1423,0,10.0,Mobile Phone,1,13.0,Credit Card,Male,1.0,3.0,Fashion,3,Single,5.0,0,13.0,0.0,2.0,2.0,236.64,2
1424,0,19.0,Mobile Phone,2,11.0,Credit Card,Male,3.0,3.0,Laptop & Accessory,4,Married,2.0,1,22.0,1.0,1.0,2.0,150.21,2
1425,0,3.0,Mobile Phone,1,6.0,Debit Card,Male,2.0,4.0,Laptop & Accessory,1,Married,2.0,1,12.0,1.0,3.0,0.0,151.26,2
1426,0,8.0,Mobile Phone,1,6.0,Credit Card,Male,3.0,4.0,Mobile Phone,3,Single,2.0,0,18.0,1.0,1.0,4.0,128.59,2
1427,0,28.0,Mobile Phone,3,6.0,Debit Card,Male,3.0,3.0,Fashion,1,Married,4.0,0,14.0,0.0,1.0,0.0,202.39,1
1428,0,11.0,Computer,1,12.0,Credit Card,Female,3.0,5.0,Laptop & Accessory,1,Married,8.0,1,12.0,0.0,1.0,9.0,153.29,3
1429,0,7.0,Mobile Phone,1,6.0,Credit Card,Male,3.0,3.0,Laptop & Accessory,4,Married,2.0,0,15.0,1.0,1.0,3.0,143.25,2
1430,0,29.0,Mobile Phone,1,13.0,Debit Card,Male,2.0,5.0,Fashion,1,Single,5.0,0,11.0,0.0,1.0,2.0,172.6,1
1431,0,10.0,Mobile Phone,3,14.0,Cash on Delivery,Male,3.0,3.0,Mobile Phone,5,Married,4.0,0,13.0,1.0,1.0,0.0,123.22,2
1432,0,10.0,Mobile Phone,1,15.0,Debit Card,Male,3.0,3.0,Mobile Phone,1,Married,4.0,0,23.0,1.0,1.0,3.0,120.75,2
1433,0,3.0,Mobile Phone,1,8.0,Debit Card,Male,4.0,4.0,Laptop & Accessory,1,Married,2.0,0,19.0,3.0,6.0,8.0,141.52,0
1434,1,9.0,Mobile Phone,3,15.0,Credit Card,Male,3.0,4.0,Fashion,1,Single,2.0,0,16.0,3.0,4.0,7.0,196.19,0
1435,0,13.0,Computer,1,6.0,Debit Card,Male,3.0,4.0,Grocery,4,Married,2.0,0,22.0,3.5,2.0,11.0,235.02999999999997,0
1436,0,24.0,Mobile Phone,3,27.0,E wallet,Male,3.0,3.0,Laptop & Accessory,1,Single,1.0,1,22.0,0.0,1.0,0.0,154.41,2
1437,0,3.0,Mobile Phone,3,10.0,Credit Card,Female,3.0,4.0,Laptop & Accessory,4,Married,2.0,1,12.0,2.0,2.0,7.0,152.09,3
1438,0,19.0,Computer,1,6.0,Credit Card,Male,2.0,4.0,Fashion,5,Married,3.0,1,13.0,3.5,6.0,5.0,206.73000000000002,0
1439,0,5.0,Mobile Phone,3,12.0,Credit Card,Male,2.0,3.0,Laptop & Accessory,3,Single,2.0,0,16.0,3.5,5.0,7.0,150.1,0
1440,0,27.0,Mobile Phone,1,8.0,Cash on Delivery,Female,2.0,3.0,Fashion,3,Married,10.0,0,12.0,0.0,2.0,3.0,235.49,1
1441,0,10.0,Mobile Phone,3,9.0,UPI,Female,2.0,3.0,Laptop & Accessory,3,Married,1.0,0,21.0,0.0,1.0,2.0,149.99,2
1442,0,1.0,Computer,3,10.0,Credit Card,Male,2.0,3.0,Laptop & Accessory,3,Married,2.0,0,15.0,0.0,1.0,4.0,142.21,2
1443,0,30.0,Mobile Phone,3,16.0,Credit Card,Male,2.0,3.0,Grocery,3,Single,1.0,0,13.0,0.0,2.0,8.0,238.72000000000003,1
1444,0,10.0,Computer,1,29.0,Credit Card,Male,3.0,3.0,Laptop & Accessory,4,Married,5.0,0,12.0,0.0,1.0,2.0,120.41999999999999,2
1445,1,10.0,Mobile Phone,2,12.0,UPI,Male,3.0,3.0,Mobile Phone,5,Married,5.0,1,22.0,0.0,1.0,2.0,120.72999999999999,2
1446,0,5.0,Mobile Phone,1,6.0,Debit Card,Male,3.0,3.0,Mobile Phone,5,Single,2.0,0,13.0,0.0,1.0,0.0,129.56,2
1447,1,10.0,Computer,1,12.0,Debit Card,Female,3.0,4.0,Mobile Phone,1,Single,2.0,1,18.0,0.0,1.0,0.0,129.26,2
1448,0,7.0,Mobile Phone,1,12.0,UPI,Female,2.0,3.0,Laptop & Accessory,3,Single,2.0,0,14.0,0.0,2.0,10.0,148.09,2
1449,0,10.0,Computer,1,8.0,Debit Card,Male,3.0,4.0,Laptop & Accessory,1,Married,6.0,0,14.0,1.0,1.0,0.0,151.63,2
1450,0,30.0,Computer,2,8.0,UPI,Female,2.0,4.0,Others,1,Married,10.0,0,21.0,1.0,2.0,2.0,272.32625,1
1451,0,23.0,Computer,1,6.0,Debit Card,Female,3.0,3.0,Others,4,Married,4.0,1,19.0,1.0,1.0,7.0,272.32625,1
1452,1,10.0,Mobile Phone,3,11.0,E wallet,Male,2.0,4.0,Laptop & Accessory,3,Single,2.0,1,11.0,0.0,1.0,3.0,157.44,2
1453,0,10.0,Mobile Phone,1,13.0,Credit Card,Male,3.0,4.0,Mobile Phone,1,Married,2.0,0,11.0,0.0,2.0,1.0,128.89,2
1454,0,10.0,Mobile Phone,1,21.0,Credit Card,Female,3.0,3.0,Mobile Phone,1,Single,2.0,0,15.0,1.0,1.0,0.0,128.71,2
1455,0,24.0,Computer,1,6.0,Credit Card,Female,1.0,4.0,Fashion,5,Single,4.0,0,20.0,3.5,6.0,8.0,174.84,0
1456,1,10.0,Computer,1,13.0,Debit Card,Male,3.0,5.0,Laptop & Accessory,3,Single,2.0,1,24.0,1.0,1.0,6.0,160.74,3
1457,0,27.0,Computer,2,32.0,UPI,Female,1.0,1.5,Grocery,1,Single,3.0,1,12.0,1.0,4.0,4.0,272.32625,1
1458,0,10.0,Mobile Phone,1,24.0,Debit Card,Male,3.0,3.0,Mobile Phone,3,Married,1.0,0,12.0,0.0,1.0,2.0,127.74000000000001,2
1459,0,7.0,Mobile Phone,1,12.0,Debit Card,Female,2.0,4.0,Laptop & Accessory,4,Married,7.0,0,15.0,1.0,1.0,0.0,145.05,2
1460,0,10.0,Mobile Phone,3,9.0,Debit Card,Male,2.0,3.0,Fashion,1,Single,3.0,0,12.0,0.0,1.0,3.0,174.28,2
1461,0,7.0,Mobile Phone,1,11.0,Credit Card,Female,2.0,4.0,Fashion,5,Single,3.0,0,12.0,2.0,5.0,3.0,216.31,0
1462,0,9.0,Computer,3,17.0,Cash on Delivery,Female,3.0,3.0,Fashion,1,Married,1.0,0,14.0,0.0,2.0,8.0,197.38,1
1463,0,9.0,Mobile Phone,1,9.0,Debit Card,Female,3.0,3.0,Mobile Phone,1,Married,6.0,0,22.0,0.0,1.0,0.0,128.35,2
1464,0,16.0,Computer,3,32.0,Debit Card,Male,3.0,3.0,Grocery,1,Married,2.0,1,12.0,1.0,4.0,12.0,269.59,1
1465,0,3.0,Computer,1,14.0,Debit Card,Male,3.0,5.0,Mobile Phone,3,Married,2.0,0,25.0,0.0,1.0,9.0,126.13,3
1466,0,6.0,Computer,3,28.0,E wallet,Male,3.0,3.0,Laptop & Accessory,4,Married,1.0,0,13.0,0.0,1.0,7.0,161.46,2
1467,1,19.0,Mobile Phone,1,20.0,Debit Card,Female,3.0,3.0,Mobile Phone,4,Married,10.0,1,18.0,3.0,4.0,3.0,149.63,1
1468,0,24.0,Mobile Phone,1,12.0,Debit Card,Male,2.0,3.0,Others,3,Single,8.0,0,15.0,3.5,6.0,14.5,272.32625,0
1469,1,10.0,Mobile Phone,3,12.0,Debit Card,Male,3.0,5.0,Laptop & Accessory,3,Married,5.0,1,18.0,0.0,6.0,7.0,161.72,3
1470,0,10.0,Mobile Phone,1,14.0,UPI,Female,2.0,4.0,Mobile Phone,4,Married,2.0,0,19.0,2.0,4.0,3.0,123.68,2
1471,1,20.0,Mobile Phone,1,29.0,Credit Card,Female,3.0,3.0,Fashion,1,Married,2.0,0,12.0,3.5,6.0,6.0,203.12,0
1472,1,10.0,Mobile Phone,3,28.0,E wallet,Male,2.0,3.0,Mobile Phone,3,Single,2.0,1,19.0,1.0,1.0,0.0,116.75,2
1473,0,10.0,Mobile Phone,1,14.0,Cash on Delivery,Male,3.0,3.0,Mobile Phone,1,Married,1.0,0,14.0,2.0,2.0,1.0,125.22999999999999,2
1474,0,22.0,Mobile Phone,1,26.0,Credit Card,Female,3.0,3.0,Laptop & Accessory,5,Married,2.0,0,14.0,3.5,5.0,11.0,165.67,0
1475,0,16.0,Computer,1,34.0,Credit Card,Female,3.0,1.5,Mobile Phone,3,Single,5.0,0,12.0,0.0,1.0,2.0,147.39,2
1476,0,23.0,Computer,3,18.0,E wallet,Female,3.0,3.0,Fashion,1,Single,5.0,0,11.0,1.0,2.0,1.0,192.08,1
1477,1,10.0,Mobile Phone,3,26.0,Debit Card,Female,3.0,5.0,Laptop & Accessory,3,Married,4.0,1,11.0,0.0,2.0,2.0,145.59,3
1478,0,14.0,Mobile Phone,3,15.0,Debit Card,Male,3.0,3.0,Fashion,3,Married,4.0,1,13.0,0.0,1.0,7.0,181.89,1
1479,0,10.0,Mobile Phone,2,31.0,Debit Card,Female,3.0,3.0,Mobile Phone,3,Married,2.0,0,23.0,2.0,5.0,7.0,129.42,0
1480,0,9.0,Mobile Phone,1,12.0,Credit Card,Male,2.0,3.0,Laptop & Accessory,4,Married,7.0,0,20.0,0.0,1.0,1.0,149.41,2
1481,1,14.0,Computer,1,14.0,Debit Card,Male,2.0,5.0,Fashion,1,Single,3.0,0,15.0,1.0,1.0,3.0,206.5,1
1482,0,12.0,Mobile Phone,3,10.0,Debit Card,Female,2.0,4.0,Laptop & Accessory,3,Married,5.0,0,14.0,3.5,5.0,9.0,159.02,0
1483,0,10.0,Mobile Phone,3,34.0,Debit Card,Male,2.0,4.0,Laptop & Accessory,3,Married,3.0,0,18.0,1.0,2.0,2.0,186.39,2
1484,0,3.0,Mobile Phone,2,15.0,UPI,Male,2.0,3.0,Laptop & Accessory,1,Married,1.0,1,19.0,3.5,4.0,7.0,163.47,0
1485,1,10.0,Mobile Phone,1,15.0,Credit Card,Female,2.0,3.0,Mobile Phone,5,Single,8.0,0,22.0,1.0,1.0,4.0,142.0,2
1486,0,18.0,Mobile Phone,1,35.0,Credit Card,Male,2.0,3.0,Mobile Phone,1,Single,6.0,0,13.0,1.0,1.0,3.0,134.52,2
1487,0,11.0,Mobile Phone,1,9.0,Cash on Delivery,Female,2.0,3.0,Laptop & Accessory,3,Single,4.0,1,20.0,2.0,2.0,2.0,143.17,2
1488,0,3.0,Mobile Phone,1,14.0,Debit Card,Female,3.0,3.0,Mobile Phone,3,Single,2.0,0,14.0,1.0,1.0,4.0,126.32,2
1489,0,5.0,Computer,3,15.0,Credit Card,Male,2.0,5.0,Laptop & Accessory,1,Married,1.0,0,17.0,0.0,1.0,7.0,146.68,2
1490,0,3.0,Mobile Phone,1,11.0,Cash on Delivery,Female,2.0,3.0,Mobile Phone,5,Married,6.0,0,14.0,0.0,2.0,14.5,132.04,2
1491,0,3.0,Mobile Phone,1,8.0,Credit Card,Male,3.0,4.0,Mobile Phone,1,Single,1.0,0,13.0,0.0,1.0,2.0,127.19999999999999,2
1492,0,14.0,Computer,1,16.0,Debit Card,Male,3.0,4.0,Grocery,5,Married,5.0,0,13.0,1.0,6.0,7.0,271.81,1
1493,0,10.0,Mobile Phone,1,15.0,Debit Card,Male,3.0,3.0,Mobile Phone,5,Married,3.0,0,21.0,0.0,1.0,4.0,122.38,2
1494,0,10.0,Mobile Phone,1,9.0,Credit Card,Female,3.0,3.0,Mobile Phone,4,Single,2.0,0,14.0,1.0,1.0,0.0,114.83000000000001,2
1495,0,13.0,Computer,1,32.0,Credit Card,Female,2.0,3.0,Laptop & Accessory,4,Married,2.0,0,11.0,0.0,2.0,13.0,156.05,2
1496,0,8.0,Mobile Phone,3,6.0,E wallet,Male,3.0,3.0,Fashion,4,Married,2.0,0,13.0,0.0,1.0,6.0,172.95,2
1497,0,10.0,Mobile Phone,3,12.0,E wallet,Male,2.0,3.0,Laptop & Accessory,3,Married,3.0,1,20.0,0.0,4.0,5.0,123.06,2
1498,0,18.0,Mobile Phone,1,14.0,Debit Card,Male,2.0,3.0,Laptop & Accessory,4,Married,9.0,0,18.0,1.0,1.0,14.5,123.47999999999999,2
1499,0,5.0,Computer,3,14.0,E wallet,Female,2.0,3.0,Fashion,1,Single,2.0,0,14.0,2.0,3.0,7.0,189.98,0
1500,0,2.0,Computer,1,6.0,Cash on Delivery,Male,2.0,3.0,Laptop & Accessory,3,Married,2.0,0,13.0,0.0,1.0,9.0,143.19,2
1501,0,24.0,Mobile Phone,1,13.0,Credit Card,Male,2.0,4.0,Laptop & Accessory,3,Married,3.0,0,17.0,1.0,1.0,0.0,161.32,2
1502,0,30.0,Mobile Phone,1,15.0,Credit Card,Female,3.0,4.0,Mobile Phone,4,Married,5.0,1,20.0,1.0,1.0,0.0,133.46,2
1503,0,13.0,Mobile Phone,3,10.0,E wallet,Male,3.0,4.0,Fashion,1,Married,8.0,0,11.0,1.0,2.0,11.0,208.55,1
1504,0,10.0,Computer,3,8.0,E wallet,Female,3.0,3.0,Mobile Phone,3,Married,7.0,0,18.0,0.0,1.0,2.0,122.31,2
1505,0,10.0,Mobile Phone,1,14.0,Credit Card,Male,3.0,3.0,Mobile Phone,1,Married,2.0,0,24.0,2.0,2.0,2.0,123.22999999999999,2
1506,0,10.0,Computer,1,15.0,Credit Card,Male,2.0,3.0,Mobile Phone,4,Married,7.0,0,18.0,2.0,2.0,2.0,120.24000000000001,2
1507,0,1.0,Mobile Phone,1,27.0,Credit Card,Male,3.0,3.0,Mobile Phone,1,Married,2.0,0,11.0,0.0,1.0,2.0,127.13,2
1508,0,30.0,Mobile Phone,1,30.0,Debit Card,Male,2.0,1.5,Fashion,1,Married,4.0,1,16.0,1.0,1.0,4.0,194.39,1
1509,0,10.0,Computer,1,14.0,Credit Card,Male,3.0,4.0,Mobile Phone,3,Married,2.0,1,15.0,0.0,1.0,1.0,125.66,2
1510,0,23.0,Mobile Phone,1,17.0,Debit Card,Female,2.0,3.0,Others,4,Single,4.0,0,15.0,0.0,4.0,4.0,272.32625,1
1511,0,14.0,Mobile Phone,1,14.0,Debit Card,Male,2.0,3.0,Mobile Phone,3,Married,5.0,0,12.0,1.0,1.0,8.0,124.50999999999999,2
1512,0,3.0,Mobile Phone,3,11.0,Debit Card,Female,2.0,3.0,Fashion,1,Married,3.0,0,12.0,1.0,6.0,4.0,194.19,0
1513,0,11.0,Mobile Phone,3,6.0,Debit Card,Female,2.0,4.0,Laptop & Accessory,1,Single,5.0,0,22.0,0.0,1.0,7.0,186.86,2
1514,0,5.0,Mobile Phone,1,12.0,Debit Card,Male,3.0,3.0,Mobile Phone,3,Single,4.0,0,20.0,0.0,1.0,4.0,130.38,2
1515,0,10.0,Mobile Phone,1,23.0,Cash on Delivery,Male,3.0,3.0,Mobile Phone,4,Married,1.0,1,16.0,0.0,1.0,1.0,130.58,2
1516,1,10.0,Computer,3,14.0,Cash on Delivery,Female,3.0,5.0,Mobile Phone,5,Single,1.0,0,21.0,1.0,1.0,0.0,123.25,3
1517,0,10.0,Computer,1,9.0,Credit Card,Male,1.0,3.0,Mobile Phone,4,Single,5.0,0,12.0,2.0,6.0,2.0,120.88,2
1518,0,3.0,Computer,1,15.0,Credit Card,Male,3.0,3.0,Laptop & Accessory,5,Married,2.0,0,11.0,3.5,6.0,10.0,130.72,0
1519,0,18.0,Mobile Phone,3,10.0,Debit Card,Female,1.0,3.0,Laptop & Accessory,5,Married,5.0,1,11.0,0.0,1.0,3.0,150.06,2
1520,0,29.0,Mobile Phone,1,14.0,Debit Card,Female,3.0,3.0,Mobile Phone,5,Married,5.0,1,18.0,2.0,2.0,2.0,142.57,1
1521,0,6.0,Mobile Phone,1,14.0,Debit Card,Male,2.0,3.0,Mobile Phone,1,Single,1.0,0,14.0,1.0,1.0,2.0,125.0,2
1522,1,10.0,Mobile Phone,1,8.0,Debit Card,Male,2.0,4.0,Mobile Phone,1,Single,2.0,0,22.0,1.0,1.0,0.0,111.02000000000001,2
1523,0,19.0,Mobile Phone,3,6.0,E wallet,Female,3.0,3.0,Fashion,5,Married,2.0,0,25.0,3.5,6.0,7.0,204.53,0
1524,0,10.0,Mobile Phone,1,15.0,Debit Card,Female,3.0,3.0,Mobile Phone,1,Single,2.0,0,12.0,1.0,2.0,1.0,122.88,2
1525,0,4.0,Mobile Phone,1,18.0,Credit Card,Female,3.0,3.0,Mobile Phone,1,Married,9.0,1,23.0,1.0,1.0,2.0,139.29,3
1526,0,10.0,Mobile Phone,1,33.0,Credit Card,Female,3.0,3.0,Mobile Phone,4,Single,3.0,0,15.0,0.0,1.0,2.0,123.11000000000001,2
1527,1,4.0,Mobile Phone,3,26.0,E wallet,Female,3.0,3.0,Mobile Phone,4,Single,2.0,1,22.0,0.0,1.0,2.0,131.4,2
1528,0,23.0,Mobile Phone,1,6.0,Credit Card,Male,2.0,4.0,Mobile Phone,3,Married,3.0,0,15.0,1.0,1.0,2.0,136.9,2
1529,0,26.0,Mobile Phone,1,19.0,Credit Card,Female,2.0,1.5,Laptop & Accessory,5,Married,2.0,0,11.0,1.0,1.0,3.0,144.5,2
1530,0,6.0,Mobile Phone,1,20.0,Credit Card,Female,3.0,3.0,Mobile Phone,4,Married,2.0,0,13.0,1.0,1.0,6.0,127.56,2
1531,0,13.0,Mobile Phone,1,10.0,Credit Card,Female,2.0,3.0,Others,3,Married,2.0,0,14.0,1.0,6.0,9.0,272.32625,0
1532,0,28.0,Mobile Phone,1,20.0,Credit Card,Male,3.0,1.5,Others,4,Single,9.0,0,11.0,1.0,2.0,14.5,272.32625,1
1533,0,7.0,Computer,1,8.0,Debit Card,Male,2.0,4.0,Laptop & Accessory,3,Married,2.0,0,17.0,0.0,1.0,9.0,195.47,2
1534,0,24.0,Mobile Phone,1,9.0,Credit Card,Female,3.0,3.0,Grocery,4,Single,4.0,0,18.0,1.0,2.0,0.0,237.33999999999997,1
1535,0,25.0,Mobile Phone,1,6.0,Debit Card,Male,3.0,4.0,Others,3,Married,1.0,0,15.0,3.5,6.0,9.0,272.32625,0
1536,0,10.0,Mobile Phone,1,15.0,Credit Card,Female,4.0,3.0,Mobile Phone,4,Single,2.0,0,16.0,0.0,1.0,3.0,122.78999999999999,2
1537,1,10.0,Mobile Phone,1,29.0,Debit Card,Male,2.0,4.0,Laptop & Accessory,3,Married,4.0,1,13.0,1.0,1.0,1.0,159.16,2
1538,0,10.0,Computer,1,13.0,Credit Card,Male,2.0,1.5,Mobile Phone,1,Married,5.0,0,14.0,1.0,2.0,2.0,120.88999999999999,2
1539,0,18.0,Computer,1,8.0,Credit Card,Male,3.0,4.0,Grocery,1,Married,10.0,0,23.0,1.0,6.0,8.0,267.92,1
1540,0,10.0,Mobile Phone,1,27.0,Debit Card,Male,3.0,1.5,Mobile Phone,5,Married,2.0,1,12.0,1.0,1.0,7.0,135.64,2
1541,0,8.0,Computer,1,8.0,Credit Card,Female,2.0,3.0,Laptop & Accessory,4,Single,6.0,0,11.0,0.0,1.0,2.0,144.25,2
1542,0,15.0,Computer,1,27.0,Credit Card,Female,2.0,3.0,Laptop & Accessory,3,Married,3.0,0,16.0,0.0,1.0,2.0,152.65,2
1543,0,11.0,Mobile Phone,1,8.0,Debit Card,Male,2.0,3.0,Laptop & Accessory,3,Married,10.0,0,14.0,1.0,1.0,0.0,165.53,2
1544,0,11.0,Mobile Phone,1,35.0,Cash on Delivery,Male,2.0,3.0,Laptop & Accessory,1,Married,4.0,0,18.0,0.0,1.0,7.0,162.61,2
1545,0,10.0,Computer,1,6.0,Cash on Delivery,Male,2.0,4.0,Laptop & Accessory,5,Married,6.0,0,19.0,2.0,2.0,0.0,142.98,2
1546,0,22.0,Computer,1,24.0,Debit Card,Male,3.0,3.0,Laptop & Accessory,1,Married,2.0,1,15.0,0.0,1.0,7.0,168.04,2
1547,0,7.0,Computer,1,16.0,Credit Card,Male,2.0,3.0,Mobile Phone,3,Married,2.0,1,17.0,2.0,2.0,0.0,138.15,2
1548,0,13.0,Mobile Phone,1,25.0,Credit Card,Male,3.0,3.0,Laptop & Accessory,1,Married,9.0,1,15.0,3.0,3.0,7.0,127.41,0
1549,1,1.0,Mobile Phone,1,35.0,Credit Card,Male,3.0,3.0,Laptop & Accessory,5,Married,8.0,1,19.0,1.0,1.0,0.0,166.73,3
1550,1,10.0,Mobile Phone,3,33.0,E wallet,Female,2.0,3.0,Fashion,1,Married,2.0,0,22.0,0.0,1.0,9.0,176.39,2
1551,0,10.0,Mobile Phone,1,14.0,Debit Card,Male,2.0,1.5,Mobile Phone,4,Married,2.0,1,16.0,2.0,2.0,2.0,123.28,2
1552,0,10.0,Computer,1,24.0,Credit Card,Female,3.0,3.0,Mobile Phone,1,Single,2.0,0,13.0,0.0,1.0,7.0,121.53,2
1553,0,13.0,Computer,1,15.0,Debit Card,Male,3.0,4.0,Laptop & Accessory,1,Married,10.0,0,14.0,0.0,1.0,2.0,148.76,2
1554,0,19.0,Mobile Phone,1,6.0,Credit Card,Male,3.0,3.0,Fashion,5,Married,8.0,0,16.0,0.0,1.0,3.0,193.96,1
1555,1,10.0,Mobile Phone,3,10.0,Credit Card,Male,2.0,5.0,Fashion,1,Married,2.0,0,11.0,3.5,6.0,8.0,204.0,0
1556,0,3.0,Computer,1,6.0,Debit Card,Male,2.0,4.0,Fashion,3,Single,2.0,0,22.0,3.5,5.0,8.0,184.74,0
1557,0,10.0,Computer,3,26.0,Debit Card,Female,2.0,3.0,Laptop & Accessory,3,Single,2.0,0,14.0,1.0,1.0,7.0,199.81,2
1558,0,24.0,Mobile Phone,1,14.0,Debit Card,Male,2.0,4.0,Fashion,4,Married,6.0,0,16.0,2.0,4.0,3.0,224.89999999999998,1
1559,1,10.0,Mobile Phone,1,14.0,Cash on Delivery,Female,2.0,3.0,Mobile Phone,5,Single,6.0,1,11.0,0.0,1.0,4.0,126.57,2
1560,0,14.0,Mobile Phone,3,12.0,Debit Card,Female,3.0,3.0,Fashion,1,Single,4.0,1,18.0,0.0,2.0,0.0,235.91000000000003,1
1561,1,10.0,Computer,3,32.0,E wallet,Female,2.0,4.0,Laptop & Accessory,5,Single,6.0,0,15.0,1.0,1.0,1.0,166.96,2
1562,1,10.0,Mobile Phone,1,6.0,Cash on Delivery,Male,2.0,3.0,Mobile Phone,3,Single,1.0,0,14.0,0.0,1.0,5.0,120.58000000000001,2
1563,0,18.0,Computer,3,12.0,Credit Card,Female,2.0,4.0,Fashion,1,Single,7.0,0,12.0,3.5,6.0,8.0,188.65,0
1564,0,27.0,Mobile Phone,3,9.0,E wallet,Female,2.0,3.0,Laptop & Accessory,5,Married,3.0,0,14.0,1.0,1.0,5.0,159.4,2
1565,0,9.0,Mobile Phone,1,11.0,Debit Card,Male,3.0,3.0,Laptop & Accessory,4,Single,9.0,0,16.0,2.0,3.0,7.0,159.14,3
1566,0,6.0,Mobile Phone,1,14.0,Credit Card,Female,2.0,4.0,Mobile Phone,4,Married,7.0,0,21.0,0.0,1.0,1.0,126.22,2
1567,0,10.0,Computer,1,17.0,UPI,Male,2.0,3.0,Fashion,1,Married,2.0,1,14.0,1.0,1.0,3.0,221.85000000000002,2
1568,0,11.0,Mobile Phone,3,9.0,Debit Card,Male,3.0,3.0,Fashion,3,Married,1.0,0,12.0,1.0,5.0,13.0,206.08999999999997,0
1569,0,4.0,Computer,1,6.0,Credit Card,Male,2.0,5.0,Laptop & Accessory,3,Married,1.0,0,12.0,0.0,1.0,4.0,143.45,2
1570,0,10.0,Mobile Phone,1,9.0,Debit Card,Male,3.0,4.0,Mobile Phone,1,Married,4.0,0,17.0,0.0,1.0,0.0,121.77000000000001,2
1571,0,10.0,Computer,3,10.0,E wallet,Male,3.0,3.0,Mobile Phone,1,Married,5.0,0,17.0,3.0,5.0,8.0,127.93,0
1572,0,2.0,Computer,3,6.0,Credit Card,Female,2.0,3.0,Fashion,1,Married,2.0,0,14.0,3.5,4.0,1.0,179.18,0
1573,0,8.0,Computer,3,6.0,E wallet,Female,3.0,3.0,Fashion,3,Single,2.0,0,14.0,1.0,1.0,8.0,187.89,2
1574,1,10.0,Mobile Phone,1,14.0,Credit Card,Male,2.0,4.0,Mobile Phone,1,Single,2.0,1,13.0,0.0,1.0,1.0,123.88999999999999,2
1575,0,25.0,Mobile Phone,1,8.0,Debit Card,Female,2.0,4.0,Mobile Phone,1,Single,8.0,0,15.0,2.0,2.0,2.0,132.12,2
1576,0,15.0,Mobile Phone,1,10.0,Cash on Delivery,Male,2.0,3.0,Others,1,Married,2.0,0,15.0,0.0,6.0,14.5,272.32625,0
1577,0,10.0,Mobile Phone,2,12.0,Credit Card,Male,2.0,3.0,Mobile Phone,3,Married,9.0,0,17.0,0.0,2.0,2.0,122.66999999999999,2
1578,0,23.0,Mobile Phone,3,6.0,Credit Card,Female,3.0,3.0,Others,1,Married,4.0,0,15.0,1.0,1.0,6.0,272.32625,1
1579,1,10.0,Mobile Phone,1,14.0,Credit Card,Male,2.0,3.0,Mobile Phone,1,Married,6.0,1,13.0,1.0,1.0,4.0,124.36000000000001,2
1580,0,16.0,Mobile Phone,3,22.0,E wallet,Female,3.0,3.0,Grocery,1,Married,6.0,1,22.0,0.0,2.0,9.0,260.64,1
1581,1,10.0,Mobile Phone,1,8.0,Debit Card,Female,3.0,3.0,Mobile Phone,5,Married,8.0,0,20.0,1.0,1.0,7.0,127.07,2
1582,0,25.0,Computer,3,8.0,Debit Card,Male,3.0,4.0,Others,3,Single,2.0,1,18.0,1.0,6.0,12.0,272.32625,0
1583,0,5.0,Mobile Phone,3,10.0,Debit Card,Female,2.0,3.0,Mobile Phone,4,Married,3.0,0,11.0,1.0,1.0,2.0,139.31,2
1584,1,10.0,Mobile Phone,1,6.0,Debit Card,Male,3.0,4.0,Mobile Phone,3,Single,1.0,1,14.0,0.0,1.0,2.0,137.3,2
1585,0,10.0,Mobile Phone,1,6.0,Credit Card,Female,3.0,3.0,Mobile Phone,3,Married,8.0,0,14.0,1.0,1.0,2.0,122.32,2
1586,0,5.0,Computer,3,32.0,E wallet,Male,3.0,3.0,Laptop & Accessory,1,Married,1.0,0,18.0,2.0,2.0,2.0,144.65,3
1587,0,14.0,Mobile Phone,1,25.0,Debit Card,Male,3.0,3.0,Laptop & Accessory,5,Married,3.0,0,16.0,0.0,1.0,0.0,130.72,2
1588,0,13.0,Mobile Phone,1,30.0,Cash on Delivery,Male,3.0,3.0,Laptop & Accessory,1,Married,2.0,0,17.0,2.0,4.0,7.0,133.19,0
1589,0,18.0,Mobile Phone,1,6.0,UPI,Male,3.0,1.5,Others,1,Married,1.0,0,15.0,1.0,1.0,7.0,272.32625,2
1590,0,4.0,Computer,1,9.0,Credit Card,Male,3.0,3.0,Fashion,3,Married,10.0,0,12.0,2.0,2.0,2.0,236.75,1
1591,0,6.0,Mobile Phone,1,11.0,Debit Card,Female,3.0,4.0,Mobile Phone,1,Married,2.0,0,13.0,0.0,1.0,2.0,129.11,2
1592,0,7.0,Mobile Phone,1,8.0,Debit Card,Male,2.0,4.0,Laptop & Accessory,5,Married,7.0,0,13.0,0.0,5.0,9.0,159.57,2
1593,0,10.0,Mobile Phone,1,6.0,Credit Card,Female,2.0,4.0,Mobile Phone,5,Married,3.0,0,14.0,0.0,1.0,2.0,139.2,2
1594,0,18.0,Computer,1,13.0,Debit Card,Male,3.0,1.5,Laptop & Accessory,3,Married,5.0,0,17.0,1.0,1.0,2.0,164.34,2
1595,1,10.0,Computer,1,16.0,Credit Card,Male,3.0,3.0,Fashion,3,Married,7.0,0,11.0,0.0,1.0,0.0,200.48,1
1596,0,12.0,Computer,1,8.0,Cash on Delivery,Female,3.0,3.0,Fashion,3,Single,1.0,0,25.0,3.5,6.0,3.0,209.38,0
1597,0,2.0,Mobile Phone,1,14.0,Debit Card,Male,2.0,3.0,Mobile Phone,1,Single,2.0,0,19.0,1.0,1.0,5.0,123.4,2
1598,0,15.0,Mobile Phone,1,23.0,Debit Card,Female,2.0,1.5,Laptop & Accessory,5,Single,4.0,1,13.0,1.0,1.0,2.0,165.45,2
1599,0,2.0,Mobile Phone,3,26.0,E wallet,Male,2.0,3.0,Laptop & Accessory,1,Married,3.0,0,14.0,1.0,1.0,2.0,169.31,2
1600,0,10.0,Mobile Phone,1,6.0,Debit Card,Female,3.0,3.0,Laptop & Accessory,3,Married,1.0,0,12.0,1.0,1.0,2.0,148.98,2
1601,0,15.0,Mobile Phone,1,14.0,Credit Card,Female,2.0,4.0,Mobile Phone,5,Married,1.0,1,11.0,3.5,6.0,8.0,125.93,0
1602,0,13.0,Mobile Phone,1,8.0,Credit Card,Male,2.0,3.0,Others,3,Married,1.0,0,15.0,3.0,3.0,9.0,272.32625,0
1603,0,24.0,Mobile Phone,1,6.0,Debit Card,Male,3.0,3.0,Mobile Phone,1,Married,2.0,0,11.0,1.0,1.0,0.0,127.22999999999999,2
1604,1,10.0,Computer,1,35.0,Credit Card,Male,3.0,4.0,Mobile Phone,4,Single,1.0,0,11.0,0.0,1.0,4.0,134.79,2
1605,0,5.0,Computer,1,13.0,Debit Card,Male,3.0,1.5,Mobile Phone,4,Married,2.0,0,20.0,0.0,1.0,3.0,127.94,2
1606,0,11.0,Computer,3,8.0,Debit Card,Male,2.0,4.0,Laptop & Accessory,1,Married,4.0,0,18.0,1.0,6.0,5.0,152.49,0
1607,0,10.0,Mobile Phone,1,8.0,Cash on Delivery,Male,2.0,4.0,Laptop & Accessory,5,Single,5.0,0,13.0,0.0,1.0,4.0,121.75999999999999,2
1608,0,19.0,Mobile Phone,3,8.0,Cash on Delivery,Female,3.0,5.0,Grocery,4,Married,4.0,1,12.0,1.0,6.0,7.0,268.72,1
1609,1,10.0,Mobile Phone,1,8.0,Debit Card,Male,3.0,3.0,Mobile Phone,3,Single,3.0,0,11.0,0.0,1.0,0.0,134.85,2
1610,0,2.0,Mobile Phone,3,8.0,Credit Card,Male,3.0,4.0,Laptop & Accessory,4,Married,3.0,0,19.0,1.0,1.0,0.0,166.44,3
1611,0,4.0,Mobile Phone,1,29.0,Credit Card,Male,3.0,4.0,Laptop & Accessory,1,Married,1.0,0,21.0,0.0,6.0,8.0,155.82,0
1612,0,10.0,Computer,1,11.0,Debit Card,Male,2.0,1.5,Laptop & Accessory,5,Married,2.0,0,12.0,1.0,1.0,5.0,140.0,2
1613,0,18.0,Mobile Phone,1,26.0,Credit Card,Male,3.0,3.0,Grocery,1,Married,1.0,1,14.0,2.0,2.0,10.0,234.95999999999998,1
1614,0,9.0,Mobile Phone,1,12.0,Debit Card,Male,2.0,3.0,Mobile Phone,1,Married,1.0,0,11.0,1.0,6.0,11.0,132.1,0
1615,0,28.0,Mobile Phone,1,6.0,Credit Card,Male,2.0,3.0,Others,5,Single,1.0,1,14.0,1.0,4.0,13.0,272.32625,1
1616,1,10.0,Computer,1,35.0,Debit Card,Male,2.0,3.0,Fashion,4,Married,2.0,1,12.0,3.5,6.0,3.0,218.49,0
1617,0,10.0,Mobile Phone,1,15.0,Credit Card,Male,3.0,3.0,Mobile Phone,1,Married,2.0,0,23.0,1.0,1.0,4.0,120.69999999999999,2
1618,0,10.0,Mobile Phone,3,12.0,Credit Card,Male,3.0,3.0,Laptop & Accessory,1,Married,5.0,0,14.0,1.0,1.0,1.0,165.02,2
1619,0,10.0,Mobile Phone,1,9.0,Credit Card,Male,3.0,4.0,Mobile Phone,3,Single,2.0,0,17.0,1.0,1.0,0.0,132.3,2
1620,0,10.0,Computer,1,6.0,Credit Card,Female,3.0,3.0,Fashion,1,Married,3.0,1,18.0,0.0,2.0,2.0,236.02999999999997,1
1621,0,8.0,Mobile Phone,1,28.0,Debit Card,Female,3.0,1.5,Fashion,4,Married,8.0,0,18.0,3.5,6.0,3.0,219.95999999999998,0
1622,0,11.0,Mobile Phone,3,13.0,Credit Card,Female,2.0,1.5,Laptop & Accessory,5,Married,2.0,1,24.0,3.5,6.0,7.0,156.05,0
1623,0,10.0,Computer,1,6.0,Debit Card,Female,2.0,3.0,Laptop & Accessory,4,Married,2.0,0,20.0,1.0,1.0,4.0,163.97,2
1624,0,23.0,Mobile Phone,1,10.0,Debit Card,Male,3.0,3.0,Others,4,Married,4.0,0,14.0,1.0,1.0,6.0,272.32625,1
1625,0,26.0,Mobile Phone,1,9.0,Credit Card,Male,2.0,3.0,Grocery,3,Married,4.0,1,16.0,1.0,1.0,3.0,272.32625,1
1626,0,15.0,Mobile Phone,3,6.0,Debit Card,Male,1.0,3.0,Laptop & Accessory,3,Married,2.0,0,25.0,3.5,6.0,6.0,149.07,0
1627,0,2.0,Computer,3,8.0,Debit Card,Male,2.0,3.0,Laptop & Accessory,1,Single,2.0,0,18.0,0.0,1.0,9.0,145.54,2
1628,0,28.0,Mobile Phone,1,26.0,Cash on Delivery,Male,2.0,3.0,Laptop & Accessory,1,Married,4.0,1,19.0,0.0,1.0,8.0,154.15,2
1629,0,10.0,Computer,1,17.0,Credit Card,Male,2.0,3.0,Laptop & Accessory,5,Married,2.0,1,13.0,1.0,3.0,3.0,147.41,2
1630,0,10.0,Mobile Phone,1,6.0,Debit Card,Female,2.0,3.0,Mobile Phone,1,Single,2.0,0,12.0,1.0,5.0,7.0,121.15,2
1631,1,7.0,Computer,1,30.0,Debit Card,Male,3.0,3.0,Mobile Phone,3,Married,4.0,1,22.0,0.0,1.0,0.0,131.61,2
1632,0,11.0,Mobile Phone,1,29.0,Debit Card,Male,2.0,3.0,Laptop & Accessory,1,Married,10.0,0,14.0,0.0,1.0,2.0,157.45,2
1633,1,10.0,Mobile Phone,1,14.0,Credit Card,Male,2.0,3.0,Mobile Phone,4,Married,3.0,1,13.0,1.0,1.0,2.0,123.72999999999999,2
1634,0,1.0,Mobile Phone,1,14.0,Debit Card,Female,3.0,3.0,Mobile Phone,1,Single,2.0,0,21.0,1.0,1.0,2.0,133.1,2
1635,0,22.0,Computer,1,16.0,Debit Card,Female,2.0,3.0,Others,5,Single,10.0,1,11.0,1.0,1.0,2.0,272.32625,1
1636,0,9.0,Mobile Phone,1,9.0,Cash on Delivery,Male,1.0,3.0,Laptop & Accessory,4,Single,5.0,0,12.0,2.0,6.0,7.0,144.85,0
1637,0,4.0,Computer,3,11.0,E wallet,Female,3.0,3.0,Mobile Phone,4,Married,2.0,0,11.0,0.0,2.0,2.0,127.88999999999999,2
1638,1,10.0,Mobile Phone,3,10.0,E wallet,Male,2.0,4.0,Laptop & Accessory,1,Single,2.0,1,12.0,3.5,6.0,4.0,158.28,0
1639,0,10.0,Computer,1,14.0,Credit Card,Male,2.0,3.0,Mobile Phone,1,Married,2.0,1,12.0,0.0,1.0,2.0,123.25999999999999,2
1640,0,15.0,Computer,3,32.0,E wallet,Female,3.0,3.0,Grocery,4,Married,6.0,0,14.0,3.0,2.0,8.0,235.25,1
1641,1,10.0,Mobile Phone,1,9.0,Debit Card,Male,2.0,3.0,Mobile Phone,3,Single,2.0,0,13.0,1.0,1.0,0.0,114.19999999999999,2
1642,0,8.0,Mobile Phone,3,22.0,E wallet,Male,3.0,3.0,Fashion,4,Married,1.0,0,15.0,3.0,6.0,9.0,180.2,0
1643,0,9.0,Computer,1,24.0,Debit Card,Male,2.0,1.5,Mobile Phone,1,Married,5.0,0,18.0,1.0,1.0,0.0,136.88,2
1644,0,24.0,Mobile Phone,1,8.0,Credit Card,Male,2.0,5.0,Laptop & Accessory,4,Married,6.0,0,18.0,0.0,1.0,2.0,154.82,2
1645,0,14.0,Mobile Phone,3,8.0,Debit Card,Male,2.0,3.0,Grocery,4,Single,2.0,0,19.0,1.0,2.0,4.0,260.15,1
1646,0,10.0,Mobile Phone,3,16.0,Credit Card,Female,3.0,4.0,Mobile Phone,3,Single,2.0,0,12.0,0.0,1.0,0.0,112.0,2
1647,0,1.0,Mobile Phone,1,22.0,Credit Card,Male,3.0,1.5,Laptop & Accessory,5,Single,1.0,0,19.0,0.0,1.0,7.0,156.61,2
1648,0,4.0,Mobile Phone,3,13.0,Cash on Delivery,Male,3.0,1.5,Laptop & Accessory,1,Married,5.0,0,11.0,3.0,6.0,7.0,169.29,0
1649,0,12.0,Mobile Phone,1,6.0,Credit Card,Male,2.0,1.5,Fashion,1,Married,1.0,0,17.0,1.0,3.0,7.0,196.13,2
1650,0,9.0,Computer,1,30.0,Debit Card,Female,2.0,3.0,Laptop & Accessory,4,Married,8.0,0,15.0,1.0,1.0,8.0,156.74,2
1651,0,5.0,Mobile Phone,3,13.0,Debit Card,Male,3.0,4.0,Laptop & Accessory,3,Married,2.0,0,14.0,3.0,4.0,8.0,154.84,0
1652,0,11.0,Mobile Phone,1,31.0,Debit Card,Female,2.0,4.0,Fashion,4,Married,4.0,0,17.0,0.0,1.0,3.0,220.61,1
1653,0,30.0,Computer,1,6.0,Debit Card,Male,2.0,5.0,Laptop & Accessory,3,Married,3.0,1,13.0,1.0,1.0,2.0,156.6,2
1654,0,4.0,Mobile Phone,1,11.0,Cash on Delivery,Male,2.0,3.0,Mobile Phone,1,Married,1.0,1,12.0,1.0,1.0,3.0,148.21,2
1655,0,4.0,Mobile Phone,2,8.0,UPI,Male,3.0,4.0,Laptop & Accessory,5,Married,4.0,0,12.0,0.0,1.0,0.0,164.1,2
1656,0,18.0,Computer,1,13.0,Debit Card,Male,3.0,3.0,Fashion,5,Married,2.0,0,18.0,2.0,6.0,11.0,152.1,0
1657,0,4.0,Mobile Phone,1,8.0,Debit Card,Male,3.0,3.0,Mobile Phone,1,Married,1.0,1,18.0,2.0,2.0,2.0,126.94999999999999,2
1658,0,6.0,Computer,1,11.0,Debit Card,Female,3.0,3.0,Fashion,4,Married,7.0,0,11.0,3.5,6.0,3.0,218.77999999999997,0
1659,0,10.0,Mobile Phone,1,16.0,Credit Card,Male,3.0,3.0,Grocery,5,Married,2.0,1,14.0,1.0,6.0,10.0,270.68,0
1660,0,16.0,Computer,1,14.0,Debit Card,Female,2.0,3.0,Mobile Phone,1,Single,1.0,0,19.0,0.0,1.0,7.0,124.55000000000001,2
1661,0,22.0,Mobile Phone,1,6.0,Cash on Delivery,Female,2.0,4.0,Grocery,3,Single,8.0,1,12.0,0.0,2.0,7.0,239.64,1
1662,1,15.0,Mobile Phone,1,14.0,Credit Card,Male,2.0,4.0,Laptop & Accessory,4,Married,3.0,0,15.0,3.5,6.0,7.0,149.41,0
1663,0,10.0,Mobile Phone,1,14.0,Debit Card,Female,2.0,3.0,Mobile Phone,4,Single,2.0,1,12.0,0.0,1.0,2.0,124.78,2
1664,0,5.0,Mobile Phone,3,14.0,Cash on Delivery,Female,3.0,4.0,Laptop & Accessory,4,Married,2.0,1,11.0,3.5,6.0,9.0,152.28,0
1665,0,10.0,Mobile Phone,3,8.0,Debit Card,Male,3.0,3.0,Laptop & Accessory,3,Single,2.0,1,11.0,0.0,1.0,4.0,144.78,2
1666,0,4.0,Mobile Phone,3,13.0,E wallet,Male,3.0,3.0,Laptop & Accessory,1,Married,5.0,0,12.0,0.0,1.0,7.0,175.47,2
1667,0,5.0,Mobile Phone,1,8.0,Credit Card,Female,3.0,1.5,Laptop & Accessory,1,Single,8.0,0,16.0,0.0,1.0,7.0,150.55,2
1668,1,10.0,Mobile Phone,1,8.0,Credit Card,Male,2.0,5.0,Mobile Phone,1,Married,6.0,1,13.0,1.0,2.0,2.0,134.64,2
1669,0,3.0,Mobile Phone,1,34.0,Credit Card,Female,3.0,3.0,Laptop & Accessory,1,Married,2.0,0,13.0,1.0,1.0,9.0,157.75,2
1670,0,4.0,Computer,1,13.0,Debit Card,Female,2.0,4.0,Fashion,3,Married,2.0,0,24.0,3.5,6.0,9.0,189.43,0
1671,0,12.0,Computer,1,13.0,Credit Card,Male,2.0,4.0,Others,1,Married,2.0,0,15.0,3.5,6.0,3.0,272.32625,0
1672,1,2.0,Mobile Phone,3,9.0,Credit Card,Female,2.0,3.0,Laptop & Accessory,3,Married,5.0,1,18.0,1.0,1.0,0.0,152.38,2
1673,0,6.0,Computer,3,16.0,E wallet,Male,2.0,4.0,Laptop & Accessory,1,Single,4.0,0,14.0,1.0,1.0,1.0,146.82,2
1674,0,20.0,Mobile Phone,1,11.0,Debit Card,Male,2.0,3.0,Others,3,Married,5.0,0,11.0,1.0,1.0,1.0,272.32625,1
1675,0,16.0,Computer,1,16.0,Debit Card,Female,2.0,4.0,Laptop & Accessory,3,Married,2.0,0,11.0,1.0,1.0,0.0,152.57,2
1676,0,10.0,Computer,3,6.0,E wallet,Male,3.0,3.0,Laptop & Accessory,4,Married,1.0,1,13.0,0.0,1.0,4.0,163.49,2
1677,0,27.0,Computer,1,26.0,Debit Card,Female,2.0,3.0,Laptop & Accessory,3,Single,4.0,0,12.0,0.0,1.0,3.0,148.69,2
1678,0,16.0,Mobile Phone,1,13.0,Debit Card,Female,2.0,3.0,Fashion,5,Married,9.0,0,16.0,1.0,1.0,0.0,199.85,1
1679,0,18.0,Mobile Phone,1,14.0,UPI,Male,3.0,3.0,Laptop & Accessory,1,Married,10.0,0,14.0,3.5,6.0,8.0,136.97,0
1680,0,13.0,Mobile Phone,3,6.0,Credit Card,Male,2.0,5.0,Laptop & Accessory,1,Married,3.0,1,22.0,1.0,1.0,2.0,174.57,2
1681,1,10.0,Mobile Phone,1,14.0,UPI,Male,3.0,5.0,Mobile Phone,5,Married,2.0,1,11.0,0.0,1.0,7.0,121.19,2
1682,0,2.0,Mobile Phone,1,15.0,UPI,Male,1.0,4.0,Mobile Phone,1,Single,1.0,0,17.0,1.0,2.0,2.0,139.83,2
1683,0,3.0,Mobile Phone,3,11.0,E wallet,Female,1.0,4.0,Laptop & Accessory,3,Married,2.0,0,13.0,1.0,1.0,2.0,161.18,2
1684,0,10.0,Mobile Phone,3,14.0,E wallet,Female,2.0,3.0,Laptop & Accessory,4,Married,2.0,0,18.0,0.0,1.0,7.0,162.14,2
1685,0,10.0,Mobile Phone,1,11.0,Credit Card,Male,3.0,3.0,Laptop & Accessory,1,Married,8.0,0,16.0,1.0,1.0,4.0,163.47,2
1686,0,11.0,Mobile Phone,1,21.0,Debit Card,Male,3.0,4.0,Fashion,1,Married,1.0,1,14.0,2.0,2.0,3.0,215.10000000000002,1
1687,0,4.0,Mobile Phone,1,13.0,Credit Card,Female,2.0,3.0,Fashion,1,Single,2.0,1,14.0,3.5,4.0,10.0,171.43,0
1688,0,2.0,Mobile Phone,3,16.0,E wallet,Female,2.0,4.0,Laptop & Accessory,4,Married,2.0,1,14.0,1.0,1.0,7.0,182.68,2
1689,0,8.0,Mobile Phone,1,11.0,Cash on Delivery,Male,3.0,3.0,Fashion,4,Single,1.0,0,13.0,1.0,1.0,13.0,180.95,1
1690,0,10.0,Mobile Phone,1,32.0,Debit Card,Male,3.0,3.0,Mobile Phone,1,Married,2.0,0,12.0,0.0,1.0,2.0,129.04,2
1691,0,14.0,Mobile Phone,1,12.0,Credit Card,Male,3.0,4.0,Laptop & Accessory,4,Single,7.0,1,15.0,1.0,1.0,2.0,160.32,3
1692,0,20.0,Computer,3,10.0,Credit Card,Male,3.0,3.0,Laptop & Accessory,3,Single,4.0,0,19.0,0.0,1.0,0.0,129.76,2
1693,0,15.0,Mobile Phone,1,29.0,Debit Card,Female,2.0,3.0,Grocery,1,Single,3.0,0,14.0,0.0,2.0,0.0,259.92,1
1694,0,2.0,Computer,3,8.0,Debit Card,Male,3.0,3.0,Laptop & Accessory,3,Married,2.0,0,14.0,1.0,1.0,2.0,146.49,2
1695,0,15.0,Mobile Phone,2,8.0,Cash on Delivery,Male,3.0,3.0,Mobile Phone,3,Married,1.0,1,11.0,1.0,1.0,0.0,126.96000000000001,2
1696,0,5.0,Mobile Phone,1,14.0,Credit Card,Female,3.0,3.0,Mobile Phone,4,Married,2.0,0,13.0,0.0,1.0,7.0,123.69999999999999,2
1697,0,21.0,Mobile Phone,3,35.0,Credit Card,Female,3.0,3.0,Fashion,3,Married,4.0,0,21.0,0.0,1.0,3.0,225.04000000000002,1
1698,0,10.0,Mobile Phone,1,12.0,Credit Card,Male,2.0,1.5,Laptop & Accessory,5,Married,5.0,1,13.0,3.5,6.0,7.0,159.74,0
1699,0,3.0,Computer,3,31.0,Cash on Delivery,Female,2.0,3.0,Laptop & Accessory,3,Married,8.0,1,12.0,2.0,2.0,2.0,147.36,2
1700,0,10.0,Mobile Phone,3,6.0,Debit Card,Male,2.0,3.0,Laptop & Accessory,3,Married,2.0,0,17.0,0.0,6.0,7.0,152.96,2
1701,0,15.0,Mobile Phone,1,8.0,UPI,Male,3.0,4.0,Laptop & Accessory,1,Single,4.0,0,23.0,1.0,1.0,0.0,167.81,3
1702,1,10.0,Computer,3,6.0,Cash on Delivery,Female,3.0,4.0,Mobile Phone,4,Single,2.0,1,11.0,1.0,1.0,2.0,121.74000000000001,2
1703,0,9.0,Computer,3,6.0,Credit Card,Female,2.0,3.0,Laptop & Accessory,1,Single,5.0,0,15.0,1.0,1.0,0.0,166.53,2
1704,0,9.0,Computer,3,9.0,Credit Card,Male,2.0,4.0,Fashion,1,Married,5.0,0,11.0,0.0,1.0,12.0,196.99,1
1705,0,30.0,Mobile Phone,1,6.0,Credit Card,Male,2.0,3.0,Laptop & Accessory,3,Married,3.0,0,11.0,0.0,1.0,2.0,167.55,2
1706,0,10.0,Mobile Phone,1,16.0,Debit Card,Female,2.0,1.5,Mobile Phone,3,Married,4.0,1,13.0,0.0,1.0,7.0,122.13,2
1707,0,10.0,Computer,3,14.0,Credit Card,Male,2.0,3.0,Mobile Phone,1,Single,2.0,0,24.0,2.0,2.0,2.0,126.1,2
1708,1,10.0,Mobile Phone,3,11.0,E wallet,Female,3.0,3.0,Mobile Phone,3,Single,2.0,1,13.0,0.0,1.0,0.0,128.51,2
1709,0,10.0,Mobile Phone,1,16.0,Credit Card,Female,3.0,3.0,Mobile Phone,5,Married,7.0,0,20.0,1.0,1.0,3.0,134.52,2
1710,0,19.0,Computer,1,13.0,Credit Card,Female,1.0,3.0,Laptop & Accessory,3,Married,3.0,0,14.0,1.0,1.0,0.0,152.58,2
1711,1,4.0,Computer,3,10.0,E wallet,Male,2.0,3.0,Laptop & Accessory,4,Single,2.0,0,18.0,3.5,6.0,7.0,193.55,0
1712,0,23.0,Mobile Phone,1,16.0,Cash on Delivery,Male,3.0,4.0,Fashion,1,Single,7.0,0,15.0,1.0,1.0,3.0,204.96,1
1713,1,3.0,Mobile Phone,3,28.0,E wallet,Male,3.0,4.0,Laptop & Accessory,3,Married,3.0,1,12.0,1.0,1.0,0.0,163.8,3
1714,0,4.0,Mobile Phone,1,14.0,Debit Card,Male,2.0,4.0,Mobile Phone,4,Single,1.0,1,16.0,2.0,2.0,2.0,126.57,2
1715,1,10.0,Mobile Phone,3,18.0,Debit Card,Female,3.0,1.5,Mobile Phone,4,Single,2.0,0,15.0,0.0,1.0,0.0,127.16,2
1716,0,10.0,Mobile Phone,1,29.0,Debit Card,Male,2.0,3.0,Mobile Phone,1,Single,10.0,0,16.0,0.0,1.0,2.0,122.00999999999999,2
1717,0,8.0,Mobile Phone,1,15.0,Debit Card,Male,3.0,4.0,Laptop & Accessory,4,Single,10.0,0,19.0,0.0,1.0,0.0,165.4,3
1718,0,10.0,Mobile Phone,1,6.0,Credit Card,Male,2.0,3.0,Mobile Phone,4,Married,2.0,0,11.0,0.0,1.0,4.0,138.16,2
1719,0,1.0,Mobile Phone,3,15.0,Debit Card,Male,3.0,3.0,Laptop & Accessory,1,Single,2.0,0,16.0,1.0,1.0,7.0,152.53,2
1720,0,22.0,Mobile Phone,1,13.0,UPI,Male,2.0,4.0,Fashion,3,Single,9.0,0,24.0,1.0,1.0,3.0,209.64999999999998,1
1721,0,24.0,Mobile Phone,3,20.0,Debit Card,Female,2.0,3.0,Laptop & Accessory,1,Married,5.0,0,11.0,1.0,1.0,7.0,149.36,2
1722,0,9.0,Mobile Phone,1,14.0,Debit Card,Female,3.0,3.0,Mobile Phone,3,Married,5.0,0,13.0,2.0,2.0,2.0,125.43,2
1723,1,10.0,Computer,3,25.0,E wallet,Male,3.0,1.5,Laptop & Accessory,1,Single,9.0,1,13.0,0.0,1.0,4.0,153.04,2
1724,0,28.0,Mobile Phone,1,8.0,Debit Card,Female,3.0,3.0,Grocery,1,Single,3.0,1,13.0,1.0,1.0,2.0,266.59,1
1725,0,10.0,Mobile Phone,3,16.0,E wallet,Female,3.0,3.0,Laptop & Accessory,3,Married,2.0,1,12.0,0.0,1.0,3.0,142.6,2
1726,0,3.0,Mobile Phone,3,14.0,Cash on Delivery,Male,3.0,3.0,Mobile Phone,4,Married,2.0,0,18.0,1.0,1.0,0.0,124.75999999999999,2
1727,1,10.0,Computer,1,9.0,Cash on Delivery,Male,3.0,3.0,Mobile Phone,5,Single,1.0,0,22.0,0.0,1.0,4.0,131.02,2
1728,0,10.0,Mobile Phone,1,17.0,Credit Card,Female,2.0,3.0,Mobile Phone,4,Married,2.0,0,13.0,1.0,1.0,2.0,122.44,2
1729,0,9.0,Mobile Phone,3,8.0,Credit Card,Male,3.0,4.0,Fashion,3,Married,2.0,0,13.0,3.5,6.0,0.0,175.96,0
1730,1,10.0,Computer,1,10.0,Cash on Delivery,Male,2.0,3.0,Mobile Phone,1,Single,10.0,1,23.0,1.0,1.0,0.0,122.85,2
1731,0,10.0,Mobile Phone,1,20.0,Debit Card,Female,3.0,3.0,Mobile Phone,5,Married,2.0,0,12.0,3.5,6.0,14.5,130.34,0
1732,0,13.0,Mobile Phone,3,8.0,E wallet,Female,2.0,3.0,Laptop & Accessory,4,Married,8.0,0,12.0,0.0,1.0,3.0,157.15,2
1733,0,15.0,Mobile Phone,1,14.0,Debit Card,Female,3.0,3.0,Mobile Phone,5,Married,4.0,0,16.0,0.0,1.0,2.0,125.75999999999999,2
1734,0,10.0,Mobile Phone,1,16.0,Debit Card,Male,2.0,3.0,Laptop & Accessory,4,Single,3.0,1,12.0,0.0,1.0,1.0,141.97,2
1735,0,16.0,Mobile Phone,1,18.0,Debit Card,Male,2.0,4.0,Grocery,4,Married,2.0,0,11.0,3.0,2.0,9.0,243.36,1
1736,0,13.0,Mobile Phone,1,8.0,Credit Card,Female,3.0,4.0,Laptop & Accessory,3,Married,7.0,0,22.0,1.0,1.0,0.0,134.48,3
1737,0,27.0,Mobile Phone,1,11.0,Credit Card,Male,2.0,3.0,Others,5,Married,5.0,0,15.0,1.0,1.0,2.0,272.32625,1
1738,0,7.0,Computer,3,10.0,E wallet,Female,3.0,3.0,Laptop & Accessory,3,Married,10.0,0,15.0,0.0,1.0,2.0,165.38,2
1739,0,4.0,Mobile Phone,1,13.0,Credit Card,Female,2.0,3.0,Laptop & Accessory,5,Married,2.0,0,12.0,3.0,3.0,12.0,143.06,0
1740,0,10.0,Computer,1,27.0,Credit Card,Male,3.0,3.0,Mobile Phone,1,Married,8.0,0,20.0,1.0,1.0,2.0,122.58000000000001,2
1741,0,16.0,Mobile Phone,1,14.0,UPI,Female,3.0,3.0,Laptop & Accessory,3,Married,5.0,1,14.0,1.0,1.0,2.0,145.22,2
1742,0,10.0,Mobile Phone,3,10.0,Debit Card,Female,3.0,4.0,Laptop & Accessory,1,Single,2.0,1,11.0,0.0,1.0,3.0,144.87,2
1743,0,10.0,Computer,1,31.0,Credit Card,Female,3.0,3.0,Laptop & Accessory,3,Married,4.0,1,15.0,3.5,6.0,7.0,144.49,0
1744,0,10.0,Mobile Phone,1,6.0,Debit Card,Male,3.0,4.0,Mobile Phone,5,Married,2.0,0,12.0,3.0,3.0,2.0,122.18,3
1745,0,12.0,Computer,1,6.0,Debit Card,Male,2.0,3.0,Others,3,Married,2.0,1,14.0,0.0,1.0,6.0,272.32625,2
1746,0,29.0,Computer,3,12.0,Debit Card,Female,2.0,1.5,Grocery,5,Married,10.0,0,11.0,3.5,2.0,7.0,232.12,1
1747,0,3.0,Mobile Phone,3,18.0,Cash on Delivery,Female,2.0,3.0,Laptop & Accessory,3,Single,1.0,0,11.0,3.0,4.0,4.0,165.77,0
1748,0,14.0,Mobile Phone,3,6.0,E wallet,Male,2.0,1.5,Fashion,5,Married,2.0,0,16.0,1.0,1.0,7.0,183.92,2
1749,0,1.0,Mobile Phone,1,23.0,Credit Card,Male,3.0,3.0,Laptop & Accessory,5,Married,2.0,0,12.0,0.0,1.0,8.0,145.58,2
1750,1,10.0,Mobile Phone,1,9.0,Credit Card,Male,3.0,3.0,Mobile Phone,5,Married,6.0,0,13.0,1.0,1.0,2.0,140.31,2
1751,0,25.0,Mobile Phone,1,9.0,Credit Card,Male,2.0,4.0,Fashion,3,Married,3.0,1,14.0,1.0,1.0,4.0,179.69,1
1752,0,18.0,Mobile Phone,1,14.0,Debit Card,Male,3.0,3.0,Mobile Phone,1,Married,4.0,0,21.0,0.0,1.0,2.0,126.53999999999999,2
1753,0,25.0,Mobile Phone,1,10.0,Debit Card,Female,1.0,3.0,Grocery,1,Married,3.0,0,13.0,1.0,1.0,4.0,265.55,1
1754,0,15.0,Computer,1,35.0,Debit Card,Female,3.0,3.0,Laptop & Accessory,3,Married,3.0,0,11.0,1.0,1.0,2.0,145.56,2
1755,0,3.0,Mobile Phone,1,8.0,Debit Card,Female,2.0,5.0,Laptop & Accessory,1,Single,3.0,0,20.0,1.0,1.0,2.0,160.91,3
1756,0,30.0,Mobile Phone,1,13.0,Debit Card,Female,2.0,3.0,Others,5,Married,6.0,0,15.0,1.0,6.0,10.0,272.32625,1
1757,0,19.0,Mobile Phone,1,24.0,Credit Card,Female,2.0,3.0,Laptop & Accessory,3,Married,3.0,0,14.0,1.0,1.0,8.0,148.1,2
1758,0,15.0,Computer,1,34.0,Cash on Delivery,Female,2.0,4.0,Laptop & Accessory,1,Married,1.0,0,11.0,0.0,1.0,4.0,145.23,2
1759,1,10.0,Mobile Phone,3,6.0,Cash on Delivery,Female,3.0,3.0,Mobile Phone,4,Single,2.0,1,16.0,0.0,1.0,4.0,132.02,2
1760,1,10.0,Computer,3,14.0,E wallet,Female,2.0,5.0,Mobile Phone,3,Married,1.0,0,16.0,0.0,1.0,0.0,123.50999999999999,2
1761,0,10.0,Computer,1,8.0,Debit Card,Male,2.0,3.0,Mobile Phone,1,Married,2.0,1,23.0,1.0,1.0,0.0,117.02000000000001,2
1762,0,13.0,Mobile Phone,3,8.0,Debit Card,Female,3.0,3.0,Others,3,Married,1.0,0,14.0,1.0,1.0,12.0,272.32625,1
1763,0,10.0,Mobile Phone,1,29.0,Debit Card,Female,3.0,3.0,Mobile Phone,1,Married,2.0,0,22.0,0.0,1.0,2.0,128.86,2
1764,0,10.0,Computer,1,9.0,Debit Card,Male,2.0,3.0,Mobile Phone,1,Married,5.0,0,15.0,1.0,1.0,4.0,120.97,2
1765,0,2.0,Mobile Phone,1,9.0,Credit Card,Male,3.0,4.0,Fashion,3,Married,2.0,0,18.0,0.0,1.0,3.0,219.35000000000002,2
1766,1,10.0,Mobile Phone,1,14.0,Cash on Delivery,Female,3.0,4.0,Mobile Phone,4,Married,6.0,0,16.0,1.0,1.0,1.0,125.46000000000001,3
1767,1,10.0,Mobile Phone,2,14.0,Cash on Delivery,Male,2.0,4.0,Mobile Phone,1,Single,2.0,0,12.0,0.0,1.0,0.0,125.63999999999999,2
1768,0,3.0,Computer,3,28.0,UPI,Female,3.0,3.0,Fashion,5,Married,1.0,0,11.0,3.0,6.0,8.0,184.12,0
1769,0,30.0,Mobile Phone,3,35.0,E wallet,Male,2.0,4.0,Grocery,1,Married,4.0,0,12.0,1.0,2.0,0.0,241.18,1
1770,0,23.0,Mobile Phone,1,35.0,Debit Card,Male,2.0,4.0,Grocery,3,Married,1.0,0,15.0,1.0,6.0,7.0,270.46,1
1771,0,3.0,Computer,1,14.0,Credit Card,Female,2.0,3.0,Mobile Phone,1,Single,1.0,0,14.0,1.0,6.0,7.0,125.63999999999999,2
1772,0,30.0,Computer,3,34.0,E wallet,Female,3.0,4.0,Fashion,5,Married,5.0,0,19.0,3.0,6.0,11.0,202.66,0
1773,0,20.0,Mobile Phone,1,8.0,Credit Card,Female,3.0,3.0,Laptop & Accessory,1,Married,6.0,0,13.0,0.0,1.0,4.0,150.7,2
1774,0,19.0,Mobile Phone,1,8.0,Debit Card,Male,2.0,3.0,Grocery,3,Married,7.0,0,13.0,1.0,1.0,1.0,272.32625,1
1775,0,8.0,Mobile Phone,1,28.0,Debit Card,Male,2.0,5.0,Mobile Phone,3,Single,1.0,0,15.0,1.0,4.0,3.0,142.3,3
1776,0,27.0,Mobile Phone,1,5.0,Debit Card,Female,2.0,3.0,Laptop & Accessory,3,Single,8.0,0,11.0,0.0,1.0,0.0,137.8,2
1777,0,7.0,Mobile Phone,1,8.0,Debit Card,Male,3.0,4.0,Mobile Phone,3,Married,4.0,0,12.0,3.0,5.0,7.0,127.68,0
1778,0,5.0,Mobile Phone,3,16.0,E wallet,Female,3.0,4.0,Fashion,1,Married,3.0,1,19.0,0.0,1.0,2.0,190.71,3
1779,0,4.0,Mobile Phone,1,15.0,Debit Card,Male,2.0,3.0,Fashion,4,Married,2.0,0,25.0,0.0,1.0,8.0,206.48000000000002,2
1780,1,10.0,Mobile Phone,1,21.0,Credit Card,Male,2.0,3.0,Fashion,3,Married,8.0,1,12.0,3.0,2.0,7.0,236.10000000000002,1
1781,1,10.0,Mobile Phone,1,16.0,Credit Card,Male,2.0,5.0,Mobile Phone,1,Married,8.0,0,13.0,0.0,1.0,3.0,134.08,2
1782,0,3.0,Mobile Phone,3,13.0,E wallet,Male,3.0,3.0,Mobile Phone,4,Single,1.0,0,14.0,0.0,1.0,2.0,129.83,2
1783,0,8.0,Mobile Phone,1,22.0,Debit Card,Male,3.0,3.0,Fashion,3,Married,5.0,1,12.0,0.0,1.0,0.0,176.32,2
1784,1,10.0,Computer,1,26.0,Debit Card,Male,3.0,3.0,Fashion,3,Married,4.0,0,12.0,1.0,1.0,0.0,198.24,2
1785,1,10.0,Computer,2,29.0,UPI,Female,2.0,3.0,Fashion,5,Married,10.0,1,15.0,1.0,1.0,2.0,199.5,1
1786,0,10.0,Computer,1,11.0,UPI,Male,3.0,3.0,Mobile Phone,3,Married,5.0,0,17.0,0.0,2.0,0.0,120.93,2
1787,0,9.0,Computer,3,16.0,Credit Card,Male,2.0,3.0,Fashion,1,Single,2.0,0,14.0,3.5,6.0,7.0,199.8,0
1788,1,10.0,Computer,1,10.0,Cash on Delivery,Male,3.0,4.0,Mobile Phone,3,Single,6.0,0,16.0,0.0,1.0,2.0,138.94,2
1789,0,21.0,Mobile Phone,3,8.0,E wallet,Female,2.0,3.0,Laptop & Accessory,1,Married,3.0,0,14.0,3.5,6.0,7.0,140.51,0
1790,0,28.0,Mobile Phone,3,24.0,Debit Card,Female,2.0,3.0,Grocery,4,Single,4.0,0,23.0,1.0,6.0,8.0,268.35,1
1791,0,14.0,Computer,3,16.0,Debit Card,Male,2.0,3.0,Laptop & Accessory,1,Single,8.0,0,14.0,0.0,1.0,10.0,162.3,2
1792,0,8.0,Mobile Phone,3,6.0,E wallet,Male,2.0,3.0,Laptop & Accessory,3,Married,10.0,0,11.0,0.0,6.0,9.0,147.17,0
1793,0,13.0,Mobile Phone,1,12.0,Debit Card,Female,3.0,3.0,Grocery,3,Single,8.0,0,15.0,3.5,2.0,13.0,232.37,1
1794,0,12.0,Computer,1,14.0,Debit Card,Female,2.0,3.0,Mobile Phone,3,Married,2.0,0,11.0,1.0,1.0,7.0,137.55,2
1795,0,4.0,Mobile Phone,3,8.0,Debit Card,Male,3.0,3.0,Laptop & Accessory,1,Single,5.0,1,13.0,1.0,1.0,5.0,165.82,2
1796,0,15.0,Mobile Phone,1,30.0,Credit Card,Male,2.0,3.0,Fashion,5,Married,2.0,1,21.0,3.5,5.0,8.0,174.06,0
1797,0,18.0,Mobile Phone,3,8.0,UPI,Male,3.0,3.0,Laptop & Accessory,4,Married,1.0,0,19.0,3.0,3.0,7.0,148.05,0
1798,1,10.0,Computer,2,23.0,Debit Card,Female,3.0,3.0,Mobile Phone,3,Married,1.0,1,11.0,0.0,1.0,0.0,127.41,2
1799,0,2.0,Mobile Phone,1,25.0,Cash on Delivery,Male,2.0,3.0,Laptop & Accessory,1,Married,5.0,0,12.0,1.0,1.0,2.0,142.62,2
1800,0,6.0,Mobile Phone,1,6.0,Credit Card,Female,3.0,1.5,Grocery,3,Married,5.0,0,19.0,1.0,1.0,5.0,261.84,1
1801,0,4.0,Mobile Phone,3,13.0,Debit Card,Male,2.0,4.0,Fashion,1,Married,10.0,0,21.0,1.0,1.0,3.0,215.57,1
1802,1,10.0,Computer,3,11.0,E wallet,Male,3.0,3.0,Mobile Phone,4,Single,2.0,1,14.0,1.0,1.0,0.0,118.78,2
1803,0,13.0,Computer,3,34.0,UPI,Male,2.0,5.0,Fashion,5,Married,4.0,0,15.0,0.0,1.0,3.0,209.32,1
1804,0,14.0,Computer,1,8.0,UPI,Female,3.0,4.0,Laptop & Accessory,3,Single,3.0,1,17.0,0.0,1.0,7.0,168.11,2
1805,0,10.0,Mobile Phone,3,35.0,Credit Card,Male,2.0,3.0,Laptop & Accessory,3,Married,6.0,0,12.0,0.0,1.0,0.0,143.06,2
1806,0,8.0,Mobile Phone,3,6.0,Credit Card,Female,3.0,3.0,Laptop & Accessory,3,Single,2.0,0,16.0,1.0,1.0,3.0,148.59,2
1807,0,7.0,Mobile Phone,3,27.0,Debit Card,Male,3.0,1.5,Laptop & Accessory,1,Single,2.0,0,12.0,0.0,5.0,7.0,153.37,2
1808,1,10.0,Mobile Phone,1,14.0,Cash on Delivery,Male,3.0,5.0,Mobile Phone,1,Single,2.0,1,18.0,0.0,1.0,0.0,123.4,3
1809,0,10.0,Mobile Phone,1,6.0,Cash on Delivery,Female,2.0,3.0,Fashion,1,Single,5.0,0,17.0,1.0,1.0,2.0,174.91,2
1810,0,19.0,Computer,1,24.0,Credit Card,Female,2.0,3.0,Fashion,3,Married,6.0,0,11.0,0.0,1.0,2.0,205.27,1
1811,0,14.0,Mobile Phone,3,8.0,Debit Card,Female,3.0,3.0,Grocery,5,Married,8.0,0,16.0,1.0,6.0,8.0,265.95,1
1812,0,10.0,Computer,3,15.0,Credit Card,Male,3.0,3.0,Fashion,4,Married,2.0,0,13.0,1.0,6.0,7.0,188.34,0
1813,0,25.0,Mobile Phone,1,12.0,Cash on Delivery,Male,3.0,3.0,Laptop & Accessory,5,Married,4.0,1,12.0,2.0,6.0,9.0,155.77,0
1814,1,10.0,Computer,3,17.0,UPI,Male,2.0,1.5,Laptop & Accessory,3,Married,9.0,0,12.0,1.0,1.0,2.0,147.07,2
1815,0,10.0,Computer,3,14.0,Credit Card,Male,2.0,3.0,Mobile Phone,1,Married,1.0,0,13.0,1.0,2.0,1.0,124.0,2
1816,0,11.0,Mobile Phone,1,16.0,Credit Card,Female,3.0,3.0,Laptop & Accessory,3,Married,4.0,0,19.0,0.0,1.0,0.0,198.24,2
1817,0,10.0,Mobile Phone,1,6.0,Debit Card,Female,3.0,3.0,Laptop & Accessory,4,Married,7.0,0,12.0,3.5,4.0,3.0,164.47,0
1818,0,22.0,Mobile Phone,1,24.0,Debit Card,Male,2.0,4.0,Others,3,Married,2.0,1,15.0,1.0,1.0,9.0,272.32625,1
1819,0,10.0,Mobile Phone,1,29.0,Credit Card,Male,3.0,1.5,Mobile Phone,1,Married,2.0,1,11.0,0.0,1.0,4.0,127.25,2
1820,0,10.0,Mobile Phone,3,34.0,E wallet,Male,3.0,3.0,Laptop & Accessory,4,Married,2.0,0,20.0,0.0,1.0,4.0,162.72,2
1821,0,10.0,Mobile Phone,1,23.0,UPI,Male,3.0,4.0,Mobile Phone,4,Married,2.0,0,21.0,1.0,1.0,0.0,121.27000000000001,3
1822,0,23.0,Computer,2,9.0,Credit Card,Male,3.0,3.0,Others,4,Married,2.0,0,11.0,1.0,6.0,7.0,272.32625,0
1823,0,10.0,Mobile Phone,3,19.0,Credit Card,Male,2.0,3.0,Mobile Phone,3,Married,2.0,0,11.0,1.0,1.0,6.0,120.96000000000001,2
1824,1,10.0,Computer,1,13.0,Debit Card,Female,3.0,3.0,Mobile Phone,3,Married,2.0,1,16.0,0.0,1.0,2.0,128.86,2
1825,1,10.0,Computer,3,18.0,Debit Card,Male,3.0,4.0,Mobile Phone,5,Married,2.0,0,18.0,1.0,1.0,0.0,120.33000000000001,2
1826,0,7.0,Mobile Phone,1,6.0,Debit Card,Male,2.0,4.0,Mobile Phone,1,Married,2.0,1,13.0,1.0,1.0,3.0,136.22,2
1827,1,10.0,Mobile Phone,3,19.0,Credit Card,Male,2.0,3.0,Laptop & Accessory,5,Married,3.0,0,17.0,0.0,1.0,2.0,142.33,2
1828,0,8.0,Mobile Phone,1,31.0,UPI,Male,2.0,4.0,Laptop & Accessory,1,Single,5.0,0,14.0,1.0,1.0,2.0,136.81,2
1829,0,4.0,Mobile Phone,3,12.0,Credit Card,Male,3.0,1.5,Laptop & Accessory,1,Married,5.0,0,22.0,3.5,5.0,7.0,154.6,0
1830,0,10.0,Mobile Phone,1,12.0,Credit Card,Female,3.0,4.0,Mobile Phone,3,Married,1.0,0,12.0,0.0,1.0,3.0,121.87,2
1831,0,10.0,Mobile Phone,3,8.0,E wallet,Male,3.0,3.0,Laptop & Accessory,3,Married,5.0,1,11.0,0.0,1.0,0.0,196.02,2
1832,0,10.0,Mobile Phone,1,6.0,Debit Card,Female,3.0,4.0,Mobile Phone,4,Single,2.0,0,13.0,0.0,1.0,0.0,128.36,2
1833,0,15.0,Mobile Phone,1,8.0,Debit Card,Female,2.0,3.0,Laptop & Accessory,1,Married,2.0,0,13.0,0.0,2.0,2.0,140.89,2
1834,0,16.0,Mobile Phone,1,12.0,UPI,Male,2.0,4.0,Grocery,1,Married,5.0,1,14.0,1.0,1.0,0.0,266.27,1
1835,0,11.0,Mobile Phone,1,14.0,Debit Card,Female,2.0,3.0,Mobile Phone,5,Single,4.0,0,17.0,0.0,1.0,0.0,126.19,2
1836,0,16.0,Computer,1,15.0,Credit Card,Male,3.0,3.0,Laptop & Accessory,3,Married,4.0,1,13.0,1.0,4.0,7.0,156.79,2
1837,0,21.0,Mobile Phone,1,6.0,Debit Card,Female,2.0,4.0,Grocery,5,Married,8.0,0,11.0,0.0,2.0,2.0,254.01999999999998,1
1838,0,17.0,Mobile Phone,2,6.0,Debit Card,Female,2.0,4.0,Laptop & Accessory,3,Single,5.0,0,11.0,1.0,1.0,2.0,159.85,2
1839,0,7.0,Mobile Phone,3,14.0,Cash on Delivery,Female,2.0,3.0,Mobile Phone,3,Married,2.0,1,18.0,1.0,1.0,6.0,125.78999999999999,2
1840,1,10.0,Mobile Phone,3,8.0,E wallet,Male,3.0,3.0,Mobile Phone,5,Married,1.0,0,11.0,1.0,1.0,2.0,130.41,2
1841,0,10.0,Mobile Phone,3,28.0,Cash on Delivery,Male,2.0,3.0,Mobile Phone,3,Single,2.0,0,11.0,0.0,1.0,2.0,134.47,2
1842,0,17.0,Mobile Phone,1,9.0,UPI,Male,2.0,3.0,Others,1,Married,5.0,1,15.0,0.0,1.0,1.0,272.32625,2
1843,0,10.0,Mobile Phone,1,12.0,Credit Card,Male,3.0,3.0,Mobile Phone,3,Married,1.0,0,20.0,1.0,2.0,2.0,127.72999999999999,2
1844,0,6.0,Mobile Phone,3,14.0,E wallet,Male,2.0,3.0,Laptop & Accessory,3,Married,1.0,0,12.0,0.0,1.0,2.0,171.04,2
1845,0,5.0,Mobile Phone,1,15.0,Debit Card,Female,3.0,3.0,Laptop & Accessory,1,Married,2.0,1,12.0,1.0,1.0,5.0,163.22,2
1846,0,10.0,Computer,1,9.0,Credit Card,Female,3.0,3.0,Mobile Phone,3,Married,2.0,0,20.0,1.0,1.0,0.0,120.83000000000001,2
1847,0,26.0,Mobile Phone,3,6.0,Credit Card,Female,2.0,3.0,Laptop & Accessory,5,Single,8.0,0,20.0,3.5,6.0,10.0,183.81,0
1848,0,7.0,Mobile Phone,1,6.0,Debit Card,Male,3.0,3.0,Mobile Phone,1,Married,2.0,0,12.0,1.0,6.0,8.0,126.91,0
1849,1,8.0,Computer,3,32.0,Debit Card,Female,3.0,3.0,Laptop & Accessory,5,Married,3.0,0,14.0,0.0,1.0,0.0,142.86,2
1850,0,10.0,Mobile Phone,1,12.0,Debit Card,Female,3.0,3.0,Mobile Phone,1,Married,2.0,1,13.0,0.0,1.0,2.0,69.83625,2
1851,0,10.0,Mobile Phone,1,9.0,UPI,Male,2.0,3.0,Fashion,3,Married,2.0,0,15.0,3.5,6.0,8.0,194.34,0
1852,0,2.0,Mobile Phone,3,9.0,Credit Card,Female,3.0,3.0,Laptop & Accessory,3,Married,2.0,0,14.0,0.0,1.0,2.0,155.61,2
1853,0,8.0,Mobile Phone,1,12.0,Debit Card,Male,2.0,5.0,Laptop & Accessory,1,Single,2.0,0,13.0,0.0,6.0,8.0,166.46,0
1854,0,6.0,Computer,1,12.0,Debit Card,Male,1.0,3.0,Laptop & Accessory,1,Married,4.0,0,23.0,3.0,4.0,7.0,177.25,0
1855,0,27.0,Mobile Phone,2,25.0,Credit Card,Male,2.0,3.0,Fashion,4,Married,3.0,0,15.0,2.0,6.0,1.0,207.25,1
1856,0,9.0,Mobile Phone,1,15.0,Credit Card,Male,2.0,4.0,Laptop & Accessory,4,Married,3.0,1,11.0,0.0,1.0,2.0,188.47,2
1857,0,10.0,Mobile Phone,1,9.0,Credit Card,Male,2.0,4.0,Mobile Phone,1,Single,1.0,0,13.0,1.0,1.0,1.0,120.44999999999999,2
1858,1,10.0,Mobile Phone,1,16.0,Credit Card,Male,2.0,3.0,Mobile Phone,3,Single,2.0,1,11.0,1.0,1.0,1.0,110.09,2
1859,1,10.0,Computer,1,9.0,Debit Card,Male,3.0,3.0,Mobile Phone,5,Single,2.0,1,11.0,3.5,6.0,7.0,133.48,0
1860,0,10.0,Computer,1,9.0,Debit Card,Male,2.0,4.0,Mobile Phone,3,Married,2.0,0,18.0,1.0,1.0,0.0,112.81,2
1861,0,10.0,Mobile Phone,1,10.0,Credit Card,Male,3.0,1.5,Mobile Phone,5,Married,3.0,0,16.0,0.0,1.0,2.0,128.19,2
1862,0,10.0,Mobile Phone,3,14.0,Debit Card,Male,2.0,1.5,Laptop & Accessory,4,Married,1.0,0,22.0,1.0,1.0,2.0,148.51,2
1863,0,11.0,Mobile Phone,3,13.0,E wallet,Female,2.0,4.0,Laptop & Accessory,1,Single,1.0,0,20.0,1.0,1.0,5.0,140.28,2
1864,0,2.0,Computer,1,6.0,Debit Card,Male,3.0,5.0,Mobile Phone,1,Married,2.0,0,18.0,0.0,2.0,8.0,127.19999999999999,3
1865,0,21.0,Mobile Phone,3,8.0,E wallet,Male,2.0,1.5,Laptop & Accessory,4,Married,4.0,0,12.0,0.0,2.0,2.0,181.2,2
1866,0,10.0,Computer,3,9.0,Credit Card,Female,3.0,1.5,Laptop & Accessory,1,Married,2.0,1,20.0,1.0,1.0,4.0,146.47,2
1867,0,10.0,Mobile Phone,1,16.0,Debit Card,Male,3.0,1.5,Mobile Phone,1,Single,4.0,0,17.0,1.0,1.0,0.0,146.8,2
1868,0,23.0,Mobile Phone,1,34.0,Credit Card,Male,3.0,1.5,Mobile Phone,3,Married,2.0,1,11.0,0.0,3.0,8.0,132.21,2
1869,0,7.0,Mobile Phone,1,15.0,Credit Card,Female,2.0,4.0,Fashion,4,Single,2.0,0,14.0,3.5,6.0,7.0,186.21,0
1870,1,10.0,Mobile Phone,3,9.0,Debit Card,Female,3.0,3.0,Laptop & Accessory,3,Single,10.0,0,14.0,1.0,2.0,0.0,145.77,2
1871,0,12.0,Mobile Phone,1,8.0,Cash on Delivery,Female,3.0,4.0,Laptop & Accessory,3,Single,2.0,0,11.0,1.0,6.0,10.0,145.53,0
1872,0,5.0,Mobile Phone,3,16.0,E wallet,Male,2.0,3.0,Laptop & Accessory,1,Single,2.0,0,12.0,1.0,1.0,8.0,153.96,2
1873,1,13.0,Computer,3,14.0,Cash on Delivery,Male,2.0,3.0,Laptop & Accessory,3,Married,4.0,1,14.0,0.0,1.0,3.0,167.96,2
1874,0,11.0,Mobile Phone,1,6.0,Debit Card,Female,2.0,1.5,Laptop & Accessory,1,Single,1.0,0,13.0,0.0,1.0,8.0,176.25,2
1875,0,10.0,Mobile Phone,1,6.0,Debit Card,Female,3.0,3.0,Fashion,5,Married,2.0,0,11.0,0.0,1.0,7.0,174.12,2
1876,0,5.0,Mobile Phone,1,9.0,Debit Card,Female,2.0,3.0,Fashion,1,Single,4.0,0,15.0,3.5,6.0,3.0,211.58999999999997,0
1877,0,20.0,Mobile Phone,3,20.0,E wallet,Male,2.0,3.0,Laptop & Accessory,5,Single,3.0,0,12.0,1.0,1.0,7.0,149.6,2
1878,0,13.0,Computer,3,11.0,Debit Card,Male,2.0,4.0,Fashion,5,Married,6.0,1,21.0,0.0,1.0,12.0,204.75,1
1879,0,26.0,Mobile Phone,1,13.0,Debit Card,Male,2.0,1.5,Grocery,3,Married,4.0,0,19.0,0.0,2.0,3.0,248.14,1
1880,0,14.0,Mobile Phone,2,16.0,UPI,Male,3.0,4.0,Others,1,Married,4.0,0,15.0,1.0,6.0,6.0,272.32625,0
1881,0,30.0,Mobile Phone,3,22.0,E wallet,Male,2.0,3.0,Laptop & Accessory,5,Single,9.0,0,14.0,2.0,2.0,2.0,154.05,1
1882,0,10.0,Computer,1,16.0,Debit Card,Male,2.0,3.0,Fashion,5,Married,2.0,0,21.0,0.0,1.0,7.0,187.93,2
1883,0,14.0,Mobile Phone,2,6.0,UPI,Male,2.0,4.0,Others,3,Married,2.0,0,12.0,1.0,2.0,10.0,272.32625,1
1884,0,23.0,Mobile Phone,3,14.0,E wallet,Male,2.0,3.0,Mobile Phone,4,Married,8.0,0,15.0,0.0,2.0,2.0,138.75,2
1885,1,10.0,Mobile Phone,1,6.0,Debit Card,Female,3.0,5.0,Mobile Phone,4,Single,8.0,1,13.0,1.0,3.0,7.0,122.16,3
1886,0,9.0,Computer,1,14.0,Debit Card,Female,3.0,1.5,Fashion,5,Married,10.0,0,14.0,0.0,1.0,3.0,217.13,1
1887,0,11.0,Mobile Phone,1,6.0,Debit Card,Female,2.0,3.0,Fashion,3,Single,5.0,1,14.0,0.0,1.0,0.0,178.61,2
1888,0,17.0,Computer,1,30.0,Credit Card,Male,2.0,5.0,Mobile Phone,3,Single,3.0,0,14.0,0.0,1.0,4.0,137.08,2
1889,0,20.0,Computer,3,9.0,Credit Card,Female,2.0,3.0,Grocery,3,Married,10.0,1,12.0,1.0,2.0,13.0,237.7,1
1890,0,3.0,Mobile Phone,3,33.0,E wallet,Male,3.0,3.0,Laptop & Accessory,1,Married,8.0,0,23.0,2.0,6.0,7.0,153.04,0
1891,0,2.0,Mobile Phone,3,14.0,Debit Card,Male,3.0,3.0,Mobile Phone,3,Single,2.0,0,11.0,1.0,1.0,0.0,126.41999999999999,2
1892,1,5.0,Computer,1,25.0,Credit Card,Male,3.0,1.5,Mobile Phone,3,Married,7.0,1,12.0,0.0,2.0,2.0,127.59,2
1893,0,16.0,Computer,3,21.0,Debit Card,Male,2.0,4.0,Laptop & Accessory,1,Married,4.0,0,18.0,1.0,2.0,2.0,168.04,2
1894,0,7.0,Mobile Phone,1,14.0,Credit Card,Female,3.0,3.0,Laptop & Accessory,3,Single,4.0,0,11.0,0.0,4.0,3.0,161.42,2
1895,0,10.0,Mobile Phone,1,14.0,Credit Card,Male,2.0,3.0,Mobile Phone,5,Married,2.0,0,14.0,1.0,1.0,2.0,125.0,2
1896,0,12.0,Mobile Phone,2,9.0,UPI,Female,2.0,1.5,Laptop & Accessory,4,Married,10.0,0,15.0,0.0,3.0,6.0,163.89,2
1897,0,29.0,Mobile Phone,1,15.0,Credit Card,Male,2.0,3.0,Grocery,1,Married,8.0,0,11.0,0.0,1.0,3.0,211.02999999999997,1
1898,0,13.0,Mobile Phone,1,14.0,Credit Card,Female,2.0,4.0,Mobile Phone,1,Single,1.0,1,20.0,0.0,2.0,3.0,123.41999999999999,2
1899,0,10.0,Mobile Phone,1,13.0,Credit Card,Female,2.0,4.0,Laptop & Accessory,5,Single,9.0,0,19.0,1.0,1.0,7.0,168.11,2
1900,0,10.0,Mobile Phone,3,16.0,E wallet,Male,2.0,3.0,Mobile Phone,4,Married,2.0,0,14.0,2.0,2.0,2.0,122.97,2
1901,0,26.0,Mobile Phone,1,14.0,Debit Card,Male,2.0,3.0,Laptop & Accessory,1,Single,3.0,0,17.0,2.0,2.0,2.0,124.5,2
1902,0,8.0,Computer,1,8.0,Debit Card,Female,3.0,3.0,Laptop & Accessory,5,Married,3.0,0,11.0,1.0,1.0,0.0,150.93,2
1903,0,5.0,Computer,1,30.0,Debit Card,Male,3.0,3.0,Laptop & Accessory,1,Married,2.0,0,15.0,1.0,4.0,7.0,153.09,2
1904,0,11.0,Mobile Phone,1,8.0,Credit Card,Male,3.0,3.0,Mobile Phone,3,Married,7.0,1,13.0,0.0,1.0,1.0,130.57,2
1905,0,7.0,Mobile Phone,1,14.0,Debit Card,Female,2.0,3.0,Laptop & Accessory,5,Married,4.0,0,14.0,1.0,1.0,0.0,151.21,2
1906,0,25.0,Mobile Phone,3,9.0,E wallet,Male,2.0,4.0,Grocery,5,Married,2.0,0,11.0,1.0,1.0,14.5,268.56,1
1907,1,10.0,Mobile Phone,1,6.0,UPI,Male,3.0,3.0,Mobile Phone,1,Single,2.0,1,13.0,3.5,6.0,8.0,126.86000000000001,0
1908,0,10.0,Mobile Phone,3,32.0,Credit Card,Female,2.0,3.0,Laptop & Accessory,1,Single,2.0,0,23.0,0.0,1.0,4.0,161.8,2
1909,0,18.0,Mobile Phone,3,8.0,Cash on Delivery,Male,2.0,5.0,Laptop & Accessory,3,Single,1.0,0,13.0,1.0,3.0,1.0,166.32,2
1910,0,10.0,Mobile Phone,1,16.0,Credit Card,Male,3.0,1.5,Mobile Phone,3,Single,2.0,0,18.0,0.0,1.0,2.0,135.05,2
1911,1,10.0,Computer,3,33.0,Debit Card,Female,3.0,1.5,Laptop & Accessory,3,Single,5.0,1,12.0,0.0,1.0,3.0,163.97,2
1912,0,7.0,Mobile Phone,3,8.0,UPI,Male,2.0,3.0,Laptop & Accessory,1,Single,2.0,0,22.0,0.0,1.0,4.0,162.74,2
1913,1,18.0,Mobile Phone,1,8.0,Credit Card,Male,3.0,3.0,Others,5,Married,6.0,1,15.0,1.0,1.0,4.0,272.32625,1
1914,0,9.0,Computer,3,14.0,Debit Card,Male,3.0,4.0,Fashion,5,Single,2.0,0,15.0,0.0,1.0,9.0,175.87,2
1915,0,25.0,Computer,1,25.0,Credit Card,Male,2.0,3.0,Mobile Phone,1,Married,1.0,0,18.0,1.0,1.0,2.0,142.58,2
1916,0,10.0,Computer,1,6.0,Debit Card,Female,3.0,5.0,Mobile Phone,1,Married,4.0,0,14.0,2.0,2.0,0.0,143.64,3
1917,0,2.0,Mobile Phone,1,33.0,Credit Card,Female,3.0,3.0,Laptop & Accessory,3,Married,5.0,0,12.0,0.0,1.0,1.0,143.35,2
1918,1,10.0,Mobile Phone,3,14.0,Cash on Delivery,Male,2.0,4.0,Laptop & Accessory,5,Single,7.0,0,17.0,0.0,1.0,2.0,153.26,2
1919,0,7.0,Mobile Phone,1,6.0,Debit Card,Female,3.0,1.5,Mobile Phone,1,Single,3.0,0,16.0,1.0,1.0,3.0,132.8,2
1920,0,27.0,Mobile Phone,1,25.0,Credit Card,Female,3.0,3.0,Laptop & Accessory,5,Married,10.0,1,11.0,0.0,1.0,4.0,154.85,1
1921,0,10.0,Computer,3,14.0,E wallet,Male,2.0,3.0,Laptop & Accessory,1,Married,1.0,0,19.0,1.0,1.0,1.0,143.42,2
1922,0,10.0,Mobile Phone,1,16.0,Debit Card,Female,3.0,3.0,Mobile Phone,5,Married,1.0,1,13.0,3.5,4.0,3.0,127.82,0
1923,0,11.0,Computer,1,8.0,Debit Card,Female,3.0,1.5,Laptop & Accessory,5,Single,7.0,1,12.0,0.0,4.0,12.0,159.8,2
1924,0,7.0,Mobile Phone,1,8.0,Credit Card,Female,2.0,4.0,Mobile Phone,5,Single,2.0,0,11.0,1.0,1.0,3.0,143.81,2
1925,0,8.0,Mobile Phone,3,14.0,Debit Card,Female,3.0,3.0,Mobile Phone,1,Married,2.0,0,16.0,1.0,1.0,2.0,125.72,2
1926,0,3.0,Mobile Phone,1,6.0,Debit Card,Male,2.0,5.0,Mobile Phone,3,Married,4.0,0,21.0,1.0,1.0,2.0,138.33,3
1927,0,13.0,Computer,1,8.0,Credit Card,Female,2.0,1.5,Laptop & Accessory,4,Married,2.0,0,24.0,0.0,3.0,7.0,142.44,2
1928,0,7.0,Mobile Phone,3,14.0,Debit Card,Female,3.0,3.0,Laptop & Accessory,5,Married,6.0,0,17.0,1.0,1.0,2.0,165.0,2
1929,0,15.0,Computer,1,14.0,Debit Card,Male,3.0,3.0,Others,1,Married,2.0,0,13.0,1.0,6.0,9.0,272.32625,0
1930,1,10.0,Mobile Phone,1,12.0,Debit Card,Male,3.0,1.5,Mobile Phone,5,Married,2.0,1,21.0,0.0,1.0,0.0,116.00999999999999,2
1931,0,10.0,Computer,1,15.0,Debit Card,Male,3.0,4.0,Mobile Phone,4,Married,2.0,0,11.0,0.0,1.0,0.0,126.94,2
1932,0,25.0,Mobile Phone,1,17.0,Debit Card,Female,3.0,3.0,Laptop & Accessory,3,Married,9.0,0,20.0,1.0,1.0,4.0,131.49,1
1933,0,23.0,Mobile Phone,1,8.0,Credit Card,Male,3.0,3.0,Grocery,3,Married,6.0,0,16.0,1.0,1.0,3.0,272.32625,1
1934,1,10.0,Mobile Phone,1,14.0,Debit Card,Female,2.0,4.0,Mobile Phone,5,Married,2.0,1,11.0,0.0,1.0,0.0,123.19,2
1935,0,6.0,Mobile Phone,1,13.0,Credit Card,Male,2.0,3.0,Fashion,3,Married,1.0,0,11.0,1.0,3.0,3.0,216.91000000000003,2
1936,1,10.0,Mobile Phone,3,22.0,E wallet,Female,3.0,3.0,Laptop & Accessory,5,Single,6.0,0,15.0,1.0,1.0,2.0,153.24,2
1937,0,20.0,Mobile Phone,1,8.0,UPI,Female,2.0,3.0,Grocery,1,Married,2.0,1,11.0,1.0,3.0,0.0,267.52,1
1938,0,9.0,Mobile Phone,1,6.0,UPI,Female,2.0,3.0,Laptop & Accessory,4,Married,1.0,0,15.0,1.0,1.0,5.0,152.28,2
1939,0,2.0,Mobile Phone,1,29.0,Debit Card,Male,3.0,1.5,Mobile Phone,3,Married,2.0,0,24.0,1.0,1.0,7.0,127.0,2
1940,1,20.0,Mobile Phone,1,8.0,Debit Card,Male,2.0,3.0,Others,4,Single,8.0,1,15.0,3.5,6.0,8.0,272.32625,0
1941,0,8.0,Mobile Phone,1,14.0,Debit Card,Female,2.0,1.5,Mobile Phone,3,Single,4.0,0,13.0,2.0,2.0,2.0,125.06,2
1942,0,15.0,Mobile Phone,1,6.0,Debit Card,Female,2.0,4.0,Laptop & Accessory,1,Married,10.0,1,13.0,0.0,1.0,2.0,160.62,2
1943,1,10.0,Mobile Phone,1,8.0,Credit Card,Male,2.0,3.0,Mobile Phone,3,Single,7.0,0,17.0,2.0,2.0,1.0,143.82,2
1944,0,10.0,Mobile Phone,2,19.0,UPI,Male,2.0,3.0,Mobile Phone,4,Married,5.0,0,13.0,1.0,1.0,4.0,121.43,2
1945,0,5.0,Mobile Phone,1,10.0,Debit Card,Female,3.0,4.0,Laptop & Accessory,3,Married,2.0,0,12.0,3.5,6.0,8.0,161.62,0
1946,0,13.0,Computer,1,22.0,Credit Card,Male,2.0,4.0,Laptop & Accessory,3,Single,7.0,0,14.0,0.0,1.0,0.0,150.94,2
1947,0,3.0,Mobile Phone,1,8.0,Credit Card,Female,2.0,4.0,Laptop & Accessory,1,Single,6.0,1,24.0,1.0,1.0,0.0,168.77,2
1948,0,10.0,Mobile Phone,1,8.0,Debit Card,Female,3.0,4.0,Mobile Phone,3,Single,2.0,0,14.0,1.0,1.0,0.0,122.74000000000001,2
1949,0,15.0,Mobile Phone,1,35.0,Debit Card,Male,3.0,3.0,Laptop & Accessory,4,Married,2.0,0,13.0,3.5,6.0,8.0,144.34,0
1950,0,11.0,Computer,1,18.0,Debit Card,Male,0.5,4.0,Laptop & Accessory,5,Married,3.0,0,15.0,1.0,1.0,2.0,162.88,2
1951,0,7.0,Computer,1,14.0,Debit Card,Female,3.0,4.0,Mobile Phone,1,Single,2.0,0,16.0,1.0,1.0,3.0,125.53,2
1952,1,12.0,Mobile Phone,3,17.0,E wallet,Female,2.0,3.0,Fashion,1,Married,2.0,0,18.0,0.0,6.0,7.0,176.54,0
1953,1,18.0,Mobile Phone,3,8.0,Credit Card,Male,2.0,3.0,Laptop & Accessory,1,Single,5.0,0,16.0,1.0,6.0,3.0,151.6,2
1954,0,16.0,Mobile Phone,1,20.0,Debit Card,Male,3.0,3.0,Grocery,5,Married,7.0,0,24.0,1.0,1.0,0.0,271.59,1
1955,0,10.0,Mobile Phone,1,11.0,Cash on Delivery,Male,2.0,4.0,Fashion,1,Married,2.0,1,16.0,1.0,1.0,3.0,228.07999999999998,1
1956,0,8.0,Mobile Phone,1,13.0,UPI,Male,2.0,3.0,Fashion,3,Single,4.0,0,21.0,0.0,1.0,6.0,202.21,2
1957,0,1.0,Mobile Phone,3,8.0,E wallet,Female,2.0,3.0,Laptop & Accessory,4,Married,2.0,1,20.0,3.5,6.0,5.0,147.79,0
1958,0,7.0,Mobile Phone,2,9.0,UPI,Male,2.0,3.0,Mobile Phone,1,Married,1.0,0,19.0,1.0,1.0,2.0,137.37,2
1959,1,10.0,Computer,1,14.0,Credit Card,Female,2.0,4.0,Mobile Phone,3,Married,2.0,1,14.0,0.0,1.0,7.0,123.66,2
1960,0,10.0,Computer,1,9.0,Credit Card,Male,2.0,3.0,Mobile Phone,1,Married,2.0,0,11.0,0.0,1.0,0.0,117.06,2
1961,0,24.0,Mobile Phone,3,32.0,E wallet,Female,3.0,3.0,Grocery,3,Married,3.0,0,14.0,1.0,4.0,14.5,263.07,1
1962,0,17.0,Mobile Phone,1,10.0,Credit Card,Male,2.0,3.0,Laptop & Accessory,4,Single,10.0,0,12.0,1.0,2.0,3.0,159.33,2
1963,0,10.0,Mobile Phone,1,8.0,Credit Card,Male,3.0,1.5,Mobile Phone,5,Single,8.0,0,13.0,0.0,1.0,1.0,134.24,2
1964,0,6.0,Mobile Phone,3,6.0,Credit Card,Male,2.0,1.5,Laptop & Accessory,5,Married,2.0,0,22.0,0.0,1.0,8.0,140.37,2
1965,0,8.0,Mobile Phone,1,14.0,Credit Card,Female,2.0,4.0,Mobile Phone,5,Single,2.0,0,11.0,0.0,1.0,1.0,125.59,2
1966,0,9.0,Mobile Phone,3,6.0,Debit Card,Male,2.0,3.0,Laptop & Accessory,1,Married,2.0,1,14.0,3.0,4.0,11.0,162.01,0
1967,0,5.0,Mobile Phone,3,19.0,Debit Card,Male,3.0,3.0,Laptop & Accessory,1,Married,3.0,0,11.0,0.0,1.0,3.0,144.03,2
1968,0,3.0,Computer,1,11.0,Debit Card,Male,3.0,4.0,Mobile Phone,1,Married,10.0,0,12.0,0.0,1.0,3.0,137.61,2
1969,0,26.0,Mobile Phone,3,13.0,E wallet,Female,3.0,4.0,Fashion,1,Married,8.0,1,18.0,0.0,1.0,3.0,209.33999999999997,1
1970,0,18.0,Mobile Phone,3,15.0,E wallet,Male,3.0,3.0,Fashion,5,Married,5.0,1,12.0,0.0,1.0,2.0,207.61,1
1971,0,5.0,Mobile Phone,1,14.0,Credit Card,Female,3.0,1.5,Laptop & Accessory,3,Married,6.0,0,12.0,1.0,1.0,3.0,151.75,2
1972,0,25.0,Computer,1,31.0,Credit Card,Female,2.0,4.0,Grocery,1,Married,4.0,0,22.0,0.0,2.0,0.0,238.26,1
1973,0,10.0,Mobile Phone,3,22.0,E wallet,Male,3.0,4.0,Laptop & Accessory,3,Married,5.0,0,19.0,1.0,1.0,0.0,163.34,3
1974,0,1.0,Mobile Phone,2,14.0,Credit Card,Male,3.0,4.0,Mobile Phone,1,Married,2.0,0,13.0,1.0,1.0,4.0,149.36,3
1975,0,10.0,Mobile Phone,1,6.0,Debit Card,Male,2.0,4.0,Laptop & Accessory,1,Married,7.0,0,22.0,2.0,2.0,2.0,147.75,2
1976,0,17.0,Mobile Phone,1,14.0,Debit Card,Male,3.0,1.5,Mobile Phone,1,Married,3.0,1,24.0,1.0,1.0,2.0,128.18,2
1977,0,15.0,Computer,1,14.0,Credit Card,Male,2.0,3.0,Mobile Phone,1,Single,6.0,1,14.0,1.0,2.0,2.0,125.15,2
1978,0,9.0,Mobile Phone,2,14.0,Debit Card,Male,3.0,4.0,Mobile Phone,5,Married,1.0,0,21.0,0.0,1.0,3.0,123.41999999999999,2
1979,0,10.0,Mobile Phone,3,9.0,UPI,Male,3.0,3.0,Laptop & Accessory,5,Married,2.0,1,18.0,0.0,1.0,3.0,141.94,2
1980,0,8.0,Mobile Phone,1,15.0,Debit Card,Female,3.0,4.0,Fashion,3,Married,2.0,1,20.0,3.0,5.0,14.5,206.85000000000002,0
1981,1,10.0,Computer,1,31.0,Debit Card,Female,3.0,3.0,Mobile Phone,4,Married,2.0,1,19.0,3.5,6.0,8.0,120.22,0
1982,0,5.0,Computer,1,6.0,Debit Card,Male,3.0,3.0,Mobile Phone,1,Married,1.0,0,12.0,1.0,1.0,2.0,123.13999999999999,2
1983,0,10.0,Mobile Phone,3,10.0,E wallet,Male,2.0,4.0,Laptop & Accessory,5,Married,2.0,0,12.0,1.0,1.0,3.0,142.56,2
1984,0,22.0,Mobile Phone,1,6.0,Cash on Delivery,Female,2.0,3.0,Mobile Phone,5,Married,3.0,0,16.0,0.0,1.0,2.0,135.8,2
1985,0,10.0,Computer,1,10.0,Debit Card,Male,2.0,4.0,Mobile Phone,1,Married,1.0,0,17.0,0.0,3.0,4.0,131.62,2
1986,0,5.0,Computer,3,11.0,Debit Card,Male,2.0,3.0,Laptop & Accessory,4,Married,2.0,0,14.0,2.0,5.0,3.0,165.24,0
1987,0,11.0,Mobile Phone,3,15.0,E wallet,Male,3.0,4.0,Mobile Phone,4,Married,1.0,0,19.0,0.0,1.0,2.0,128.99,2
1988,0,15.0,Mobile Phone,1,9.0,Debit Card,Female,3.0,1.5,Laptop & Accessory,1,Married,3.0,1,13.0,1.0,1.0,3.0,152.31,2
1989,0,4.0,Mobile Phone,1,14.0,Debit Card,Male,2.0,3.0,Mobile Phone,1,Married,4.0,1,19.0,0.0,1.0,2.0,123.56,2
1990,1,10.0,Mobile Phone,3,6.0,Credit Card,Female,3.0,4.0,Mobile Phone,3,Married,7.0,1,19.0,1.0,1.0,2.0,128.0,3
1991,0,26.0,Mobile Phone,3,14.0,E wallet,Male,3.0,3.0,Grocery,1,Married,6.0,0,14.0,2.0,2.0,3.0,218.36,1
1992,0,8.0,Mobile Phone,1,31.0,Cash on Delivery,Male,3.0,4.0,Fashion,4,Married,4.0,0,16.0,2.0,4.0,8.0,209.02999999999997,0
1993,0,10.0,Computer,3,27.0,Credit Card,Female,3.0,3.0,Mobile Phone,1,Married,6.0,0,15.0,1.0,1.0,0.0,129.73,2
1994,0,26.0,Mobile Phone,1,29.0,Debit Card,Female,3.0,3.0,Grocery,1,Single,7.0,0,18.0,3.0,2.0,8.0,242.75,1
1995,0,16.0,Computer,1,6.0,Debit Card,Female,2.0,3.0,Laptop & Accessory,1,Married,5.0,0,13.0,1.0,2.0,2.0,155.62,2
1996,0,20.0,Mobile Phone,3,8.0,E wallet,Female,2.0,3.0,Laptop & Accessory,1,Married,1.0,1,22.0,3.0,6.0,7.0,145.37,0
1997,0,10.0,Computer,3,25.0,Credit Card,Male,2.0,3.0,Fashion,4,Single,2.0,1,13.0,0.0,1.0,9.0,176.42,2
1998,0,23.0,Computer,1,8.0,Debit Card,Male,3.0,3.0,Grocery,5,Married,2.0,0,11.0,1.0,6.0,7.0,272.32625,1
1999,0,12.0,Mobile Phone,2,8.0,Debit Card,Female,2.0,4.0,Laptop & Accessory,1,Married,9.0,0,11.0,1.0,1.0,4.0,152.04,2
2000,0,10.0,Mobile Phone,2,9.0,UPI,Male,2.0,3.0,Mobile Phone,4,Married,4.0,1,11.0,0.0,1.0,3.0,122.77000000000001,2
2001,1,10.0,Mobile Phone,1,31.0,Debit Card,Male,3.0,3.0,Mobile Phone,1,Single,2.0,1,24.0,0.0,1.0,1.0,127.94999999999999,2
2002,0,2.0,Mobile Phone,1,14.0,Credit Card,Female,3.0,4.0,Mobile Phone,1,Married,7.0,0,14.0,1.0,1.0,3.0,125.32,3
2003,0,17.0,Mobile Phone,1,14.0,Debit Card,Male,3.0,3.0,Mobile Phone,5,Married,2.0,1,13.0,3.5,6.0,1.0,125.59,0
2004,0,1.0,Mobile Phone,3,11.0,Credit Card,Male,3.0,3.0,Laptop & Accessory,1,Single,2.0,0,14.0,0.0,1.0,2.0,149.08,2
2005,1,20.0,Computer,1,14.0,Debit Card,Male,2.0,4.0,Mobile Phone,1,Married,10.0,1,14.0,1.0,1.0,0.0,123.80000000000001,2
2006,0,16.0,Mobile Phone,1,14.0,Debit Card,Female,2.0,3.0,Laptop & Accessory,4,Married,5.0,0,21.0,1.0,1.0,0.0,147.65,2
2007,1,10.0,Mobile Phone,3,8.0,Credit Card,Female,2.0,4.0,Mobile Phone,3,Single,2.0,0,13.0,1.0,1.0,2.0,120.44,2
2008,1,10.0,Mobile Phone,1,24.0,UPI,Female,3.0,3.0,Mobile Phone,1,Single,2.0,0,19.0,1.0,1.0,0.0,126.93,2
2009,0,9.0,Mobile Phone,1,20.0,Debit Card,Male,3.0,3.0,Laptop & Accessory,1,Married,1.0,1,17.0,2.0,4.0,11.0,165.86,0
2010,0,20.0,Mobile Phone,3,8.0,Debit Card,Female,3.0,4.0,Mobile Phone,1,Single,2.0,1,18.0,0.0,1.0,2.0,132.94,2
2011,1,10.0,Mobile Phone,1,9.0,Debit Card,Female,2.0,3.0,Laptop & Accessory,3,Married,1.0,1,19.0,1.0,1.0,2.0,141.71,2
2012,1,4.0,Mobile Phone,1,8.0,Debit Card,Female,3.0,5.0,Mobile Phone,1,Married,5.0,1,13.0,0.0,1.0,0.0,127.78,3
2013,0,1.0,Mobile Phone,1,14.0,Credit Card,Female,3.0,3.0,Mobile Phone,3,Married,6.0,0,18.0,0.0,2.0,2.0,123.77000000000001,2
2014,1,2.0,Mobile Phone,1,14.0,Credit Card,Male,3.0,3.0,Mobile Phone,5,Married,8.0,1,21.0,1.0,2.0,2.0,124.03999999999999,3
2015,0,10.0,Mobile Phone,1,14.0,Debit Card,Female,3.0,3.0,Mobile Phone,3,Single,2.0,0,19.0,0.0,1.0,0.0,123.18,2
2016,0,10.0,Mobile Phone,1,16.0,Debit Card,Male,2.0,3.0,Mobile Phone,4,Married,2.0,0,14.0,1.0,1.0,0.0,120.08000000000001,2
2017,0,15.0,Mobile Phone,3,20.0,Credit Card,Female,3.0,4.0,Laptop & Accessory,3,Single,8.0,0,17.0,1.0,1.0,3.0,162.44,3
2018,0,6.0,Mobile Phone,1,6.0,UPI,Male,3.0,4.0,Mobile Phone,5,Single,4.0,1,11.0,1.0,1.0,2.0,127.99000000000001,2
2019,0,30.0,Mobile Phone,1,11.0,Cash on Delivery,Female,2.0,4.0,Fashion,4,Married,3.0,1,13.0,1.0,1.0,4.0,205.52,1
2020,0,4.0,Mobile Phone,3,14.0,Debit Card,Male,2.0,4.0,Mobile Phone,3,Married,4.0,0,15.0,2.0,5.0,2.0,123.28999999999999,3
2021,0,8.0,Mobile Phone,1,27.0,Debit Card,Female,2.0,3.0,Laptop & Accessory,1,Married,2.0,1,25.0,0.0,1.0,7.0,140.14,2
2022,0,22.0,Mobile Phone,1,14.0,UPI,Female,2.0,3.0,Fashion,4,Married,5.0,0,11.0,0.0,1.0,7.0,174.03,1
2023,0,10.0,Mobile Phone,1,26.0,Credit Card,Male,2.0,3.0,Mobile Phone,3,Married,5.0,0,17.0,1.0,1.0,0.0,122.59,2
2024,0,4.0,Computer,3,26.0,E wallet,Female,2.0,3.0,Laptop & Accessory,3,Married,2.0,0,13.0,1.0,1.0,0.0,169.32,2
2025,0,9.0,Mobile Phone,1,13.0,UPI,Male,3.0,3.0,Mobile Phone,1,Single,3.0,0,18.0,1.0,1.0,1.0,146.78,2
2026,0,11.0,Mobile Phone,1,6.0,Cash on Delivery,Female,3.0,3.0,Fashion,5,Married,2.0,0,13.0,3.5,2.0,11.0,235.82,0
2027,0,5.0,Computer,1,14.0,Debit Card,Female,3.0,4.0,Mobile Phone,4,Married,7.0,0,20.0,0.0,1.0,2.0,123.32,3
2028,1,10.0,Mobile Phone,3,14.0,E wallet,Male,2.0,4.0,Mobile Phone,4,Married,2.0,1,18.0,0.0,1.0,0.0,124.13,2
2029,0,13.0,Mobile Phone,3,16.0,E wallet,Male,3.0,4.0,Fashion,4,Married,3.0,0,12.0,0.0,1.0,0.0,197.05,1
2030,0,10.0,Computer,3,6.0,Credit Card,Male,2.0,4.0,Laptop & Accessory,5,Single,2.0,0,12.0,0.0,1.0,7.0,142.94,2
2031,0,14.0,Mobile Phone,1,12.0,Credit Card,Male,2.0,3.0,Mobile Phone,5,Single,3.0,1,13.0,1.0,2.0,14.5,147.21,2
2032,0,9.0,Mobile Phone,1,14.0,Credit Card,Male,3.0,3.0,Mobile Phone,3,Single,5.0,0,21.0,1.0,3.0,9.0,125.19,2
2033,1,10.0,Mobile Phone,3,27.0,UPI,Male,2.0,4.0,Mobile Phone,4,Single,2.0,1,13.0,1.0,1.0,0.0,121.21000000000001,2
2034,1,10.0,Mobile Phone,1,10.0,Cash on Delivery,Male,3.0,3.0,Mobile Phone,5,Single,2.0,0,19.0,1.0,1.0,0.0,129.73,2
2035,0,4.0,Mobile Phone,1,18.0,Credit Card,Female,2.0,3.0,Laptop & Accessory,1,Married,1.0,1,11.0,3.5,6.0,5.0,158.55,0
2036,0,13.0,Computer,1,15.0,Credit Card,Male,2.0,3.0,Mobile Phone,4,Married,9.0,1,14.0,0.0,1.0,0.0,136.17,2
2037,0,5.0,Mobile Phone,1,9.0,Credit Card,Female,3.0,3.0,Laptop & Accessory,5,Married,2.0,0,12.0,1.0,6.0,3.0,167.25,0
2038,1,10.0,Mobile Phone,3,9.0,Debit Card,Male,2.0,4.0,Fashion,1,Married,2.0,1,11.0,3.0,3.0,7.0,203.25,0
2039,0,6.0,Mobile Phone,1,6.0,Debit Card,Female,2.0,4.0,Laptop & Accessory,1,Single,1.0,0,14.0,1.0,1.0,4.0,169.49,2
2040,1,10.0,Mobile Phone,3,6.0,Debit Card,Male,2.0,4.0,Fashion,3,Married,6.0,0,11.0,3.5,6.0,14.5,206.08999999999997,0
2041,0,18.0,Computer,1,10.0,Debit Card,Male,2.0,3.0,Laptop & Accessory,4,Married,2.0,0,12.0,1.0,1.0,8.0,144.47,2
2042,0,10.0,Computer,3,26.0,Cash on Delivery,Female,2.0,3.0,Mobile Phone,1,Married,2.0,0,15.0,0.0,1.0,2.0,121.57,2
2043,0,8.0,Mobile Phone,3,24.0,Credit Card,Female,2.0,3.0,Laptop & Accessory,3,Married,2.0,0,16.0,1.0,1.0,0.0,146.01,2
2044,0,25.0,Mobile Phone,1,6.0,Debit Card,Male,3.0,3.0,Grocery,1,Married,3.0,0,15.0,1.0,6.0,8.0,270.99,1
2045,1,20.0,Mobile Phone,1,14.0,Cash on Delivery,Male,2.0,3.0,Mobile Phone,3,Single,5.0,0,24.0,0.0,1.0,0.0,124.78999999999999,2
2046,0,26.0,Mobile Phone,3,8.0,Credit Card,Male,2.0,3.0,Grocery,3,Married,7.0,0,13.0,3.5,2.0,2.0,248.51999999999998,1
2047,0,3.0,Mobile Phone,3,14.0,UPI,Male,3.0,3.0,Fashion,3,Married,6.0,0,11.0,2.0,6.0,7.0,172.64,0
2048,0,11.0,Computer,3,16.0,Cash on Delivery,Female,2.0,3.0,Laptop & Accessory,1,Single,2.0,1,13.0,1.0,1.0,3.0,156.66,2
2049,0,8.0,Mobile Phone,3,9.0,Debit Card,Male,3.0,3.0,Fashion,1,Married,7.0,0,13.0,0.0,1.0,8.0,178.23,1
2050,0,12.0,Mobile Phone,3,8.0,Debit Card,Male,2.0,1.5,Fashion,3,Single,1.0,0,18.0,0.0,1.0,7.0,178.8,2
2051,1,3.0,Computer,3,30.0,Debit Card,Female,3.0,1.5,Grocery,4,Single,5.0,1,16.0,1.0,2.0,0.0,231.94,2
2052,0,20.0,Computer,1,22.0,Credit Card,Male,3.0,1.5,Laptop & Accessory,3,Married,2.0,1,19.0,1.0,2.0,7.0,150.67,2
2053,0,9.0,Computer,3,14.0,Cash on Delivery,Male,2.0,3.0,Laptop & Accessory,1,Married,5.0,0,13.0,1.0,1.0,7.0,150.79,2
2054,1,10.0,Computer,1,14.0,Credit Card,Male,2.0,4.0,Mobile Phone,5,Single,1.0,1,22.0,0.0,1.0,2.0,123.21000000000001,2
2055,0,6.0,Computer,3,23.0,Debit Card,Male,2.0,3.0,Grocery,3,Single,2.0,0,11.0,1.0,6.0,0.0,272.32625,0
2056,1,10.0,Mobile Phone,1,14.0,Debit Card,Female,3.0,4.0,Mobile Phone,5,Single,7.0,1,20.0,1.0,1.0,0.0,124.03999999999999,3
2057,0,6.0,Mobile Phone,1,19.0,Debit Card,Female,2.0,3.0,Mobile Phone,1,Single,4.0,0,18.0,1.0,1.0,2.0,134.52,2
2058,0,10.0,Mobile Phone,1,6.0,Credit Card,Female,3.0,3.0,Mobile Phone,1,Married,4.0,0,14.0,1.0,1.0,2.0,122.69999999999999,2
2059,0,23.0,Mobile Phone,1,6.0,Credit Card,Male,3.0,3.0,Grocery,1,Married,10.0,0,22.0,1.0,1.0,3.0,272.32625,1
2060,0,6.0,Computer,1,6.0,UPI,Female,2.0,1.5,Laptop & Accessory,4,Married,2.0,1,13.0,1.0,1.0,2.0,154.88,2
2061,0,14.0,Computer,1,15.0,Credit Card,Male,3.0,3.0,Others,3,Married,3.0,0,15.0,0.0,1.0,11.0,272.32625,1
2062,0,10.0,Mobile Phone,1,22.0,Cash on Delivery,Female,3.0,3.0,Mobile Phone,4,Married,10.0,0,14.0,2.0,2.0,2.0,128.11,3
2063,0,18.0,Computer,1,29.0,Debit Card,Male,2.0,3.0,Laptop & Accessory,5,Married,2.0,1,15.0,1.0,1.0,8.0,136.33,2
2064,0,20.0,Mobile Phone,3,10.0,Debit Card,Female,2.0,3.0,Laptop & Accessory,1,Single,2.0,1,17.0,1.0,1.0,7.0,141.63,2
2065,1,10.0,Mobile Phone,1,28.0,Debit Card,Female,2.0,3.0,Mobile Phone,3,Married,5.0,1,11.0,0.0,1.0,1.0,121.32,2
2066,0,23.0,Mobile Phone,1,30.0,Debit Card,Male,3.0,3.0,Grocery,3,Married,4.0,1,18.0,1.0,2.0,5.0,239.73000000000002,1
2067,0,11.0,Computer,1,16.0,Credit Card,Male,3.0,3.0,Mobile Phone,3,Married,1.0,0,17.0,0.0,1.0,2.0,126.84,2
2068,0,19.0,Mobile Phone,1,13.0,Credit Card,Male,3.0,3.0,Fashion,3,Married,7.0,0,13.0,1.0,1.0,7.0,208.45,1
2069,0,10.0,Mobile Phone,1,23.0,Credit Card,Female,2.0,4.0,Laptop & Accessory,3,Married,2.0,0,15.0,0.0,3.0,2.0,143.77,2
2070,1,10.0,Mobile Phone,1,20.0,UPI,Male,2.0,4.0,Mobile Phone,4,Married,2.0,1,24.0,1.0,1.0,2.0,137.43,2
2071,0,4.0,Computer,1,6.0,Debit Card,Female,3.0,3.0,Laptop & Accessory,5,Married,2.0,0,12.0,1.0,1.0,3.0,141.48,2
2072,0,10.0,Computer,1,11.0,Debit Card,Male,3.0,3.0,Mobile Phone,1,Single,2.0,0,15.0,0.0,1.0,0.0,110.50999999999999,2
2073,0,27.0,Mobile Phone,1,23.0,Cash on Delivery,Female,2.0,3.0,Fashion,3,Married,9.0,0,11.0,0.0,1.0,8.0,207.39,1
2074,0,8.0,Mobile Phone,1,31.0,Credit Card,Female,2.0,3.0,Fashion,3,Married,2.0,1,11.0,0.0,6.0,1.0,203.88,1
2075,0,3.0,Mobile Phone,1,14.0,Debit Card,Female,3.0,1.5,Fashion,5,Married,1.0,1,12.0,0.0,1.0,3.0,214.16000000000003,2
2076,1,10.0,Mobile Phone,1,14.0,Credit Card,Female,3.0,4.0,Mobile Phone,5,Single,2.0,1,15.0,1.0,1.0,0.0,126.0,2
2077,1,10.0,Computer,1,14.0,Credit Card,Female,2.0,3.0,Mobile Phone,4,Single,1.0,0,17.0,0.0,1.0,2.0,124.22,2
2078,0,10.0,Mobile Phone,1,8.0,Credit Card,Male,2.0,1.5,Laptop & Accessory,1,Married,2.0,0,12.0,1.0,1.0,3.0,154.72,2
2079,0,10.0,Mobile Phone,1,14.0,Debit Card,Male,3.0,5.0,Mobile Phone,5,Married,2.0,0,15.0,0.0,1.0,1.0,124.50999999999999,2
2080,0,21.0,Mobile Phone,1,12.0,Debit Card,Male,3.0,4.0,Laptop & Accessory,3,Single,3.0,0,13.0,0.0,2.0,2.0,142.4,2
2081,0,21.0,Mobile Phone,1,10.0,Debit Card,Male,3.0,4.0,Fashion,3,Single,8.0,0,14.0,1.0,4.0,3.0,209.99,1
2082,0,14.0,Mobile Phone,1,13.0,Credit Card,Female,2.0,3.0,Laptop & Accessory,3,Single,7.0,0,14.0,2.0,2.0,1.0,150.03,2
2083,0,12.0,Mobile Phone,1,6.0,Debit Card,Female,3.0,4.0,Grocery,1,Married,2.0,0,16.0,3.5,6.0,3.0,227.42000000000002,0
2084,0,10.0,Mobile Phone,1,8.0,Debit Card,Female,2.0,3.0,Laptop & Accessory,1,Married,1.0,0,18.0,2.0,2.0,2.0,142.27,2
2085,0,8.0,Mobile Phone,1,16.0,UPI,Male,2.0,3.0,Mobile Phone,1,Married,2.0,0,20.0,0.0,1.0,2.0,139.17,2
2086,0,10.0,Mobile Phone,3,11.0,E wallet,Male,2.0,3.0,Others,3,Married,7.0,0,13.0,1.0,1.0,0.0,272.32625,2
2087,0,23.0,Mobile Phone,1,14.0,Debit Card,Male,3.0,3.0,Mobile Phone,1,Married,5.0,0,18.0,1.0,1.0,0.0,123.80000000000001,2
2088,0,30.0,Mobile Phone,1,8.0,Debit Card,Female,3.0,4.0,Grocery,1,Single,4.0,1,13.0,3.5,2.0,3.0,237.26,1
2089,1,10.0,Mobile Phone,1,17.0,Credit Card,Female,3.0,5.0,Laptop & Accessory,4,Married,6.0,0,15.0,1.0,1.0,0.0,147.77,3
2090,0,28.0,Computer,1,24.0,Credit Card,Male,3.0,3.0,Laptop & Accessory,4,Married,4.0,1,14.0,2.0,6.0,7.0,163.85,0
2091,0,14.0,Computer,1,13.0,Debit Card,Female,2.0,5.0,Others,3,Married,2.0,0,15.0,3.5,5.0,10.0,272.32625,0
2092,0,11.0,Mobile Phone,3,9.0,Debit Card,Male,2.0,3.0,Laptop & Accessory,1,Single,9.0,1,12.0,1.0,1.0,0.0,168.61,2
2093,1,10.0,Computer,3,35.0,Credit Card,Male,3.0,5.0,Laptop & Accessory,5,Single,9.0,0,18.0,1.0,2.0,2.0,149.69,3
2094,1,15.0,Mobile Phone,3,8.0,E wallet,Female,2.0,5.0,Others,1,Married,2.0,0,15.0,3.0,6.0,9.0,272.32625,0
2095,0,17.0,Mobile Phone,3,34.0,Credit Card,Female,2.0,1.5,Grocery,1,Married,4.0,1,18.0,3.5,2.0,11.0,233.2,0
2096,0,23.0,Computer,3,6.0,Debit Card,Female,3.0,3.0,Laptop & Accessory,3,Married,1.0,0,12.0,0.0,1.0,13.0,163.47,2
2097,1,10.0,Mobile Phone,1,22.0,Debit Card,Female,3.0,1.5,Mobile Phone,5,Single,2.0,0,16.0,3.0,6.0,14.0,127.43,0
2098,0,12.0,Computer,1,28.0,Credit Card,Female,2.0,3.0,Fashion,5,Single,2.0,1,13.0,1.0,2.0,8.0,208.8,1
2099,0,6.0,Computer,3,14.0,Debit Card,Female,2.0,4.0,Mobile Phone,1,Single,1.0,0,19.0,0.0,2.0,2.0,123.41999999999999,2
2100,0,18.0,Mobile Phone,3,17.0,Debit Card,Female,2.0,3.0,Grocery,1,Married,4.0,0,13.0,1.0,1.0,1.0,272.32625,1
2101,0,5.0,Computer,1,35.0,Credit Card,Female,3.0,3.0,Mobile Phone,3,Single,10.0,0,12.0,3.5,6.0,7.0,140.25,0
2102,0,7.0,Mobile Phone,3,6.0,E wallet,Male,3.0,1.5,Laptop & Accessory,1,Married,1.0,0,11.0,0.0,1.0,9.0,197.25,2
2103,0,30.0,Mobile Phone,3,6.0,Cash on Delivery,Male,3.0,3.0,Fashion,1,Married,4.0,1,14.0,1.0,1.0,3.0,219.04000000000002,1
2104,0,10.0,Mobile Phone,2,30.0,Credit Card,Male,2.0,3.0,Mobile Phone,4,Single,2.0,0,16.0,0.0,1.0,4.0,121.77000000000001,2
2105,0,26.0,Computer,3,8.0,E wallet,Female,2.0,4.0,Fashion,4,Married,3.0,0,12.0,3.5,6.0,12.0,175.25,0
2106,1,10.0,Mobile Phone,1,21.0,UPI,Male,2.0,3.0,Laptop & Accessory,3,Married,8.0,0,14.0,0.0,1.0,0.0,148.34,2
2107,1,10.0,Computer,1,8.0,Debit Card,Male,2.0,3.0,Mobile Phone,5,Married,7.0,1,14.0,0.0,1.0,2.0,120.41999999999999,2
2108,0,10.0,Mobile Phone,3,16.0,Debit Card,Female,2.0,3.0,Mobile Phone,3,Married,2.0,1,19.0,0.0,1.0,0.0,122.19999999999999,2
2109,0,1.0,Mobile Phone,3,16.0,Credit Card,Male,3.0,3.0,Mobile Phone,4,Married,2.0,0,22.0,0.0,1.0,0.0,110.52000000000001,2
2110,0,11.0,Computer,1,9.0,UPI,Male,3.0,3.0,Mobile Phone,3,Married,4.0,0,16.0,2.0,2.0,2.0,128.21,2
2111,0,23.0,Mobile Phone,1,8.0,Credit Card,Male,3.0,3.0,Others,3,Married,3.0,1,15.0,3.5,6.0,7.0,272.32625,0
2112,0,10.0,Mobile Phone,1,9.0,UPI,Female,2.0,3.0,Laptop & Accessory,4,Single,4.0,0,15.0,1.0,1.0,1.0,141.07,2
2113,0,13.0,Mobile Phone,3,32.0,E wallet,Male,3.0,3.0,Laptop & Accessory,5,Married,2.0,0,14.0,3.0,6.0,5.0,183.96,0
2114,0,10.0,Computer,1,6.0,Credit Card,Female,3.0,4.0,Mobile Phone,3,Married,2.0,0,13.0,0.0,1.0,3.0,120.07,2
2115,0,19.0,Mobile Phone,1,6.0,Credit Card,Male,2.0,3.0,Others,1,Married,10.0,0,15.0,1.0,2.0,2.0,272.32625,1
2116,0,27.0,Mobile Phone,3,8.0,Debit Card,Female,2.0,4.0,Fashion,3,Married,7.0,0,11.0,3.5,6.0,0.0,206.86,1
2117,0,29.0,Computer,1,15.0,Credit Card,Female,3.0,3.0,Mobile Phone,3,Married,3.0,0,19.0,1.0,1.0,3.0,129.42,2
2118,0,9.0,Mobile Phone,1,18.0,Credit Card,Female,2.0,4.0,Fashion,1,Single,1.0,0,11.0,3.5,6.0,8.0,188.58,0
2119,0,28.0,Computer,1,8.0,Credit Card,Male,2.0,4.0,Grocery,5,Single,8.0,0,15.0,1.0,6.0,2.0,267.56,1
2120,0,16.0,Mobile Phone,3,31.0,Credit Card,Male,3.0,4.0,Fashion,1,Married,6.0,0,13.0,1.0,1.0,0.0,207.98000000000002,1
2121,1,10.0,Computer,3,14.0,E wallet,Female,2.0,3.0,Mobile Phone,1,Single,2.0,1,14.0,1.0,1.0,2.0,123.22999999999999,2
2122,1,10.0,Mobile Phone,1,16.0,Debit Card,Female,2.0,4.0,Mobile Phone,5,Single,2.0,0,13.0,0.0,1.0,0.0,114.16,2
2123,0,19.0,Mobile Phone,1,14.0,Debit Card,Female,3.0,4.0,Laptop & Accessory,5,Married,9.0,1,23.0,1.0,1.0,7.0,146.15,1
2124,1,14.0,Mobile Phone,1,14.0,Debit Card,Male,2.0,3.0,Mobile Phone,3,Married,10.0,1,12.0,0.0,2.0,7.0,124.61000000000001,2
2125,1,10.0,Computer,1,30.0,Cash on Delivery,Male,3.0,4.0,Fashion,5,Single,2.0,0,12.0,1.0,1.0,9.0,187.22,1
2126,0,10.0,Mobile Phone,1,6.0,Credit Card,Male,2.0,4.0,Mobile Phone,5,Married,2.0,0,16.0,1.0,1.0,3.0,139.55,2
2127,0,3.0,Mobile Phone,1,26.0,UPI,Male,2.0,3.0,Laptop & Accessory,5,Married,1.0,0,15.0,0.0,1.0,2.0,199.57,2
2128,0,14.0,Mobile Phone,1,13.0,Cash on Delivery,Female,2.0,1.5,Mobile Phone,3,Married,2.0,0,13.0,0.0,1.0,8.0,133.76,2
2129,0,11.0,Mobile Phone,1,23.0,Debit Card,Female,3.0,4.0,Fashion,3,Married,1.0,0,18.0,1.0,1.0,9.0,188.23,1
2130,0,13.0,Mobile Phone,1,26.0,Cash on Delivery,Male,3.0,3.0,Fashion,1,Married,5.0,0,20.0,3.0,6.0,1.0,203.22,0
2131,0,10.0,Computer,1,14.0,Debit Card,Male,2.0,5.0,Mobile Phone,3,Married,2.0,0,19.0,1.0,1.0,2.0,146.21,2
2132,0,28.0,Computer,1,8.0,Debit Card,Male,3.0,3.0,Fashion,4,Married,4.0,0,18.0,0.0,1.0,3.0,209.76,1
2133,0,1.0,Mobile Phone,1,16.0,UPI,Female,2.0,3.0,Laptop & Accessory,3,Single,4.0,0,13.0,0.0,1.0,7.0,136.6,2
2134,1,7.0,Mobile Phone,2,6.0,Credit Card,Male,3.0,4.0,Fashion,5,Married,10.0,0,14.0,2.0,3.0,6.0,204.82,1
2135,0,6.0,Mobile Phone,1,11.0,Debit Card,Male,2.0,4.0,Fashion,1,Married,5.0,0,15.0,1.0,1.0,2.0,171.19,2
2136,1,10.0,Mobile Phone,3,10.0,Cash on Delivery,Male,2.0,3.0,Fashion,5,Single,1.0,1,22.0,2.0,4.0,7.0,195.82,0
2137,1,10.0,Computer,1,35.0,Credit Card,Female,2.0,4.0,Laptop & Accessory,3,Single,2.0,0,22.0,2.0,3.0,8.0,145.08,0
2138,0,10.0,Mobile Phone,1,21.0,Debit Card,Male,2.0,3.0,Mobile Phone,3,Married,2.0,0,16.0,0.0,2.0,2.0,122.07,2
2139,0,7.0,Computer,1,9.0,Debit Card,Male,2.0,3.0,Laptop & Accessory,1,Single,1.0,0,17.0,1.0,1.0,4.0,177.56,2
2140,0,10.0,Mobile Phone,3,16.0,Debit Card,Female,2.0,4.0,Laptop & Accessory,1,Married,3.0,1,14.0,1.0,1.0,0.0,166.94,2
2141,1,10.0,Mobile Phone,1,10.0,Cash on Delivery,Male,2.0,3.0,Mobile Phone,1,Married,2.0,1,15.0,3.5,5.0,6.0,136.91,0
2142,1,10.0,Mobile Phone,1,14.0,Credit Card,Male,2.0,3.0,Mobile Phone,3,Married,2.0,0,20.0,1.0,1.0,0.0,123.77000000000001,2
2143,1,10.0,Mobile Phone,1,31.0,Credit Card,Male,2.0,4.0,Mobile Phone,4,Single,5.0,1,20.0,1.0,2.0,2.0,123.13,2
2144,0,15.0,Mobile Phone,1,8.0,Credit Card,Male,2.0,3.0,Grocery,5,Married,1.0,0,17.0,1.0,6.0,7.0,272.32625,0
2145,1,10.0,Computer,1,14.0,Credit Card,Male,2.0,4.0,Mobile Phone,4,Married,2.0,0,15.0,1.0,1.0,0.0,125.96000000000001,2
2146,1,13.0,Computer,3,6.0,UPI,Male,2.0,3.0,Laptop & Accessory,3,Single,4.0,1,14.0,1.0,1.0,0.0,147.28,2
2147,0,6.0,Computer,3,13.0,Debit Card,Female,1.0,3.0,Laptop & Accessory,4,Married,1.0,0,17.0,0.0,1.0,2.0,143.02,2
2148,0,7.0,Computer,1,9.0,Debit Card,Male,3.0,4.0,Mobile Phone,1,Married,4.0,0,17.0,0.0,1.0,0.0,129.79,2
2149,0,21.0,Computer,1,6.0,Credit Card,Male,2.0,1.5,Grocery,1,Single,3.0,0,22.0,1.0,2.0,1.0,268.85,1
2150,0,18.0,Computer,3,15.0,Debit Card,Female,3.0,4.0,Laptop & Accessory,3,Married,2.0,0,13.0,3.5,4.0,12.0,155.93,0
2151,0,25.0,Mobile Phone,1,5.0,Debit Card,Male,2.0,3.0,Fashion,4,Single,8.0,0,19.0,2.0,4.0,0.0,204.45,1
2152,0,11.0,Mobile Phone,3,16.0,E wallet,Male,3.0,4.0,Fashion,3,Married,1.0,1,14.0,1.0,2.0,7.0,187.4,1
2153,0,2.0,Mobile Phone,1,14.0,Debit Card,Female,3.0,3.0,Mobile Phone,1,Married,5.0,0,22.0,1.0,1.0,7.0,125.13999999999999,2
2154,0,1.0,Mobile Phone,1,9.0,Credit Card,Female,3.0,3.0,Fashion,4,Married,1.0,0,17.0,0.0,1.0,7.0,176.55,2
2155,0,19.0,Mobile Phone,3,9.0,E wallet,Male,2.0,3.0,Grocery,3,Married,4.0,0,12.0,1.0,4.0,9.0,272.32625,1
2156,0,11.0,Mobile Phone,3,8.0,E wallet,Male,2.0,3.0,Fashion,4,Single,8.0,0,16.0,1.0,1.0,0.0,173.51,2
2157,0,16.0,Computer,1,33.0,Debit Card,Female,2.0,3.0,Fashion,5,Married,9.0,0,11.0,1.0,1.0,1.0,208.2,1
2158,1,2.0,Computer,1,8.0,Debit Card,Male,2.0,3.0,Grocery,1,Married,8.0,0,11.0,3.5,6.0,3.0,221.69,0
2159,0,13.0,Mobile Phone,1,20.0,Credit Card,Male,2.0,4.0,Others,3,Single,2.0,0,15.0,3.0,4.0,9.0,272.32625,0
2160,0,10.0,Mobile Phone,1,6.0,Cash on Delivery,Female,3.0,4.0,Mobile Phone,4,Single,2.0,1,11.0,1.0,2.0,2.0,120.69999999999999,2
2161,0,12.0,Computer,1,15.0,Debit Card,Male,3.0,3.0,Laptop & Accessory,4,Single,10.0,0,15.0,1.0,1.0,3.0,167.82,2
2162,0,9.0,Computer,1,24.0,Debit Card,Male,3.0,3.0,Laptop & Accessory,1,Single,3.0,0,20.0,0.0,1.0,9.0,177.79,2
2163,0,4.0,Computer,3,26.0,Debit Card,Male,3.0,1.5,Mobile Phone,1,Married,1.0,0,12.0,2.0,2.0,2.0,127.91,2
2164,0,1.0,Mobile Phone,1,8.0,Debit Card,Male,3.0,4.0,Mobile Phone,4,Married,1.0,0,17.0,0.0,1.0,4.0,132.01,2
2165,0,8.0,Computer,3,17.0,E wallet,Male,2.0,3.0,Laptop & Accessory,1,Married,2.0,0,11.0,1.0,1.0,2.0,149.68,2
2166,0,22.0,Mobile Phone,3,14.0,Cash on Delivery,Male,2.0,4.0,Grocery,4,Married,7.0,0,17.0,1.0,2.0,3.0,231.2,1
2167,0,7.0,Computer,1,8.0,Debit Card,Male,3.0,3.0,Laptop & Accessory,3,Single,3.0,0,11.0,1.0,1.0,2.0,140.33,2
2168,0,2.0,Computer,1,16.0,Debit Card,Female,3.0,3.0,Mobile Phone,4,Married,1.0,0,14.0,0.0,1.0,1.0,132.91,2
2169,0,15.0,Mobile Phone,1,35.0,Credit Card,Male,2.0,5.0,Laptop & Accessory,1,Single,5.0,0,19.0,1.0,1.0,0.0,142.72,2
2170,0,2.0,Mobile Phone,1,14.0,Credit Card,Male,3.0,4.0,Laptop & Accessory,1,Married,2.0,1,15.0,1.0,1.0,2.0,150.56,3
2171,0,11.0,Mobile Phone,2,6.0,UPI,Male,3.0,1.5,Mobile Phone,3,Married,2.0,0,13.0,3.0,5.0,0.0,128.44,2
2172,0,1.0,Computer,1,12.0,Debit Card,Male,3.0,4.0,Mobile Phone,3,Married,2.0,1,14.0,1.0,1.0,2.0,127.03,2
2173,1,10.0,Computer,1,14.0,Credit Card,Male,3.0,3.0,Mobile Phone,3,Single,2.0,0,12.0,1.0,1.0,0.0,119.03999999999999,2
2174,1,10.0,Mobile Phone,3,15.0,E wallet,Female,3.0,3.0,Laptop & Accessory,5,Single,4.0,1,17.0,0.0,1.0,3.0,182.24,2
2175,0,14.0,Mobile Phone,1,18.0,Debit Card,Male,2.0,3.0,Mobile Phone,1,Married,4.0,1,11.0,1.0,1.0,0.0,147.66,2
2176,1,10.0,Computer,1,14.0,Credit Card,Male,3.0,3.0,Mobile Phone,3,Married,2.0,0,12.0,1.0,2.0,2.0,126.1,2
2177,0,10.0,Mobile Phone,1,31.0,Credit Card,Female,2.0,4.0,Laptop & Accessory,1,Married,8.0,0,13.0,1.0,1.0,3.0,157.31,2
2178,0,10.0,Mobile Phone,1,14.0,Debit Card,Male,2.0,4.0,Mobile Phone,3,Married,2.0,0,13.0,1.0,2.0,2.0,125.38999999999999,2
2179,0,7.0,Mobile Phone,3,15.0,Debit Card,Female,3.0,3.0,Laptop & Accessory,3,Married,2.0,0,20.0,0.0,1.0,3.0,157.14,2
2180,0,8.0,Mobile Phone,2,14.0,Cash on Delivery,Male,3.0,3.0,Mobile Phone,3,Single,2.0,0,17.0,0.0,1.0,4.0,143.23,2
2181,1,10.0,Mobile Phone,3,29.0,Debit Card,Female,2.0,4.0,Fashion,5,Married,2.0,0,13.0,1.0,3.0,10.0,173.36,1
2182,0,13.0,Computer,1,15.0,Credit Card,Female,2.0,3.0,Fashion,3,Single,10.0,0,17.0,1.0,2.0,13.0,234.99,1
2183,1,5.0,Computer,3,18.0,Debit Card,Male,2.0,3.0,Grocery,5,Single,1.0,1,12.0,2.0,2.0,14.0,237.57999999999998,0
2184,0,15.0,Mobile Phone,3,10.0,E wallet,Male,2.0,3.0,Laptop & Accessory,5,Single,8.0,0,13.0,1.0,1.0,5.0,151.55,2
2185,0,10.0,Mobile Phone,1,6.0,Credit Card,Male,2.0,4.0,Mobile Phone,3,Married,7.0,0,12.0,1.0,1.0,7.0,122.58000000000001,2
2186,0,10.0,Mobile Phone,1,30.0,Credit Card,Male,2.0,3.0,Mobile Phone,4,Single,9.0,0,22.0,0.0,1.0,2.0,135.97,2
2187,1,10.0,Mobile Phone,1,14.0,Debit Card,Female,3.0,3.0,Mobile Phone,1,Married,2.0,1,11.0,1.0,1.0,0.0,125.15,2
2188,0,10.0,Mobile Phone,1,9.0,Credit Card,Male,2.0,1.5,Mobile Phone,1,Married,2.0,0,22.0,1.0,1.0,7.0,144.2,2
2189,0,3.0,Mobile Phone,3,16.0,E wallet,Male,3.0,4.0,Laptop & Accessory,3,Married,2.0,0,18.0,0.0,1.0,4.0,165.78,2
2190,0,13.0,Computer,1,32.0,Credit Card,Female,3.0,4.0,Laptop & Accessory,1,Married,4.0,1,13.0,0.0,1.0,0.0,144.22,2
2191,0,8.0,Mobile Phone,1,8.0,Debit Card,Male,2.0,4.0,Fashion,4,Married,3.0,0,18.0,2.0,6.0,4.0,202.74,0
2192,0,7.0,Computer,1,7.0,Credit Card,Male,3.0,4.0,Laptop & Accessory,5,Single,1.0,0,20.0,0.0,4.0,9.0,153.43,3
2193,0,8.0,Computer,1,14.0,UPI,Male,2.0,4.0,Mobile Phone,1,Married,2.0,0,13.0,1.0,2.0,2.0,123.75999999999999,2
2194,1,6.0,Mobile Phone,3,15.0,E wallet,Female,2.0,5.0,Laptop & Accessory,3,Single,9.0,0,13.0,0.0,1.0,3.0,153.46,2
2195,0,5.0,Computer,3,8.0,Debit Card,Female,3.0,3.0,Mobile Phone,5,Married,2.0,0,12.0,1.0,1.0,0.0,128.27,2
2196,0,29.0,Mobile Phone,1,10.0,Cash on Delivery,Female,3.0,3.0,Others,5,Married,5.0,0,15.0,3.5,4.0,2.0,272.32625,1
2197,0,2.0,Mobile Phone,1,12.0,Credit Card,Female,3.0,3.0,Mobile Phone,1,Married,2.0,0,13.0,0.0,1.0,8.0,131.31,2
2198,0,10.0,Mobile Phone,1,14.0,Debit Card,Male,2.0,3.0,Mobile Phone,5,Single,2.0,0,25.0,0.0,1.0,0.0,125.52000000000001,2
2199,0,18.0,Mobile Phone,1,13.0,Credit Card,Female,2.0,3.0,Mobile Phone,3,Married,5.0,1,19.0,0.0,1.0,2.0,144.77,2
2200,0,10.0,Mobile Phone,1,7.0,Debit Card,Female,2.0,4.0,Laptop & Accessory,1,Married,2.0,0,13.0,0.0,3.0,11.0,164.74,2
2201,0,10.0,Mobile Phone,1,5.0,Debit Card,Male,3.0,4.0,Mobile Phone,3,Single,2.0,0,12.0,0.0,1.0,2.0,130.33,2
2202,1,7.0,Mobile Phone,1,16.0,Debit Card,Male,3.0,3.0,Mobile Phone,3,Single,2.0,1,11.0,1.0,1.0,2.0,129.36,2
2203,0,26.0,Mobile Phone,1,13.0,Credit Card,Female,2.0,3.0,Others,3,Married,4.0,0,18.0,1.0,4.0,7.0,272.32625,1
2204,0,10.0,Mobile Phone,1,21.0,Debit Card,Female,3.0,5.0,Mobile Phone,1,Married,1.0,1,18.0,1.0,1.0,3.0,121.68,3
2205,1,10.0,Computer,1,9.0,Debit Card,Male,3.0,4.0,Mobile Phone,1,Married,1.0,1,11.0,0.0,1.0,0.0,128.53,2
2206,0,19.0,Mobile Phone,3,8.0,E wallet,Female,3.0,3.0,Grocery,5,Married,9.0,0,23.0,1.0,6.0,9.0,270.48,1
2207,0,10.0,Computer,1,23.0,Debit Card,Male,3.0,5.0,Mobile Phone,3,Single,3.0,0,13.0,1.0,1.0,0.0,122.9,3
2208,0,6.0,Mobile Phone,2,8.0,UPI,Male,3.0,3.0,Mobile Phone,3,Married,2.0,0,13.0,1.0,1.0,4.0,136.0,2
2209,1,10.0,Computer,1,11.0,Debit Card,Male,3.0,4.0,Mobile Phone,5,Married,7.0,0,17.0,0.0,1.0,0.0,121.07,2
2210,0,3.0,Mobile Phone,3,35.0,Debit Card,Male,3.0,3.0,Laptop & Accessory,5,Married,9.0,0,19.0,1.0,1.0,3.0,141.15,3
2211,0,13.0,Computer,3,8.0,Credit Card,Male,3.0,3.0,Laptop & Accessory,4,Married,6.0,0,12.0,1.0,1.0,0.0,143.27,2
2212,0,23.0,Computer,1,8.0,Credit Card,Female,1.0,3.0,Grocery,5,Married,3.0,0,22.0,1.0,2.0,2.0,272.32625,1
2213,0,1.0,Mobile Phone,1,25.0,Credit Card,Male,3.0,4.0,Mobile Phone,5,Married,2.0,0,12.0,1.0,3.0,3.0,131.96,3
2214,0,19.0,Mobile Phone,1,21.0,Debit Card,Male,2.0,3.0,Others,4,Married,6.0,0,11.0,1.0,1.0,3.0,272.32625,1
2215,0,8.0,Mobile Phone,3,23.0,Debit Card,Male,3.0,3.0,Laptop & Accessory,5,Married,4.0,1,15.0,0.0,1.0,7.0,189.66,2
2216,1,10.0,Mobile Phone,1,23.0,Debit Card,Female,3.0,3.0,Mobile Phone,4,Married,2.0,0,13.0,1.0,1.0,0.0,122.1,2
2217,0,6.0,Computer,3,31.0,Credit Card,Female,2.0,3.0,Laptop & Accessory,3,Married,2.0,0,12.0,0.0,1.0,1.0,145.39,2
2218,0,9.0,Mobile Phone,1,12.0,Debit Card,Male,3.0,5.0,Mobile Phone,3,Married,2.0,0,14.0,1.0,1.0,7.0,127.41,3
2219,0,3.0,Mobile Phone,1,13.0,Debit Card,Male,2.0,3.0,Laptop & Accessory,3,Married,2.0,0,13.0,3.5,6.0,9.0,134.91,0
2220,0,17.0,Mobile Phone,1,35.0,UPI,Male,2.0,3.0,Laptop & Accessory,1,Single,2.0,0,25.0,3.5,6.0,14.5,145.41,0
2221,0,10.0,Mobile Phone,3,27.0,E wallet,Male,3.0,1.5,Mobile Phone,1,Single,2.0,0,17.0,2.0,2.0,2.0,126.78,2
2222,0,19.0,Mobile Phone,1,8.0,Cash on Delivery,Male,2.0,3.0,Laptop & Accessory,1,Married,3.0,0,11.0,0.0,1.0,4.0,173.79,2
2223,0,15.0,Computer,2,8.0,Credit Card,Male,3.0,1.5,Laptop & Accessory,5,Married,8.0,0,16.0,1.0,1.0,3.0,162.72,2
2224,0,30.0,Mobile Phone,3,13.0,E wallet,Male,2.0,1.5,Laptop & Accessory,1,Married,1.0,1,18.0,0.0,1.0,9.0,152.2,2
2225,0,5.0,Computer,1,19.0,UPI,Female,3.0,4.0,Mobile Phone,4,Married,2.0,0,20.0,2.0,2.0,2.0,134.0,3
2226,0,5.0,Computer,1,8.0,Debit Card,Female,2.0,3.0,Laptop & Accessory,3,Single,5.0,1,14.0,1.0,1.0,7.0,149.98,2
2227,0,9.0,Mobile Phone,1,7.0,Cash on Delivery,Female,3.0,5.0,Fashion,5,Married,3.0,1,21.0,3.5,6.0,7.0,202.52,0
2228,0,6.0,Mobile Phone,1,15.0,Credit Card,Male,3.0,3.0,Mobile Phone,1,Married,1.0,0,13.0,0.0,4.0,10.0,127.81,2
2229,0,13.0,Mobile Phone,3,16.0,Cash on Delivery,Female,2.0,4.0,Laptop & Accessory,4,Married,8.0,0,12.0,1.0,1.0,3.0,168.52,2
2230,0,10.0,Mobile Phone,3,16.0,Debit Card,Male,2.0,3.0,Laptop & Accessory,1,Single,1.0,0,14.0,1.0,1.0,1.0,149.5,2
2231,0,3.0,Mobile Phone,1,7.0,Credit Card,Male,3.0,3.0,Mobile Phone,4,Married,1.0,1,21.0,3.0,5.0,7.0,135.79,0
2232,0,15.0,Computer,1,32.0,Credit Card,Female,2.0,3.0,Fashion,5,Married,4.0,1,17.0,0.0,2.0,0.0,231.91000000000003,1
2233,0,8.0,Computer,3,14.0,E wallet,Female,3.0,4.0,Fashion,1,Married,5.0,1,11.0,3.0,4.0,12.0,203.77,0
2234,0,10.0,Mobile Phone,1,20.0,Debit Card,Male,2.0,3.0,Mobile Phone,5,Married,2.0,1,14.0,3.5,6.0,8.0,122.35,0
2235,0,27.0,Computer,1,7.0,Debit Card,Female,2.0,3.0,Fashion,3,Married,8.0,0,17.0,0.0,1.0,4.0,205.02,1
2236,0,10.0,Mobile Phone,1,8.0,Debit Card,Female,3.0,1.5,Mobile Phone,1,Married,2.0,0,13.0,1.0,6.0,7.0,120.11000000000001,2
2237,1,10.0,Computer,1,16.0,Credit Card,Female,3.0,4.0,Mobile Phone,4,Single,2.0,1,25.0,0.0,1.0,0.0,118.59,2
2238,0,2.0,Mobile Phone,1,7.0,Debit Card,Female,3.0,3.0,Mobile Phone,1,Married,2.0,0,15.0,1.0,1.0,2.0,137.6,2
2239,0,27.0,Mobile Phone,1,9.0,Debit Card,Male,2.0,3.0,Grocery,1,Married,4.0,0,14.0,1.0,1.0,9.0,272.32625,1
2240,0,4.0,Mobile Phone,1,17.0,Credit Card,Male,3.0,3.0,Laptop & Accessory,5,Married,2.0,1,12.0,1.0,1.0,1.0,168.33,2
2241,0,4.0,Mobile Phone,1,30.0,Credit Card,Female,3.0,4.0,Laptop & Accessory,5,Single,2.0,0,19.0,1.0,1.0,8.0,168.12,3
2242,0,30.0,Mobile Phone,3,9.0,Debit Card,Female,2.0,4.0,Laptop & Accessory,1,Single,6.0,0,17.0,0.0,1.0,5.0,151.71,1
2243,0,16.0,Mobile Phone,1,9.0,Debit Card,Male,3.0,5.0,Others,1,Married,4.0,0,15.0,1.0,1.0,7.0,272.32625,1
2244,0,22.0,Mobile Phone,1,10.0,Credit Card,Male,2.0,4.0,Others,3,Married,3.0,0,13.0,1.0,1.0,0.0,272.32625,1
2245,0,9.0,Computer,1,9.0,Cash on Delivery,Male,2.0,3.0,Mobile Phone,4,Married,2.0,0,12.0,0.0,1.0,7.0,136.92,2
2246,0,21.0,Mobile Phone,1,14.0,Cash on Delivery,Male,3.0,1.5,Mobile Phone,4,Single,6.0,0,11.0,0.0,1.0,0.0,125.59,2
2247,0,10.0,Mobile Phone,1,14.0,Debit Card,Male,3.0,3.0,Mobile Phone,3,Married,2.0,0,11.0,1.0,1.0,3.0,125.16999999999999,2
2248,0,2.0,Mobile Phone,1,13.0,Debit Card,Male,2.0,3.0,Laptop & Accessory,1,Married,2.0,1,11.0,1.0,1.0,0.0,166.23,2
2249,0,21.0,Mobile Phone,1,7.0,Debit Card,Male,3.0,4.0,Others,1,Single,7.0,0,12.0,1.0,1.0,0.0,272.32625,1
2250,0,2.0,Mobile Phone,1,7.0,Debit Card,Female,2.0,4.0,Grocery,1,Married,4.0,0,14.0,1.0,1.0,7.0,261.24,1
2251,0,7.0,Mobile Phone,1,14.0,Cash on Delivery,Female,2.0,1.5,Mobile Phone,3,Married,1.0,0,17.0,1.0,1.0,0.0,125.85,2
2252,0,17.0,Mobile Phone,3,11.0,E wallet,Male,2.0,3.0,Others,4,Married,8.0,0,11.0,1.0,3.0,10.0,272.32625,1
2253,0,6.0,Mobile Phone,3,16.0,E wallet,Male,2.0,1.5,Fashion,3,Married,1.0,1,14.0,0.0,1.0,8.0,183.8,2
2254,0,10.0,Mobile Phone,1,31.0,Debit Card,Female,3.0,1.5,Mobile Phone,1,Single,2.0,1,12.0,0.0,1.0,1.0,129.94,2
2255,0,10.0,Mobile Phone,1,7.0,Debit Card,Male,2.0,3.0,Mobile Phone,3,Married,2.0,0,22.0,1.0,1.0,1.0,112.22999999999999,2
2256,1,10.0,Computer,3,30.0,Debit Card,Male,3.0,5.0,Mobile Phone,1,Single,2.0,1,14.0,1.0,1.0,0.0,111.18,3
2257,0,10.0,Mobile Phone,1,10.0,Debit Card,Male,3.0,3.0,Mobile Phone,1,Single,2.0,1,20.0,2.0,2.0,2.0,128.75,2
2258,1,8.0,Mobile Phone,3,8.0,E wallet,Female,3.0,5.0,Others,4,Single,3.0,1,16.0,1.0,1.0,11.0,272.32625,3
2259,0,28.0,Computer,1,14.0,Credit Card,Male,2.0,4.0,Grocery,4,Married,2.0,1,15.0,2.0,2.0,0.0,235.76999999999998,1
2260,1,10.0,Computer,1,14.0,Debit Card,Female,2.0,4.0,Mobile Phone,3,Single,2.0,0,20.0,1.0,2.0,2.0,126.25,2
2261,0,19.0,Mobile Phone,3,10.0,E wallet,Female,2.0,4.0,Others,4,Married,3.0,0,14.0,1.0,1.0,8.0,272.32625,1
2262,0,7.0,Mobile Phone,3,8.0,E wallet,Female,2.0,3.0,Laptop & Accessory,5,Single,1.0,1,12.0,1.0,1.0,2.0,145.38,2
2263,0,24.0,Computer,3,15.0,Debit Card,Male,2.0,3.0,Others,4,Married,5.0,1,15.0,3.5,6.0,10.0,272.32625,0
2264,0,30.0,Mobile Phone,1,24.0,Credit Card,Male,3.0,3.0,Fashion,1,Single,7.0,0,12.0,3.0,5.0,4.0,205.12,1
2265,0,7.0,Computer,1,25.0,Credit Card,Female,2.0,3.0,Laptop & Accessory,4,Married,5.0,0,13.0,0.0,5.0,10.0,144.44,2
2266,0,10.0,Computer,1,7.0,Credit Card,Male,2.0,3.0,Mobile Phone,3,Single,1.0,1,11.0,1.0,1.0,2.0,121.53999999999999,2
2267,0,17.0,Mobile Phone,1,10.0,Debit Card,Male,3.0,1.5,Others,5,Married,2.0,0,14.0,2.0,6.0,13.0,272.32625,0
2268,0,7.0,Computer,2,17.0,Debit Card,Male,2.0,4.0,Laptop & Accessory,4,Married,5.0,0,11.0,0.0,1.0,8.0,144.9,2
2269,0,8.0,Mobile Phone,1,12.0,Debit Card,Male,3.0,3.0,Mobile Phone,3,Married,1.0,1,14.0,1.0,2.0,2.0,135.06,2
2270,0,15.0,Mobile Phone,1,14.0,Credit Card,Female,3.0,1.5,Laptop & Accessory,4,Married,7.0,1,16.0,0.0,1.0,0.0,123.72,2
2271,0,16.0,Mobile Phone,3,10.0,E wallet,Female,2.0,4.0,Fashion,1,Single,4.0,0,14.0,3.5,6.0,14.5,202.31,0
2272,0,9.0,Mobile Phone,1,8.0,Debit Card,Female,2.0,3.0,Laptop & Accessory,4,Single,10.0,1,11.0,3.5,5.0,12.0,154.1,0
2273,1,7.0,Mobile Phone,1,21.0,Credit Card,Female,3.0,3.0,Fashion,1,Married,2.0,0,11.0,0.0,1.0,5.0,179.78,2
2274,0,1.0,Computer,1,8.0,Debit Card,Male,2.0,4.0,Mobile Phone,1,Married,2.0,1,12.0,0.0,2.0,2.0,138.67,2
2275,0,24.0,Computer,1,12.0,Credit Card,Female,3.0,4.0,Mobile Phone,3,Single,1.0,0,14.0,3.0,6.0,7.0,128.38,0
2276,0,3.0,Computer,1,15.0,Credit Card,Female,3.0,3.0,Laptop & Accessory,3,Single,8.0,1,18.0,0.0,1.0,7.0,146.95,2
2277,1,10.0,Mobile Phone,1,13.0,Cash on Delivery,Female,2.0,3.0,Mobile Phone,3,Married,4.0,1,13.0,3.5,6.0,7.0,133.39,0
2278,0,10.0,Mobile Phone,1,7.0,Cash on Delivery,Male,2.0,3.0,Mobile Phone,5,Single,3.0,0,11.0,1.0,1.0,2.0,120.80000000000001,2
2279,0,10.0,Mobile Phone,1,7.0,Credit Card,Female,2.0,3.0,Mobile Phone,4,Single,2.0,0,18.0,1.0,2.0,1.0,120.96000000000001,2
2280,0,5.0,Mobile Phone,3,14.0,Credit Card,Male,2.0,1.5,Laptop & Accessory,1,Married,2.0,0,15.0,0.0,1.0,8.0,162.09,2
2281,0,18.0,Computer,1,31.0,Credit Card,Female,2.0,3.0,Others,4,Single,4.0,0,22.0,1.0,1.0,0.0,272.32625,1
2282,0,12.0,Mobile Phone,1,19.0,Credit Card,Female,3.0,4.0,Grocery,4,Married,7.0,1,13.0,1.0,6.0,2.0,271.23,1
2283,0,30.0,Mobile Phone,1,14.0,Debit Card,Male,2.0,3.0,Mobile Phone,3,Married,2.0,0,12.0,1.0,2.0,2.0,123.72,2
2284,1,10.0,Mobile Phone,1,13.0,Debit Card,Male,3.0,3.0,Laptop & Accessory,3,Married,2.0,0,18.0,0.0,1.0,1.0,148.83,2
2285,1,2.0,Mobile Phone,1,29.0,Credit Card,Male,3.0,3.0,Mobile Phone,5,Single,1.0,0,13.0,0.0,1.0,3.0,139.04,2
2286,0,3.0,Mobile Phone,1,12.0,Cash on Delivery,Female,2.0,4.0,Laptop & Accessory,1,Married,1.0,0,12.0,3.5,6.0,7.0,146.27,0
2287,0,9.0,Mobile Phone,1,16.0,Cash on Delivery,Female,3.0,3.0,Fashion,3,Married,4.0,0,12.0,1.0,1.0,7.0,170.94,1
2288,0,19.0,Mobile Phone,2,7.0,Debit Card,Female,2.0,3.0,Mobile Phone,5,Single,7.0,0,12.0,2.0,5.0,7.0,134.23,0
2289,0,1.0,Computer,1,7.0,Debit Card,Female,2.0,5.0,Laptop & Accessory,1,Married,1.0,0,11.0,3.5,6.0,5.0,166.74,0
2290,0,23.0,Mobile Phone,1,34.0,Debit Card,Female,2.0,3.0,Grocery,5,Married,5.0,1,11.0,1.0,1.0,2.0,268.8,1
2291,1,3.0,Mobile Phone,3,31.0,E wallet,Male,2.0,4.0,Fashion,4,Single,3.0,1,12.0,1.0,1.0,0.0,190.94,2
2292,1,15.0,Mobile Phone,3,11.0,Debit Card,Male,3.0,3.0,Fashion,4,Single,10.0,1,19.0,3.5,6.0,7.0,184.46,0
2293,0,3.0,Mobile Phone,1,23.0,Credit Card,Female,3.0,3.0,Fashion,5,Married,2.0,1,23.0,1.0,1.0,3.0,219.16000000000003,1
2294,0,12.0,Mobile Phone,1,24.0,Debit Card,Male,2.0,3.0,Laptop & Accessory,3,Single,1.0,0,11.0,1.0,1.0,7.0,145.34,2
2295,0,4.0,Computer,3,8.0,Debit Card,Female,2.0,3.0,Fashion,3,Married,2.0,1,19.0,3.5,6.0,6.0,198.52,0
2296,0,14.0,Computer,3,16.0,Credit Card,Male,2.0,5.0,Laptop & Accessory,4,Single,2.0,0,13.0,3.0,6.0,9.0,161.51,0
2297,1,10.0,Computer,3,7.0,Debit Card,Female,2.0,3.0,Mobile Phone,4,Single,2.0,1,11.0,2.0,2.0,2.0,123.02000000000001,2
2298,1,7.0,Mobile Phone,1,14.0,Debit Card,Male,2.0,3.0,Mobile Phone,5,Married,5.0,0,12.0,1.0,1.0,2.0,123.62,2
2299,0,15.0,Computer,1,8.0,Debit Card,Male,2.0,3.0,Grocery,3,Married,1.0,1,13.0,1.0,2.0,10.0,272.32625,1
2300,0,28.0,Mobile Phone,1,8.0,Credit Card,Female,2.0,5.0,Others,3,Married,5.0,0,14.0,1.0,6.0,11.0,272.32625,1
2301,0,29.0,Mobile Phone,2,14.0,Debit Card,Male,3.0,3.0,Others,4,Single,7.0,0,15.0,2.0,6.0,7.0,272.32625,1
2302,0,13.0,Computer,1,22.0,Debit Card,Male,3.0,3.0,Mobile Phone,3,Married,10.0,0,16.0,1.0,1.0,0.0,135.44,2
2303,0,7.0,Mobile Phone,1,15.0,Debit Card,Male,2.0,3.0,Fashion,1,Married,1.0,0,11.0,0.0,1.0,6.0,185.0,2
2304,0,13.0,Mobile Phone,1,8.0,Debit Card,Male,3.0,3.0,Laptop & Accessory,1,Single,2.0,0,13.0,3.0,6.0,8.0,146.61,0
2305,0,14.0,Computer,3,7.0,E wallet,Female,3.0,3.0,Laptop & Accessory,5,Married,1.0,0,17.0,0.0,1.0,7.0,141.03,2
2306,0,8.0,Computer,1,10.0,Debit Card,Male,2.0,3.0,Laptop & Accessory,3,Single,2.0,1,11.0,1.0,1.0,1.0,142.49,2
2307,0,24.0,Mobile Phone,2,11.0,Debit Card,Male,2.0,3.0,Grocery,4,Married,2.0,1,11.0,0.0,2.0,10.0,240.26,1
2308,0,11.0,Mobile Phone,3,8.0,Debit Card,Female,2.0,3.0,Laptop & Accessory,5,Married,4.0,0,15.0,0.0,1.0,7.0,168.93,2
2309,0,7.0,Mobile Phone,3,21.0,Credit Card,Female,3.0,3.0,Laptop & Accessory,5,Single,2.0,0,12.0,3.5,6.0,6.0,161.25,0
2310,0,10.0,Mobile Phone,1,25.0,Credit Card,Male,3.0,3.0,Mobile Phone,1,Married,4.0,0,11.0,0.0,1.0,2.0,136.69,2
2311,1,20.0,Mobile Phone,1,13.0,Credit Card,Female,2.0,4.0,Fashion,5,Married,8.0,1,14.0,1.0,5.0,9.0,200.08,1
2312,0,13.0,Mobile Phone,1,14.0,Debit Card,Male,2.0,3.0,Mobile Phone,4,Married,4.0,0,22.0,1.0,1.0,3.0,123.87,2
2313,0,9.0,Computer,3,13.0,E wallet,Female,2.0,1.5,Laptop & Accessory,5,Married,3.0,0,16.0,3.5,6.0,13.0,146.39,0
2314,0,21.0,Mobile Phone,1,10.0,Debit Card,Male,2.0,3.0,Fashion,1,Single,2.0,0,11.0,1.0,1.0,8.0,178.98,1
2315,0,10.0,Mobile Phone,3,14.0,Credit Card,Female,3.0,1.5,Mobile Phone,1,Married,9.0,0,14.0,0.0,1.0,0.0,125.34,2
2316,0,24.0,Mobile Phone,1,17.0,Cash on Delivery,Female,2.0,4.0,Grocery,4,Single,4.0,0,16.0,0.0,1.0,3.0,231.42000000000002,1
2317,0,10.0,Computer,1,7.0,Debit Card,Female,3.0,3.0,Mobile Phone,1,Single,2.0,0,15.0,1.0,1.0,0.0,116.11000000000001,2
2318,0,8.0,Mobile Phone,1,7.0,Credit Card,Female,2.0,4.0,Laptop & Accessory,1,Married,1.0,0,12.0,0.0,1.0,0.0,153.63,2
2319,0,10.0,Computer,3,8.0,Debit Card,Male,2.0,5.0,Laptop & Accessory,1,Single,4.0,0,20.0,0.0,1.0,0.0,150.71,2
2320,1,18.0,Mobile Phone,3,19.0,E wallet,Male,2.0,1.5,Grocery,3,Single,7.0,1,17.0,1.0,2.0,8.0,236.95,1
2321,0,29.0,Mobile Phone,1,29.0,Debit Card,Male,3.0,3.0,Grocery,4,Married,5.0,1,12.0,3.5,2.0,9.0,234.01999999999998,1
2322,0,10.0,Computer,1,32.0,Cash on Delivery,Female,3.0,4.0,Mobile Phone,3,Married,2.0,0,20.0,1.0,1.0,0.0,120.28999999999999,3
2323,0,13.0,Mobile Phone,1,8.0,Credit Card,Female,2.0,1.5,Laptop & Accessory,3,Married,6.0,0,20.0,3.5,6.0,8.0,163.77,0
2324,0,7.0,Mobile Phone,1,35.0,Credit Card,Male,2.0,3.0,Laptop & Accessory,3,Married,5.0,0,13.0,3.5,6.0,7.0,154.29,0
2325,1,10.0,Computer,3,8.0,Debit Card,Female,3.0,4.0,Mobile Phone,1,Single,8.0,0,14.0,0.0,1.0,0.0,127.85,2
2326,1,10.0,Computer,3,24.0,E wallet,Female,3.0,3.0,Laptop & Accessory,3,Married,1.0,1,18.0,0.0,3.0,2.0,146.14,2
2327,0,11.0,Computer,1,14.0,Debit Card,Male,2.0,1.5,Mobile Phone,3,Married,2.0,0,11.0,0.0,1.0,3.0,126.1,2
2328,0,7.0,Mobile Phone,1,8.0,Cash on Delivery,Female,3.0,3.0,Laptop & Accessory,1,Single,2.0,0,11.0,3.5,4.0,11.0,166.87,0
2329,0,1.0,Mobile Phone,3,32.0,Debit Card,Male,2.0,4.0,Laptop & Accessory,5,Married,2.0,0,11.0,1.0,1.0,4.0,147.24,2
2330,1,10.0,Mobile Phone,1,28.0,Credit Card,Male,3.0,3.0,Laptop & Accessory,3,Married,2.0,1,15.0,3.5,6.0,7.0,161.79,0
2331,0,12.0,Mobile Phone,3,27.0,Debit Card,Male,2.0,4.0,Laptop & Accessory,1,Married,4.0,1,12.0,0.0,1.0,4.0,161.2,2
2332,0,24.0,Computer,3,8.0,E wallet,Male,2.0,3.0,Fashion,4,Married,3.0,0,11.0,3.0,3.0,2.0,205.96,1
2333,0,14.0,Computer,1,28.0,Debit Card,Female,3.0,3.0,Laptop & Accessory,1,Married,4.0,1,14.0,2.0,3.0,3.0,154.67,2
2334,0,10.0,Mobile Phone,1,10.0,Debit Card,Male,3.0,3.0,Mobile Phone,3,Married,8.0,1,15.0,1.0,1.0,3.0,129.96,2
2335,0,6.0,Computer,3,11.0,Debit Card,Male,3.0,3.0,Laptop & Accessory,1,Married,7.0,0,13.0,1.0,1.0,2.0,199.98,2
2336,0,5.0,Mobile Phone,3,8.0,E wallet,Male,2.0,3.0,Laptop & Accessory,4,Married,1.0,1,13.0,1.0,1.0,2.0,140.78,2
2337,0,12.0,Computer,1,31.0,Debit Card,Male,3.0,3.0,Fashion,3,Married,4.0,0,21.0,0.0,1.0,3.0,209.2,1
2338,0,10.0,Mobile Phone,3,24.0,Debit Card,Male,3.0,1.5,Laptop & Accessory,3,Married,3.0,0,11.0,1.0,1.0,2.0,162.32,2
2339,0,25.0,Computer,1,34.0,Credit Card,Female,2.0,1.5,Grocery,3,Married,3.0,1,11.0,1.0,2.0,2.0,232.47000000000003,1
2340,0,16.0,Mobile Phone,1,12.0,Credit Card,Female,3.0,4.0,Laptop & Accessory,3,Single,2.0,1,14.0,0.0,1.0,8.0,140.81,2
2341,0,10.0,Mobile Phone,3,16.0,E wallet,Female,3.0,4.0,Laptop & Accessory,1,Married,2.0,1,11.0,1.0,4.0,4.0,157.69,3
2342,1,10.0,Mobile Phone,1,14.0,Debit Card,Female,2.0,3.0,Mobile Phone,3,Single,2.0,1,13.0,3.5,6.0,7.0,123.94,0
2343,0,10.0,Mobile Phone,1,8.0,Credit Card,Male,2.0,4.0,Mobile Phone,1,Single,1.0,0,12.0,1.0,1.0,1.0,139.04,2
2344,0,15.0,Mobile Phone,2,16.0,UPI,Female,2.0,3.0,Grocery,5,Married,1.0,0,14.0,1.0,1.0,9.0,267.99,1
2345,0,25.0,Mobile Phone,1,14.0,UPI,Female,3.0,3.0,Mobile Phone,5,Married,10.0,0,13.0,1.0,1.0,4.0,129.5,2
2346,0,10.0,Mobile Phone,1,17.0,Credit Card,Female,3.0,3.0,Mobile Phone,3,Single,5.0,0,18.0,1.0,1.0,2.0,136.29,2
2347,0,8.0,Computer,1,24.0,Debit Card,Male,2.0,3.0,Fashion,1,Single,3.0,0,11.0,2.0,2.0,2.0,193.62,2
2348,0,10.0,Mobile Phone,1,7.0,Cash on Delivery,Male,2.0,3.0,Mobile Phone,1,Married,5.0,0,11.0,0.0,1.0,2.0,132.29,2
2349,0,10.0,Mobile Phone,1,13.0,UPI,Male,3.0,1.5,Mobile Phone,5,Single,1.0,0,12.0,0.0,1.0,7.0,135.78,2
2350,0,2.0,Mobile Phone,2,23.0,UPI,Male,2.0,4.0,Fashion,5,Single,2.0,0,13.0,0.0,1.0,9.0,179.88,2
2351,1,12.0,Computer,1,34.0,Debit Card,Male,3.0,4.0,Laptop & Accessory,5,Single,4.0,0,20.0,0.0,1.0,3.0,142.84,2
2352,1,10.0,Computer,1,20.0,UPI,Female,2.0,3.0,Fashion,1,Single,1.0,1,12.0,3.5,6.0,7.0,175.53,0
2353,0,27.0,Mobile Phone,1,7.0,Credit Card,Female,2.0,3.0,Grocery,1,Single,7.0,0,19.0,1.0,6.0,7.0,272.32625,1
2354,0,30.0,Mobile Phone,1,7.0,Credit Card,Female,3.0,3.0,Others,5,Married,4.0,1,15.0,1.0,1.0,5.0,272.32625,1
2355,0,28.0,Mobile Phone,1,7.0,Credit Card,Male,2.0,1.5,Grocery,1,Married,3.0,0,13.0,0.0,2.0,0.0,247.32,1
2356,0,9.0,Mobile Phone,3,9.0,E wallet,Female,3.0,3.0,Laptop & Accessory,4,Single,4.0,1,16.0,0.0,1.0,1.0,192.78,2
2357,1,10.0,Computer,3,7.0,Debit Card,Female,2.0,5.0,Mobile Phone,3,Single,2.0,0,12.0,0.0,1.0,0.0,113.59,2
2358,0,3.0,Mobile Phone,3,13.0,E wallet,Female,3.0,3.0,Laptop & Accessory,5,Married,8.0,0,14.0,1.0,1.0,2.0,147.79,2
2359,0,4.0,Mobile Phone,1,14.0,Debit Card,Female,3.0,3.0,Grocery,4,Single,4.0,0,11.0,1.0,1.0,0.0,264.22,1
2360,0,7.0,Computer,1,7.0,UPI,Male,3.0,3.0,Mobile Phone,5,Married,6.0,0,14.0,1.0,1.0,3.0,129.96,2
2361,1,10.0,Mobile Phone,1,14.0,Debit Card,Female,2.0,4.0,Mobile Phone,4,Single,2.0,0,12.0,0.0,1.0,0.0,112.61000000000001,2
2362,0,10.0,Mobile Phone,1,17.0,Debit Card,Male,3.0,3.0,Mobile Phone,5,Married,1.0,0,14.0,1.0,1.0,4.0,120.99000000000001,2
2363,0,9.0,Mobile Phone,1,10.0,Debit Card,Male,2.0,4.0,Laptop & Accessory,1,Single,2.0,0,16.0,0.0,1.0,8.0,158.1,2
2364,0,9.0,Mobile Phone,3,22.0,E wallet,Female,3.0,4.0,Laptop & Accessory,5,Married,5.0,0,13.0,1.0,1.0,2.0,156.47,3
2365,0,20.0,Mobile Phone,1,7.0,Cash on Delivery,Male,3.0,3.0,Mobile Phone,1,Married,8.0,0,12.0,1.0,1.0,2.0,134.2,2
2366,1,10.0,Mobile Phone,3,15.0,Debit Card,Male,3.0,4.0,Mobile Phone,5,Married,4.0,0,12.0,2.0,2.0,2.0,144.0,3
2367,0,10.0,Computer,1,11.0,Cash on Delivery,Male,2.0,1.5,Mobile Phone,3,Single,1.0,0,14.0,0.0,1.0,3.0,135.0,2
2368,0,10.0,Mobile Phone,1,7.0,Debit Card,Female,2.0,3.0,Mobile Phone,5,Married,3.0,0,22.0,0.0,1.0,0.0,120.66,2
2369,0,20.0,Mobile Phone,1,8.0,Credit Card,Female,2.0,3.0,Grocery,3,Married,4.0,0,19.0,1.0,5.0,6.0,271.69,1
2370,0,10.0,Mobile Phone,3,10.0,Credit Card,Female,2.0,3.0,Laptop & Accessory,3,Married,2.0,1,12.0,1.0,1.0,3.0,141.62,2
2371,0,5.0,Mobile Phone,3,13.0,E wallet,Male,3.0,3.0,Laptop & Accessory,1,Married,5.0,0,12.0,0.0,1.0,3.0,192.04,2
2372,0,7.0,Mobile Phone,1,7.0,Debit Card,Female,2.0,4.0,Mobile Phone,4,Married,6.0,0,17.0,1.0,1.0,2.0,132.94,2
2373,0,10.0,Mobile Phone,1,11.0,Credit Card,Male,2.0,1.5,Mobile Phone,3,Married,3.0,1,12.0,0.0,1.0,3.0,121.27000000000001,2
2374,0,13.0,Computer,1,15.0,UPI,Male,2.0,3.0,Laptop & Accessory,3,Married,4.0,0,11.0,0.0,1.0,7.0,139.75,2
2375,0,4.0,Mobile Phone,3,14.0,Debit Card,Male,2.0,3.0,Fashion,1,Married,2.0,0,18.0,2.0,6.0,9.0,207.93,0
2376,1,9.0,Mobile Phone,3,15.0,E wallet,Male,2.0,3.0,Fashion,1,Married,5.0,0,11.0,3.5,4.0,3.0,200.96,0
2377,1,2.0,Computer,1,8.0,Debit Card,Female,2.0,4.0,Mobile Phone,5,Single,3.0,1,23.0,0.0,1.0,0.0,136.46,2
2378,1,10.0,Computer,1,7.0,Debit Card,Female,3.0,1.5,Fashion,4,Single,2.0,0,11.0,1.0,4.0,7.0,174.46,2
2379,0,18.0,Mobile Phone,1,26.0,Credit Card,Male,3.0,5.0,Fashion,5,Married,3.0,1,18.0,1.0,1.0,7.0,208.51,1
2380,0,10.0,Mobile Phone,2,14.0,Credit Card,Female,3.0,1.5,Mobile Phone,4,Single,10.0,0,18.0,1.0,1.0,2.0,121.09,2
2381,1,10.0,Computer,1,8.0,Debit Card,Male,3.0,3.0,Mobile Phone,1,Married,7.0,1,13.0,0.0,2.0,2.0,137.22,2
2382,0,18.0,Mobile Phone,1,35.0,Cash on Delivery,Male,2.0,3.0,Fashion,1,Married,5.0,1,18.0,1.0,1.0,2.0,193.8,1
2383,0,21.0,Mobile Phone,3,13.0,E wallet,Male,3.0,3.0,Laptop & Accessory,5,Married,5.0,0,11.0,0.0,2.0,2.0,154.86,2
2384,1,10.0,Mobile Phone,2,15.0,Cash on Delivery,Female,3.0,3.0,Mobile Phone,3,Married,2.0,0,15.0,2.0,2.0,2.0,127.41999999999999,2
2385,0,13.0,Computer,1,14.0,Credit Card,Male,2.0,4.0,Fashion,4,Married,3.0,0,11.0,3.5,2.0,8.0,237.57,0
2386,0,1.0,Mobile Phone,3,11.0,Credit Card,Male,2.0,3.0,Laptop & Accessory,5,Single,1.0,0,18.0,0.0,1.0,3.0,184.63,2
2387,0,17.0,Computer,1,11.0,Debit Card,Male,2.0,4.0,Mobile Phone,3,Single,4.0,0,14.0,0.0,1.0,3.0,131.62,2
2388,0,26.0,Mobile Phone,1,8.0,Credit Card,Male,2.0,1.5,Grocery,4,Single,5.0,0,12.0,1.0,6.0,8.0,265.98,1
2389,0,22.0,Mobile Phone,1,11.0,Cash on Delivery,Male,3.0,3.0,Laptop & Accessory,3,Married,3.0,0,14.0,0.0,1.0,2.0,166.51,2
2390,0,13.0,Mobile Phone,1,14.0,Credit Card,Male,3.0,3.0,Mobile Phone,3,Married,3.0,0,14.0,1.0,1.0,2.0,123.44999999999999,2
2391,0,17.0,Mobile Phone,1,26.0,Debit Card,Male,2.0,3.0,Mobile Phone,4,Single,2.0,0,13.0,1.0,1.0,3.0,134.2,2
2392,0,6.0,Computer,3,13.0,Credit Card,Male,2.0,3.0,Laptop & Accessory,5,Married,1.0,0,14.0,1.0,1.0,3.0,143.73,2
2393,0,7.0,Mobile Phone,3,9.0,UPI,Male,2.0,5.0,Laptop & Accessory,5,Single,4.0,0,18.0,2.0,3.0,12.0,147.59,0
2394,0,3.0,Mobile Phone,3,22.0,Debit Card,Male,3.0,3.0,Laptop & Accessory,3,Married,9.0,0,15.0,1.0,2.0,2.0,153.01,3
2395,0,15.0,Computer,1,15.0,Credit Card,Female,3.0,3.0,Mobile Phone,1,Single,2.0,0,13.0,0.0,5.0,8.0,136.73,2
2396,0,17.0,Computer,3,7.0,E wallet,Female,3.0,3.0,Laptop & Accessory,3,Married,8.0,0,12.0,0.0,1.0,0.0,147.68,2
2397,0,10.0,Computer,1,13.0,Cash on Delivery,Male,3.0,3.0,Mobile Phone,3,Married,2.0,0,13.0,0.0,1.0,0.0,112.74000000000001,2
2398,0,30.0,Mobile Phone,1,7.0,Debit Card,Male,3.0,1.5,Laptop & Accessory,3,Married,1.0,0,24.0,1.0,2.0,8.0,149.0,2
2399,0,22.0,Mobile Phone,1,13.0,Debit Card,Male,2.0,3.0,Fashion,4,Married,4.0,0,14.0,0.0,1.0,7.0,204.66,1
2400,0,7.0,Computer,1,21.0,Credit Card,Male,3.0,3.0,Grocery,5,Married,8.0,0,14.0,1.0,6.0,9.0,270.07,0
2401,1,10.0,Computer,3,7.0,Cash on Delivery,Male,3.0,3.0,Mobile Phone,3,Married,4.0,0,15.0,1.0,1.0,2.0,129.09,2
2402,1,10.0,Computer,3,19.0,Cash on Delivery,Female,2.0,3.0,Laptop & Accessory,4,Single,6.0,0,11.0,1.0,1.0,0.0,157.65,2
2403,1,10.0,Mobile Phone,3,30.0,Credit Card,Female,2.0,4.0,Laptop & Accessory,4,Single,1.0,1,23.0,3.5,6.0,10.0,145.99,0
2404,0,8.0,Mobile Phone,3,14.0,Debit Card,Male,3.0,3.0,Mobile Phone,3,Married,2.0,0,13.0,0.0,1.0,0.0,124.03999999999999,2
2405,1,10.0,Computer,1,15.0,Credit Card,Male,2.0,3.0,Mobile Phone,5,Single,3.0,1,11.0,0.0,1.0,0.0,131.72,2
2406,0,10.0,Computer,3,19.0,Debit Card,Female,3.0,3.0,Mobile Phone,4,Married,2.0,0,13.0,0.0,1.0,0.0,120.33000000000001,2
2407,0,17.0,Computer,1,8.0,Credit Card,Male,2.0,3.0,Fashion,3,Single,6.0,1,18.0,2.0,2.0,2.0,202.09,1
2408,0,2.0,Mobile Phone,3,25.0,Debit Card,Male,3.0,4.0,Laptop & Accessory,3,Married,2.0,0,14.0,1.0,1.0,4.0,186.2,3
2409,0,10.0,Mobile Phone,2,7.0,Debit Card,Male,2.0,3.0,Mobile Phone,3,Married,1.0,0,21.0,0.0,1.0,3.0,120.63999999999999,2
2410,0,28.0,Mobile Phone,1,10.0,Debit Card,Male,1.0,3.0,Laptop & Accessory,3,Married,1.0,1,16.0,1.0,1.0,2.0,140.35,2
2411,0,6.0,Mobile Phone,1,10.0,Credit Card,Female,2.0,4.0,Mobile Phone,4,Married,9.0,0,11.0,1.0,1.0,2.0,138.38,2
2412,0,20.0,Mobile Phone,3,20.0,Credit Card,Female,3.0,3.0,Laptop & Accessory,3,Married,4.0,1,17.0,1.0,1.0,2.0,145.91,2
2413,1,10.0,Computer,1,14.0,Credit Card,Male,2.0,4.0,Mobile Phone,5,Single,8.0,0,11.0,1.0,1.0,0.0,125.61000000000001,2
2414,0,10.0,Mobile Phone,1,7.0,Debit Card,Male,3.0,4.0,Mobile Phone,3,Married,2.0,0,14.0,0.0,1.0,0.0,115.63,2
2415,0,1.0,Computer,3,13.0,Debit Card,Male,2.0,3.0,Laptop & Accessory,5,Single,1.0,0,14.0,1.0,1.0,3.0,148.98,2
2416,0,22.0,Mobile Phone,1,9.0,Credit Card,Female,2.0,4.0,Laptop & Accessory,5,Married,5.0,0,25.0,0.0,1.0,2.0,147.89,2
2417,0,2.0,Computer,1,8.0,Debit Card,Female,3.0,3.0,Mobile Phone,4,Married,1.0,0,13.0,1.0,1.0,2.0,131.8,2
2418,0,1.0,Mobile Phone,1,35.0,Debit Card,Male,3.0,5.0,Laptop & Accessory,4,Married,2.0,0,14.0,0.0,1.0,7.0,165.49,3
2419,0,6.0,Mobile Phone,1,14.0,Debit Card,Male,3.0,3.0,Laptop & Accessory,3,Single,3.0,1,17.0,1.0,1.0,0.0,163.88,2
2420,0,5.0,Mobile Phone,1,16.0,Credit Card,Male,3.0,3.0,Fashion,1,Single,3.0,0,25.0,0.0,1.0,3.0,212.44,2
2421,0,27.0,Computer,1,17.0,Credit Card,Female,2.0,3.0,Grocery,1,Married,4.0,0,20.0,0.0,2.0,12.0,260.32,1
2422,1,10.0,Mobile Phone,1,14.0,Cash on Delivery,Male,3.0,4.0,Mobile Phone,5,Single,7.0,0,13.0,1.0,1.0,7.0,123.62,3
2423,0,17.0,Mobile Phone,1,34.0,Debit Card,Male,2.0,3.0,Grocery,5,Married,4.0,0,13.0,1.0,6.0,14.5,263.28,0
2424,0,12.0,Mobile Phone,1,12.0,Debit Card,Female,2.0,3.0,Fashion,4,Single,5.0,0,18.0,2.0,2.0,2.0,183.76,1
2425,0,19.0,Mobile Phone,3,9.0,Debit Card,Female,2.0,3.0,Grocery,4,Married,9.0,0,12.0,1.0,5.0,1.0,266.06,1
2426,0,8.0,Mobile Phone,1,22.0,Debit Card,Female,3.0,4.0,Fashion,4,Single,2.0,0,19.0,3.0,3.0,3.0,186.06,0
2427,0,10.0,Mobile Phone,1,26.0,Debit Card,Male,3.0,3.0,Laptop & Accessory,3,Single,1.0,0,14.0,1.0,1.0,2.0,122.72,2
2428,1,10.0,Mobile Phone,1,15.0,Debit Card,Male,2.0,3.0,Mobile Phone,5,Single,4.0,0,14.0,1.0,1.0,0.0,120.18,2
2429,0,7.0,Mobile Phone,3,7.0,Cash on Delivery,Male,3.0,4.0,Fashion,3,Married,2.0,1,14.0,3.5,6.0,6.0,170.83,0
2430,1,10.0,Computer,1,9.0,Debit Card,Female,2.0,3.0,Mobile Phone,3,Single,2.0,0,12.0,2.0,6.0,7.0,140.84,0
2431,0,23.0,Computer,1,28.0,Credit Card,Male,2.0,5.0,Grocery,1,Single,2.0,1,13.0,1.0,2.0,9.0,244.11,1
2432,0,10.0,Mobile Phone,3,13.0,Cash on Delivery,Male,2.0,3.0,Mobile Phone,3,Married,1.0,1,25.0,3.0,5.0,7.0,123.08000000000001,0
2433,0,15.0,Mobile Phone,1,8.0,Credit Card,Male,3.0,4.0,Mobile Phone,4,Married,5.0,0,14.0,0.0,1.0,0.0,148.41,2
2434,0,10.0,Mobile Phone,1,19.0,Credit Card,Male,2.0,3.0,Laptop & Accessory,1,Married,2.0,0,17.0,2.0,3.0,7.0,142.85,2
2435,0,2.0,Mobile Phone,1,14.0,UPI,Female,2.0,5.0,Laptop & Accessory,5,Married,4.0,0,13.0,1.0,1.0,7.0,197.15,3
2436,0,6.0,Mobile Phone,1,31.0,Debit Card,Male,2.0,4.0,Laptop & Accessory,4,Single,2.0,0,13.0,1.0,1.0,2.0,143.2,2
2437,0,10.0,Mobile Phone,1,34.0,Cash on Delivery,Male,3.0,3.0,Mobile Phone,1,Married,5.0,0,20.0,1.0,1.0,3.0,121.32,2
2438,0,15.0,Computer,1,8.0,Debit Card,Male,2.0,3.0,Fashion,1,Married,3.0,1,14.0,3.5,6.0,9.0,201.24,0
2439,0,13.0,Mobile Phone,3,15.0,Credit Card,Male,2.0,3.0,Laptop & Accessory,5,Married,1.0,0,12.0,3.5,6.0,1.0,154.73,0
2440,0,6.0,Mobile Phone,1,34.0,Debit Card,Male,3.0,3.0,Laptop & Accessory,3,Married,2.0,1,12.0,3.5,5.0,7.0,152.07,0
2441,0,13.0,Mobile Phone,2,12.0,Credit Card,Male,2.0,3.0,Grocery,1,Single,2.0,1,21.0,1.0,6.0,7.0,264.37,0
2442,0,10.0,Mobile Phone,1,27.0,Cash on Delivery,Male,2.0,4.0,Mobile Phone,5,Married,1.0,0,14.0,0.0,1.0,0.0,122.96000000000001,2
2443,0,13.0,Computer,1,14.0,Debit Card,Male,3.0,3.0,Laptop & Accessory,1,Married,4.0,1,18.0,1.0,2.0,2.0,140.69,2
2444,0,18.0,Mobile Phone,1,7.0,Cash on Delivery,Male,3.0,3.0,Fashion,4,Married,2.0,0,12.0,3.0,6.0,7.0,174.41,0
2445,0,8.0,Mobile Phone,3,14.0,Debit Card,Female,3.0,4.0,Mobile Phone,3,Married,1.0,0,23.0,2.0,4.0,2.0,124.30000000000001,3
2446,0,5.0,Mobile Phone,1,11.0,Debit Card,Female,3.0,4.0,Laptop & Accessory,4,Married,4.0,0,12.0,1.0,2.0,5.0,158.78,3
2447,0,9.0,Mobile Phone,3,14.0,Debit Card,Male,3.0,3.0,Mobile Phone,1,Single,4.0,1,21.0,1.0,1.0,2.0,126.44,2
2448,0,21.0,Mobile Phone,3,22.0,Debit Card,Female,3.0,3.0,Laptop & Accessory,3,Married,9.0,0,14.0,3.5,6.0,7.0,164.39,0
2449,0,2.0,Mobile Phone,1,14.0,Debit Card,Male,3.0,1.5,Mobile Phone,3,Married,7.0,0,18.0,0.0,1.0,0.0,124.50999999999999,2
2450,0,6.0,Mobile Phone,3,14.0,Debit Card,Male,2.0,3.0,Laptop & Accessory,5,Married,3.0,0,13.0,2.0,2.0,2.0,163.92,2
2451,1,10.0,Mobile Phone,3,7.0,Debit Card,Male,3.0,4.0,Laptop & Accessory,5,Married,2.0,0,11.0,1.0,6.0,7.0,197.14,0
2452,0,11.0,Computer,2,16.0,UPI,Male,3.0,3.0,Laptop & Accessory,3,Married,4.0,0,11.0,0.0,1.0,2.0,160.77,2
2453,0,8.0,Mobile Phone,1,14.0,Credit Card,Male,3.0,4.0,Mobile Phone,5,Single,2.0,0,19.0,1.0,1.0,2.0,124.5,2
2454,0,7.0,Mobile Phone,3,35.0,Cash on Delivery,Male,2.0,3.0,Fashion,4,Married,4.0,0,12.0,1.0,1.0,3.0,192.5,2
2455,1,10.0,Mobile Phone,1,8.0,Debit Card,Female,3.0,3.0,Mobile Phone,5,Married,2.0,1,12.0,1.0,1.0,0.0,120.74000000000001,2
2456,1,16.0,Mobile Phone,1,8.0,Cash on Delivery,Female,3.0,4.0,Fashion,1,Married,1.0,0,16.0,0.0,1.0,9.0,201.69,1
2457,1,1.0,Mobile Phone,1,8.0,Credit Card,Male,2.0,3.0,Laptop & Accessory,4,Married,5.0,0,11.0,1.0,1.0,4.0,148.55,2
2458,0,5.0,Computer,1,7.0,Cash on Delivery,Male,3.0,3.0,Laptop & Accessory,5,Married,5.0,0,14.0,0.0,1.0,2.0,140.87,2
2459,0,21.0,Mobile Phone,1,14.0,UPI,Female,3.0,3.0,Mobile Phone,5,Married,9.0,0,12.0,3.5,6.0,6.0,123.66999999999999,0
2460,0,7.0,Mobile Phone,1,13.0,Credit Card,Male,3.0,3.0,Mobile Phone,1,Single,2.0,0,13.0,0.0,1.0,0.0,129.72,2
2461,0,28.0,Mobile Phone,3,32.0,E wallet,Male,2.0,4.0,Others,1,Married,2.0,0,15.0,0.0,2.0,13.0,272.32625,1
2462,0,7.0,Mobile Phone,1,7.0,Debit Card,Male,2.0,3.0,Laptop & Accessory,1,Married,10.0,0,17.0,0.0,2.0,1.0,154.84,2
2463,0,10.0,Mobile Phone,1,9.0,Debit Card,Female,2.0,3.0,Mobile Phone,1,Married,2.0,0,21.0,1.0,1.0,0.0,120.61000000000001,2
2464,0,11.0,Mobile Phone,3,20.0,Debit Card,Male,3.0,3.0,Laptop & Accessory,4,Married,1.0,0,11.0,3.0,6.0,7.0,199.24,0
2465,0,11.0,Mobile Phone,3,22.0,Debit Card,Female,2.0,3.0,Laptop & Accessory,4,Single,3.0,0,12.0,1.0,1.0,2.0,141.98,2
2466,0,9.0,Mobile Phone,3,7.0,Debit Card,Female,3.0,3.0,Laptop & Accessory,3,Single,7.0,0,13.0,1.0,1.0,0.0,168.15,2
2467,0,2.0,Mobile Phone,1,9.0,Credit Card,Male,2.0,3.0,Mobile Phone,5,Single,2.0,1,18.0,0.0,1.0,5.0,147.23,2
2468,0,8.0,Mobile Phone,1,16.0,Credit Card,Female,2.0,3.0,Laptop & Accessory,3,Single,4.0,1,16.0,0.0,1.0,4.0,161.42,2
2469,0,12.0,Mobile Phone,3,12.0,Credit Card,Male,2.0,1.5,Fashion,3,Married,3.0,0,11.0,3.0,6.0,6.0,182.37,0
2470,0,2.0,Computer,1,8.0,Debit Card,Male,2.0,3.0,Laptop & Accessory,1,Married,2.0,0,19.0,1.0,1.0,3.0,188.53,2
2471,0,23.0,Mobile Phone,3,15.0,E wallet,Male,2.0,3.0,Others,3,Married,5.0,1,15.0,0.0,1.0,0.0,272.32625,1
2472,0,10.0,Mobile Phone,1,16.0,Cash on Delivery,Male,2.0,1.5,Mobile Phone,3,Married,3.0,0,16.0,0.0,2.0,2.0,120.72999999999999,2
2473,0,9.0,Computer,1,12.0,Debit Card,Male,3.0,1.5,Laptop & Accessory,5,Married,4.0,1,13.0,0.0,1.0,2.0,155.62,2
2474,0,15.0,Mobile Phone,1,15.0,UPI,Male,3.0,4.0,Others,1,Single,9.0,0,15.0,1.0,1.0,1.0,272.32625,1
2475,0,8.0,Mobile Phone,1,34.0,Debit Card,Male,2.0,1.5,Laptop & Accessory,3,Married,2.0,0,17.0,3.5,6.0,8.0,134.07,0
2476,0,7.0,Computer,1,16.0,Cash on Delivery,Male,3.0,4.0,Laptop & Accessory,3,Married,2.0,0,14.0,1.0,6.0,7.0,150.63,0
2477,0,13.0,Mobile Phone,3,20.0,Debit Card,Female,2.0,3.0,Laptop & Accessory,5,Married,2.0,0,15.0,0.0,1.0,2.0,146.39,2
2478,0,16.0,Mobile Phone,1,33.0,Cash on Delivery,Male,2.0,1.5,Mobile Phone,4,Married,6.0,0,12.0,1.0,1.0,2.0,148.76,2
2479,0,8.0,Mobile Phone,1,13.0,Debit Card,Male,3.0,4.0,Mobile Phone,1,Married,2.0,0,18.0,1.0,1.0,1.0,126.9,2
2480,0,19.0,Mobile Phone,3,7.0,Debit Card,Male,2.0,1.5,Grocery,5,Single,2.0,0,15.0,1.0,1.0,12.0,272.32625,1
2481,1,10.0,Mobile Phone,1,14.0,Credit Card,Male,2.0,3.0,Mobile Phone,4,Married,2.0,1,17.0,0.0,1.0,0.0,124.08000000000001,2
2482,0,10.0,Computer,1,32.0,UPI,Female,3.0,4.0,Mobile Phone,3,Married,2.0,1,14.0,1.0,1.0,3.0,128.14,2
2483,0,23.0,Computer,1,26.0,Credit Card,Male,2.0,3.0,Grocery,3,Married,3.0,1,15.0,0.0,6.0,3.0,212.45,1
2484,0,5.0,Mobile Phone,1,11.0,UPI,Female,2.0,1.5,Mobile Phone,1,Married,4.0,0,17.0,1.0,1.0,2.0,133.12,2
2485,0,17.0,Mobile Phone,1,13.0,Credit Card,Female,2.0,3.0,Others,1,Married,1.0,1,14.0,1.0,1.0,10.0,272.32625,1
2486,0,10.0,Mobile Phone,1,13.0,Credit Card,Male,2.0,4.0,Mobile Phone,4,Married,2.0,0,12.0,1.0,1.0,1.0,121.41,2
2487,0,18.0,Mobile Phone,1,11.0,Credit Card,Female,2.0,5.0,Laptop & Accessory,5,Single,2.0,1,14.0,0.0,1.0,4.0,157.69,2
2488,0,18.0,Computer,3,32.0,E wallet,Male,2.0,4.0,Laptop & Accessory,5,Married,2.0,0,15.0,3.0,4.0,5.0,143.85,0
2489,0,4.0,Computer,3,8.0,UPI,Male,2.0,3.0,Laptop & Accessory,5,Single,8.0,0,13.0,1.0,1.0,3.0,153.32,2
2490,0,9.0,Mobile Phone,1,18.0,Debit Card,Female,3.0,3.0,Laptop & Accessory,3,Married,10.0,1,12.0,0.0,1.0,1.0,146.63,2
2491,0,7.0,Computer,1,16.0,Debit Card,Male,2.0,1.5,Laptop & Accessory,1,Married,2.0,0,13.0,3.0,6.0,2.0,147.24,0
2492,0,22.0,Mobile Phone,1,31.0,Debit Card,Female,2.0,3.0,Mobile Phone,5,Married,2.0,0,14.0,1.0,1.0,4.0,132.11,2
2493,0,12.0,Mobile Phone,1,16.0,Credit Card,Male,3.0,3.0,Laptop & Accessory,5,Married,3.0,0,13.0,3.0,6.0,7.0,153.77,0
2494,0,10.0,Mobile Phone,1,25.0,UPI,Male,3.0,4.0,Mobile Phone,5,Married,2.0,0,11.0,0.0,1.0,7.0,140.66,2
2495,0,8.0,Mobile Phone,1,24.0,Debit Card,Male,2.0,1.5,Laptop & Accessory,5,Married,2.0,0,11.0,1.0,1.0,10.0,152.08,2
2496,0,1.0,Mobile Phone,1,33.0,Credit Card,Female,2.0,5.0,Laptop & Accessory,5,Married,1.0,0,21.0,1.0,1.0,0.0,148.77,3
2497,0,10.0,Mobile Phone,1,11.0,Credit Card,Male,3.0,3.0,Mobile Phone,1,Single,2.0,0,18.0,0.0,2.0,2.0,131.17,2
2498,1,10.0,Computer,3,9.0,Credit Card,Female,3.0,3.0,Mobile Phone,1,Single,2.0,1,12.0,1.0,1.0,0.0,115.69,2
2499,0,20.0,Mobile Phone,2,32.0,Debit Card,Female,3.0,3.0,Others,3,Married,4.0,0,15.0,1.0,1.0,0.0,272.32625,1
2500,0,12.0,Mobile Phone,1,9.0,Credit Card,Male,3.0,4.0,Laptop & Accessory,3,Married,1.0,0,15.0,0.0,1.0,7.0,130.69,2
2501,0,13.0,Mobile Phone,1,21.0,Debit Card,Female,3.0,4.0,Fashion,3,Married,2.0,0,13.0,3.5,6.0,12.0,204.35,0
2502,0,8.0,Computer,1,14.0,Debit Card,Female,2.0,3.0,Laptop & Accessory,3,Married,2.0,0,12.0,0.0,2.0,9.0,141.48,2
2503,0,10.0,Mobile Phone,1,25.0,Debit Card,Male,2.0,3.0,Laptop & Accessory,3,Married,4.0,0,17.0,0.0,1.0,2.0,157.68,2
2504,0,12.0,Computer,1,10.0,Credit Card,Female,2.0,3.0,Laptop & Accessory,3,Single,1.0,0,13.0,3.0,3.0,8.0,150.42,0
2505,0,18.0,Mobile Phone,1,8.0,UPI,Female,2.0,4.0,Laptop & Accessory,1,Married,2.0,0,19.0,3.0,3.0,9.0,157.7,0
2506,0,11.0,Mobile Phone,1,8.0,Credit Card,Female,2.0,4.0,Fashion,3,Married,4.0,1,19.0,0.0,1.0,2.0,177.56,2
2507,1,10.0,Mobile Phone,3,16.0,Credit Card,Male,2.0,4.0,Fashion,5,Married,10.0,0,17.0,0.0,6.0,0.0,203.06,1
2508,0,10.0,Mobile Phone,1,16.0,Credit Card,Female,3.0,3.0,Mobile Phone,4,Married,2.0,0,11.0,3.5,6.0,7.0,139.36,0
2509,0,13.0,Mobile Phone,1,22.0,Debit Card,Female,2.0,3.0,Fashion,1,Single,7.0,1,15.0,3.0,3.0,3.0,179.45,1
2510,0,17.0,Computer,2,7.0,UPI,Male,2.0,3.0,Laptop & Accessory,1,Married,5.0,1,11.0,1.0,1.0,2.0,157.43,2
2511,0,21.0,Computer,1,10.0,Credit Card,Male,2.0,4.0,Grocery,1,Married,3.0,0,25.0,0.0,2.0,2.0,252.01999999999998,1
2512,1,10.0,Mobile Phone,3,21.0,Credit Card,Male,2.0,5.0,Laptop & Accessory,1,Married,7.0,1,14.0,0.0,2.0,2.0,154.4,2
2513,0,10.0,Computer,1,8.0,Cash on Delivery,Female,2.0,3.0,Mobile Phone,1,Single,2.0,1,13.0,0.0,1.0,3.0,137.6,2
2514,0,10.0,Mobile Phone,1,14.0,Credit Card,Female,2.0,1.5,Mobile Phone,3,Married,8.0,0,17.0,0.0,1.0,2.0,135.17,2
2515,0,10.0,Computer,1,14.0,Credit Card,Male,2.0,3.0,Mobile Phone,1,Single,3.0,0,13.0,0.0,1.0,2.0,125.80000000000001,2
2516,1,10.0,Mobile Phone,1,13.0,Debit Card,Male,3.0,3.0,Mobile Phone,5,Single,4.0,1,14.0,0.0,1.0,3.0,121.66,2
2517,0,2.0,Mobile Phone,3,16.0,Credit Card,Male,2.0,4.0,Laptop & Accessory,3,Single,10.0,0,11.0,1.0,1.0,4.0,158.69,2
2518,0,9.0,Mobile Phone,1,11.0,Debit Card,Female,2.0,3.0,Fashion,5,Married,5.0,0,12.0,1.0,1.0,2.0,180.08,2
2519,0,10.0,Computer,1,8.0,Debit Card,Male,3.0,1.5,Laptop & Accessory,3,Married,2.0,0,17.0,1.0,1.0,7.0,152.06,2
2520,0,12.0,Mobile Phone,1,18.0,Credit Card,Male,3.0,3.0,Laptop & Accessory,4,Married,5.0,0,21.0,1.0,1.0,0.0,152.95,2
2521,0,22.0,Mobile Phone,1,28.0,UPI,Female,3.0,3.0,Grocery,4,Married,4.0,0,16.0,1.0,1.0,2.0,264.13,1
2522,0,23.0,Mobile Phone,1,23.0,Debit Card,Female,2.0,4.0,Fashion,5,Married,6.0,0,15.0,0.0,2.0,11.0,232.69,1
2523,0,10.0,Mobile Phone,3,8.0,Credit Card,Female,3.0,3.0,Mobile Phone,3,Single,2.0,0,19.0,0.0,2.0,2.0,127.83000000000001,2
2524,0,7.0,Mobile Phone,1,9.0,Debit Card,Female,3.0,3.0,Laptop & Accessory,4,Married,2.0,0,12.0,1.0,6.0,9.0,154.33,0
2525,0,10.0,Mobile Phone,1,13.0,Debit Card,Male,3.0,3.0,Mobile Phone,4,Single,3.0,0,11.0,0.0,1.0,3.0,120.13,2
2526,0,22.0,Mobile Phone,1,12.0,Debit Card,Female,2.0,4.0,Grocery,3,Married,3.0,1,19.0,2.0,2.0,12.0,239.66000000000003,1
2527,0,9.0,Computer,1,7.0,Credit Card,Female,2.0,4.0,Laptop & Accessory,3,Married,1.0,0,15.0,0.0,1.0,2.0,143.74,2
2528,0,9.0,Mobile Phone,1,9.0,Debit Card,Male,3.0,1.5,Laptop & Accessory,5,Married,7.0,0,20.0,0.0,1.0,4.0,168.42,2
2529,0,27.0,Mobile Phone,1,28.0,Credit Card,Female,3.0,3.0,Grocery,3,Married,4.0,0,25.0,1.0,4.0,7.0,272.32625,1
2530,0,16.0,Mobile Phone,1,21.0,Debit Card,Male,3.0,4.0,Grocery,3,Married,2.0,0,24.0,1.0,6.0,11.0,272.32625,0
2531,1,10.0,Computer,3,18.0,UPI,Male,2.0,3.0,Laptop & Accessory,1,Single,4.0,1,24.0,3.5,6.0,7.0,145.81,0
2532,0,11.0,Computer,1,7.0,Debit Card,Male,2.0,3.0,Laptop & Accessory,1,Married,8.0,0,15.0,1.0,2.0,9.0,147.35,2
2533,0,2.0,Mobile Phone,3,11.0,Credit Card,Male,2.0,4.0,Laptop & Accessory,4,Married,2.0,1,13.0,0.0,1.0,9.0,141.87,2
2534,0,6.0,Mobile Phone,3,8.0,Credit Card,Male,3.0,3.0,Laptop & Accessory,1,Married,2.0,0,14.0,1.0,1.0,4.0,155.05,2
2535,0,5.0,Mobile Phone,1,8.0,Credit Card,Male,2.0,3.0,Laptop & Accessory,4,Married,1.0,0,13.0,1.0,1.0,6.0,154.7,2
2536,0,4.0,Mobile Phone,3,11.0,Debit Card,Female,3.0,3.0,Laptop & Accessory,1,Married,2.0,0,11.0,0.0,1.0,2.0,154.76,2
2537,0,22.0,Mobile Phone,1,14.0,Credit Card,Female,3.0,3.0,Mobile Phone,5,Married,5.0,1,16.0,0.0,2.0,2.0,125.87,2
2538,0,11.0,Computer,1,14.0,Credit Card,Female,2.0,4.0,Mobile Phone,4,Single,2.0,0,22.0,0.0,3.0,3.0,124.4,2
2539,0,20.0,Mobile Phone,3,8.0,Debit Card,Female,2.0,1.5,Grocery,4,Married,7.0,0,14.0,1.0,2.0,2.0,259.72,1
2540,0,22.0,Mobile Phone,1,7.0,Debit Card,Male,2.0,3.0,Grocery,3,Single,5.0,0,14.0,1.0,2.0,0.0,253.79000000000002,1
2541,0,14.0,Mobile Phone,3,29.0,Debit Card,Male,3.0,3.0,Fashion,3,Single,4.0,1,16.0,0.0,1.0,2.0,170.82,2
2542,0,10.0,Mobile Phone,3,15.0,Debit Card,Male,3.0,3.0,Mobile Phone,5,Single,2.0,0,11.0,0.0,1.0,2.0,127.28,2
2543,0,6.0,Computer,3,22.0,Debit Card,Female,2.0,3.0,Laptop & Accessory,1,Married,2.0,1,25.0,0.0,1.0,2.0,153.68,2
2544,0,9.0,Mobile Phone,1,32.0,Debit Card,Male,3.0,3.0,Laptop & Accessory,3,Married,7.0,0,14.0,1.0,1.0,2.0,153.47,2
2545,0,17.0,Mobile Phone,2,7.0,Debit Card,Female,2.0,3.0,Mobile Phone,1,Married,5.0,1,18.0,2.0,2.0,2.0,131.95,2
2546,1,10.0,Mobile Phone,1,14.0,Credit Card,Male,3.0,4.0,Mobile Phone,3,Single,2.0,1,11.0,1.0,1.0,2.0,139.89,2
2547,0,11.0,Mobile Phone,1,10.0,Credit Card,Female,2.0,3.0,Mobile Phone,3,Married,8.0,0,19.0,0.0,1.0,0.0,133.06,2
2548,0,26.0,Mobile Phone,1,30.0,Credit Card,Male,2.0,1.5,Fashion,1,Married,4.0,0,15.0,0.0,1.0,2.0,170.05,2
2549,1,11.0,Computer,3,14.0,Credit Card,Female,3.0,3.0,Mobile Phone,3,Married,3.0,1,11.0,1.0,6.0,7.0,126.55000000000001,0
2550,1,10.0,Mobile Phone,1,8.0,Debit Card,Male,3.0,3.0,Mobile Phone,4,Single,2.0,0,12.0,0.0,1.0,0.0,113.93,2
2551,0,10.0,Computer,1,14.0,Credit Card,Male,3.0,3.0,Mobile Phone,1,Single,2.0,0,20.0,0.0,5.0,7.0,125.69999999999999,2
2552,0,28.0,Mobile Phone,1,28.0,Cash on Delivery,Male,3.0,4.0,Mobile Phone,4,Married,6.0,0,12.0,1.0,1.0,2.0,135.37,2
2553,0,7.0,Mobile Phone,1,11.0,Credit Card,Male,2.0,4.0,Laptop & Accessory,1,Married,2.0,0,14.0,0.0,4.0,13.0,139.86,2
2554,0,30.0,Mobile Phone,1,7.0,Credit Card,Male,3.0,5.0,Fashion,1,Married,4.0,0,20.0,1.0,1.0,0.0,208.82999999999998,1
2555,0,10.0,Mobile Phone,1,27.0,Credit Card,Male,3.0,1.5,Mobile Phone,4,Married,2.0,0,18.0,0.0,2.0,13.0,120.28,2
2556,0,10.0,Computer,3,7.0,Credit Card,Male,2.0,5.0,Laptop & Accessory,1,Married,2.0,0,14.0,1.0,1.0,3.0,195.25,2
2557,0,7.0,Mobile Phone,1,25.0,Debit Card,Female,3.0,4.0,Mobile Phone,1,Married,2.0,0,12.0,1.0,6.0,7.0,129.29,0
2558,1,10.0,Mobile Phone,3,13.0,Debit Card,Male,3.0,3.0,Mobile Phone,1,Married,2.0,1,21.0,1.0,1.0,2.0,122.75,2
2559,0,17.0,Mobile Phone,1,8.0,Debit Card,Female,3.0,1.5,Fashion,1,Married,2.0,1,19.0,1.0,6.0,7.0,178.79,0
2560,0,8.0,Computer,1,8.0,Credit Card,Male,3.0,4.0,Mobile Phone,1,Single,1.0,1,14.0,1.0,1.0,4.0,149.3,2
2561,0,16.0,Mobile Phone,3,8.0,Credit Card,Male,3.0,3.0,Laptop & Accessory,1,Married,2.0,1,17.0,3.0,6.0,8.0,178.47,0
2562,0,10.0,Mobile Phone,1,15.0,Credit Card,Male,3.0,1.5,Mobile Phone,3,Married,2.0,0,16.0,0.0,1.0,4.0,144.01,2
2563,0,14.0,Mobile Phone,3,12.0,E wallet,Male,2.0,3.0,Fashion,3,Single,2.0,0,12.0,3.0,6.0,7.0,192.41,0
2564,0,2.0,Mobile Phone,1,15.0,Credit Card,Female,3.0,3.0,Mobile Phone,3,Married,10.0,0,17.0,0.0,1.0,2.0,129.74,2
2565,0,9.0,Mobile Phone,3,8.0,Debit Card,Female,2.0,3.0,Laptop & Accessory,1,Single,4.0,0,15.0,3.5,6.0,7.0,145.02,0
2566,0,18.0,Computer,1,7.0,Debit Card,Male,3.0,4.0,Fashion,3,Married,4.0,0,23.0,3.5,6.0,4.0,207.48000000000002,0
2567,1,10.0,Mobile Phone,2,28.0,UPI,Male,2.0,5.0,Mobile Phone,3,Married,2.0,0,11.0,0.0,1.0,0.0,115.55000000000001,2
2568,1,10.0,Computer,3,15.0,Debit Card,Male,2.0,5.0,Grocery,3,Married,8.0,0,11.0,3.5,6.0,3.0,229.36,0
2569,0,10.0,Mobile Phone,1,23.0,Credit Card,Male,3.0,5.0,Mobile Phone,3,Married,2.0,0,15.0,1.0,1.0,2.0,123.05000000000001,3
2570,0,18.0,Mobile Phone,1,34.0,Cash on Delivery,Female,2.0,4.0,Grocery,4,Single,2.0,0,11.0,1.0,6.0,6.0,267.04,1
2571,0,5.0,Computer,1,16.0,Debit Card,Male,2.0,3.0,Mobile Phone,3,Married,7.0,0,13.0,0.0,1.0,3.0,134.33,2
2572,0,4.0,Mobile Phone,1,8.0,Debit Card,Male,3.0,3.0,Mobile Phone,3,Married,2.0,0,14.0,1.0,1.0,3.0,134.77,2
2573,0,14.0,Computer,2,10.0,UPI,Male,2.0,5.0,Laptop & Accessory,4,Married,7.0,0,19.0,0.0,1.0,2.0,164.3,2
2574,0,13.0,Mobile Phone,1,14.0,Debit Card,Female,3.0,3.0,Laptop & Accessory,5,Married,3.0,1,16.0,1.0,1.0,0.0,165.16,2
2575,0,10.0,Mobile Phone,1,35.0,Credit Card,Male,3.0,3.0,Mobile Phone,5,Married,2.0,0,13.0,1.0,1.0,2.0,139.07,2
2576,0,19.0,Mobile Phone,1,19.0,Debit Card,Male,2.0,3.0,Laptop & Accessory,4,Single,7.0,0,14.0,1.0,1.0,9.0,155.62,2
2577,0,8.0,Mobile Phone,1,33.0,Debit Card,Male,2.0,3.0,Laptop & Accessory,3,Married,3.0,0,16.0,1.0,1.0,7.0,168.83,2
2578,0,3.0,Mobile Phone,1,22.0,Debit Card,Male,3.0,3.0,Mobile Phone,1,Married,2.0,0,12.0,0.0,1.0,8.0,128.62,2
2579,0,20.0,Computer,3,8.0,E wallet,Male,2.0,3.0,Laptop & Accessory,4,Married,8.0,0,11.0,0.0,1.0,0.0,149.78,2
2580,0,19.0,Mobile Phone,3,8.0,Debit Card,Male,3.0,3.0,Fashion,1,Married,5.0,1,12.0,0.0,1.0,3.0,203.68,1
2581,1,10.0,Mobile Phone,3,19.0,E wallet,Male,3.0,4.0,Laptop & Accessory,5,Married,6.0,1,13.0,1.0,2.0,2.0,161.34,3
2582,1,10.0,Mobile Phone,3,7.0,Debit Card,Male,2.0,5.0,Laptop & Accessory,4,Single,7.0,0,15.0,0.0,1.0,0.0,167.35,2
2583,0,10.0,Mobile Phone,1,10.0,Credit Card,Female,2.0,3.0,Mobile Phone,4,Single,2.0,0,13.0,0.0,1.0,2.0,132.95,2
2584,0,4.0,Computer,1,30.0,Cash on Delivery,Female,1.0,3.0,Laptop & Accessory,1,Single,3.0,0,20.0,0.0,1.0,4.0,152.38,2
2585,0,12.0,Computer,1,7.0,Debit Card,Male,3.0,3.0,Laptop & Accessory,1,Married,2.0,1,15.0,0.0,5.0,8.0,164.72,2
2586,0,5.0,Mobile Phone,3,25.0,Debit Card,Male,3.0,5.0,Fashion,3,Married,4.0,0,13.0,0.0,1.0,2.0,196.1,3
2587,0,13.0,Mobile Phone,3,13.0,Credit Card,Male,2.0,3.0,Others,4,Single,2.0,0,15.0,3.5,6.0,8.0,272.32625,0
2588,0,18.0,Mobile Phone,2,10.0,Debit Card,Female,2.0,5.0,Fashion,3,Married,5.0,0,21.0,1.0,1.0,3.0,197.56,1
2589,0,3.0,Computer,1,8.0,Cash on Delivery,Female,3.0,4.0,Mobile Phone,5,Single,1.0,0,16.0,0.0,1.0,7.0,149.68,2
2590,0,10.0,Computer,2,16.0,Credit Card,Male,2.0,3.0,Mobile Phone,1,Married,1.0,0,14.0,0.0,2.0,1.0,121.44999999999999,2
2591,1,10.0,Computer,2,14.0,UPI,Female,3.0,4.0,Mobile Phone,1,Married,7.0,0,11.0,1.0,1.0,2.0,121.80000000000001,2
2592,0,4.0,Mobile Phone,3,11.0,Cash on Delivery,Male,2.0,3.0,Laptop & Accessory,3,Married,2.0,0,19.0,1.0,1.0,2.0,183.46,2
2593,0,10.0,Mobile Phone,1,14.0,Credit Card,Female,3.0,3.0,Mobile Phone,1,Single,2.0,0,11.0,0.0,1.0,4.0,134.45,2
2594,1,10.0,Mobile Phone,3,15.0,E wallet,Female,3.0,5.0,Mobile Phone,4,Single,2.0,0,13.0,2.0,2.0,2.0,127.6,3
2595,0,2.0,Computer,1,7.0,Debit Card,Male,3.0,1.5,Laptop & Accessory,3,Single,9.0,1,12.0,1.0,1.0,2.0,162.94,2
2596,0,3.0,Mobile Phone,3,21.0,E wallet,Male,3.0,4.0,Fashion,5,Married,3.0,0,11.0,1.0,1.0,7.0,171.4,3
2597,0,7.0,Mobile Phone,1,8.0,Credit Card,Male,3.0,1.5,Mobile Phone,1,Married,1.0,1,14.0,1.0,1.0,2.0,129.32,2
2598,0,6.0,Computer,3,8.0,E wallet,Female,3.0,3.0,Laptop & Accessory,4,Single,9.0,0,15.0,1.0,1.0,7.0,151.47,2
2599,0,22.0,Mobile Phone,3,17.0,E wallet,Female,3.0,3.0,Laptop & Accessory,1,Single,4.0,0,12.0,0.0,1.0,4.0,145.07,2
2600,1,10.0,Mobile Phone,3,22.0,Debit Card,Female,3.0,3.0,Fashion,5,Single,3.0,1,20.0,1.0,1.0,0.0,185.64,2
2601,0,11.0,Computer,1,14.0,Credit Card,Female,3.0,4.0,Mobile Phone,4,Married,5.0,0,14.0,0.0,1.0,5.0,124.68,2
2602,1,10.0,Mobile Phone,3,22.0,E wallet,Male,3.0,3.0,Fashion,3,Married,3.0,0,13.0,0.0,1.0,0.0,181.61,2
2603,0,10.0,Mobile Phone,1,10.0,Cash on Delivery,Female,3.0,4.0,Mobile Phone,5,Married,2.0,0,13.0,0.0,1.0,0.0,121.09,2
2604,0,3.0,Mobile Phone,1,22.0,Debit Card,Male,2.0,1.5,Laptop & Accessory,3,Married,4.0,0,16.0,1.0,1.0,7.0,152.94,2
2605,0,5.0,Computer,1,11.0,Cash on Delivery,Male,3.0,3.0,Mobile Phone,4,Single,3.0,0,14.0,1.0,1.0,7.0,127.18,2
2606,0,11.0,Mobile Phone,1,24.0,Credit Card,Male,2.0,5.0,Laptop & Accessory,1,Married,4.0,1,16.0,0.0,1.0,0.0,158.11,2
2607,1,6.0,Computer,1,14.0,Cash on Delivery,Male,2.0,4.0,Mobile Phone,3,Married,10.0,1,16.0,1.0,1.0,0.0,124.37,2
2608,0,15.0,Mobile Phone,1,18.0,Credit Card,Male,3.0,3.0,Mobile Phone,4,Married,9.0,0,22.0,1.0,1.0,4.0,127.66,2
2609,0,28.0,Mobile Phone,1,8.0,Credit Card,Male,2.0,4.0,Others,5,Married,9.0,0,12.0,1.0,1.0,0.0,272.32625,1
2610,0,6.0,Computer,1,10.0,Cash on Delivery,Male,3.0,3.0,Laptop & Accessory,4,Married,6.0,0,15.0,0.0,1.0,7.0,130.55,2
2611,0,10.0,Mobile Phone,1,15.0,Debit Card,Male,3.0,3.0,Mobile Phone,5,Married,2.0,0,20.0,0.0,1.0,4.0,122.88999999999999,2
2612,0,7.0,Computer,3,16.0,Debit Card,Male,2.0,3.0,Laptop & Accessory,3,Married,2.0,1,14.0,1.0,1.0,7.0,140.01,2
2613,0,26.0,Computer,1,7.0,Credit Card,Female,2.0,4.0,Grocery,3,Married,5.0,1,20.0,1.0,1.0,3.0,229.64999999999998,1
2614,0,16.0,Mobile Phone,2,8.0,Debit Card,Male,3.0,3.0,Mobile Phone,1,Single,1.0,0,13.0,1.0,1.0,8.0,135.39,2
2615,0,7.0,Mobile Phone,3,9.0,Debit Card,Female,2.0,5.0,Laptop & Accessory,1,Single,6.0,0,12.0,2.0,2.0,2.0,160.29,3
2616,1,10.0,Mobile Phone,3,13.0,E wallet,Male,3.0,3.0,Mobile Phone,4,Single,2.0,0,13.0,0.0,1.0,0.0,126.78999999999999,2
2617,0,11.0,Mobile Phone,1,12.0,UPI,Female,2.0,4.0,Mobile Phone,3,Married,2.0,0,11.0,1.0,1.0,4.0,137.02,2
2618,1,10.0,Mobile Phone,1,14.0,Credit Card,Female,3.0,3.0,Mobile Phone,5,Married,2.0,1,17.0,0.0,1.0,0.0,123.97999999999999,2
2619,0,4.0,Mobile Phone,3,35.0,E wallet,Female,3.0,4.0,Laptop & Accessory,1,Married,2.0,0,14.0,0.0,5.0,7.0,154.68,3
2620,0,24.0,Mobile Phone,1,9.0,Cash on Delivery,Female,2.0,3.0,Fashion,3,Married,3.0,0,11.0,2.0,2.0,3.0,231.16000000000003,1
2621,0,10.0,Mobile Phone,3,15.0,E wallet,Male,2.0,4.0,Laptop & Accessory,4,Married,2.0,0,14.0,1.0,1.0,3.0,141.89,2
2622,0,19.0,Mobile Phone,1,8.0,Credit Card,Male,2.0,3.0,Others,1,Married,8.0,1,15.0,2.0,2.0,2.0,272.32625,1
2623,0,9.0,Mobile Phone,1,16.0,Debit Card,Male,2.0,3.0,Fashion,5,Married,8.0,1,13.0,2.0,5.0,7.0,183.21,0
2624,1,7.0,Computer,1,14.0,Credit Card,Male,3.0,3.0,Mobile Phone,4,Married,2.0,1,12.0,2.0,2.0,3.0,123.41999999999999,2
2625,0,10.0,Mobile Phone,2,14.0,UPI,Male,2.0,3.0,Laptop & Accessory,4,Married,3.0,0,13.0,3.0,4.0,7.0,140.71,0
2626,1,10.0,Mobile Phone,3,33.0,Debit Card,Male,2.0,3.0,Laptop & Accessory,1,Single,2.0,1,18.0,3.0,6.0,7.0,158.13,0
2627,0,6.0,Mobile Phone,1,14.0,Debit Card,Male,3.0,1.5,Mobile Phone,5,Married,7.0,0,19.0,3.0,6.0,6.0,131.43,0
2628,0,10.0,Mobile Phone,1,7.0,Debit Card,Male,2.0,3.0,Mobile Phone,1,Married,2.0,0,11.0,0.0,1.0,3.0,120.44,2
2629,0,12.0,Mobile Phone,1,16.0,Credit Card,Male,3.0,3.0,Fashion,3,Single,8.0,0,21.0,2.0,2.0,2.0,234.64,1
2630,0,19.0,Computer,3,32.0,Debit Card,Male,3.0,4.0,Laptop & Accessory,4,Single,9.0,0,15.0,1.0,2.0,2.0,179.91,1
2631,0,13.0,Mobile Phone,1,8.0,Debit Card,Female,3.0,3.0,Mobile Phone,5,Married,5.0,0,17.0,1.0,1.0,2.0,133.77,2
2632,0,15.0,Mobile Phone,1,19.0,Credit Card,Male,3.0,1.5,Laptop & Accessory,5,Married,6.0,0,18.0,1.0,1.0,0.0,155.38,2
2633,0,8.0,Computer,1,8.0,Credit Card,Male,2.0,3.0,Laptop & Accessory,1,Married,3.0,0,14.0,1.0,1.0,7.0,157.62,2
2634,0,11.0,Computer,2,14.0,UPI,Male,3.0,3.0,Mobile Phone,4,Married,6.0,0,13.0,2.0,3.0,8.0,125.91999999999999,3
2635,1,10.0,Computer,1,15.0,Debit Card,Male,3.0,3.0,Laptop & Accessory,5,Married,5.0,0,17.0,0.0,1.0,7.0,153.46,2
2636,1,10.0,Mobile Phone,1,16.0,Credit Card,Male,2.0,3.0,Laptop & Accessory,5,Single,2.0,0,15.0,0.0,1.0,8.0,142.13,2
2637,0,12.0,Computer,3,26.0,Debit Card,Male,2.0,3.0,Laptop & Accessory,1,Married,3.0,0,18.0,1.0,2.0,2.0,141.27,2
2638,0,16.0,Computer,1,14.0,Debit Card,Male,2.0,3.0,Mobile Phone,3,Single,5.0,0,13.0,1.0,1.0,2.0,124.38,2
2639,0,14.0,Mobile Phone,1,11.0,Debit Card,Male,2.0,1.5,Laptop & Accessory,4,Single,4.0,0,12.0,0.0,1.0,2.0,168.7,2
2640,0,14.0,Mobile Phone,3,10.0,E wallet,Female,2.0,3.0,Fashion,3,Married,1.0,1,13.0,3.5,6.0,5.0,204.47,0
2641,0,3.0,Mobile Phone,1,16.0,Credit Card,Female,3.0,3.0,Fashion,3,Single,10.0,0,14.0,0.0,1.0,2.0,196.67,1
2642,1,10.0,Mobile Phone,2,26.0,Credit Card,Female,3.0,3.0,Mobile Phone,4,Married,1.0,1,11.0,0.0,1.0,4.0,121.47999999999999,2
2643,1,9.0,Mobile Phone,1,27.0,Credit Card,Female,3.0,3.0,Laptop & Accessory,4,Married,5.0,0,22.0,3.0,3.0,7.0,189.26,0
2644,0,13.0,Mobile Phone,1,7.0,Debit Card,Female,2.0,3.0,Laptop & Accessory,1,Married,5.0,0,17.0,0.0,1.0,3.0,165.13,2
2645,0,7.0,Mobile Phone,3,14.0,Cash on Delivery,Male,3.0,1.5,Laptop & Accessory,3,Married,2.0,0,21.0,2.0,4.0,8.0,167.99,0
2646,0,30.0,Computer,3,8.0,Credit Card,Male,2.0,3.0,Grocery,4,Married,5.0,0,22.0,1.0,6.0,14.0,262.91,1
2647,0,8.0,Mobile Phone,1,29.0,Credit Card,Male,3.0,5.0,Mobile Phone,3,Married,1.0,0,16.0,0.0,1.0,3.0,127.05000000000001,3
2648,0,20.0,Mobile Phone,1,10.0,Debit Card,Female,3.0,4.0,Fashion,4,Married,9.0,1,12.0,3.5,6.0,10.0,203.33,0
2649,0,13.0,Mobile Phone,1,18.0,Debit Card,Female,2.0,3.0,Laptop & Accessory,5,Married,3.0,0,12.0,1.0,6.0,7.0,144.48,0
2650,0,27.0,Mobile Phone,1,13.0,Credit Card,Female,3.0,3.0,Laptop & Accessory,1,Married,5.0,0,15.0,1.0,1.0,7.0,168.54,1
2651,0,4.0,Computer,3,13.0,E wallet,Female,3.0,3.0,Fashion,5,Married,3.0,0,14.0,2.0,2.0,2.0,196.37,1
2652,0,1.0,Mobile Phone,1,7.0,Credit Card,Female,3.0,3.0,Mobile Phone,5,Married,2.0,0,25.0,1.0,1.0,2.0,135.91,2
2653,0,11.0,Mobile Phone,3,8.0,E wallet,Female,3.0,5.0,Laptop & Accessory,1,Married,3.0,1,20.0,0.0,1.0,3.0,154.05,3
2654,0,10.0,Mobile Phone,3,16.0,Credit Card,Male,2.0,3.0,Laptop & Accessory,1,Single,2.0,0,13.0,1.0,1.0,2.0,146.84,2
2655,0,30.0,Computer,1,21.0,Debit Card,Male,2.0,3.0,Grocery,3,Married,3.0,1,14.0,2.0,2.0,2.0,257.87,1
2656,0,10.0,Computer,1,20.0,Credit Card,Female,2.0,3.0,Mobile Phone,3,Single,2.0,0,16.0,1.0,1.0,0.0,115.13999999999999,2
2657,1,10.0,Mobile Phone,2,24.0,UPI,Male,3.0,1.5,Mobile Phone,5,Married,1.0,0,17.0,1.0,1.0,0.0,129.56,2
2658,1,10.0,Mobile Phone,2,14.0,UPI,Male,2.0,4.0,Mobile Phone,5,Married,5.0,1,15.0,2.0,2.0,0.0,123.35,2
2659,0,18.0,Computer,3,8.0,Debit Card,Female,3.0,3.0,Laptop & Accessory,3,Married,5.0,0,22.0,3.0,5.0,7.0,151.54,0
2660,0,9.0,Mobile Phone,1,8.0,UPI,Female,3.0,3.0,Laptop & Accessory,4,Married,5.0,1,22.0,1.0,1.0,0.0,169.62,2
2661,0,16.0,Computer,3,8.0,Debit Card,Male,3.0,3.0,Laptop & Accessory,1,Married,2.0,0,20.0,3.5,6.0,7.0,156.75,0
2662,0,10.0,Computer,1,14.0,Debit Card,Female,2.0,3.0,Mobile Phone,1,Single,1.0,1,14.0,1.0,1.0,2.0,123.78999999999999,2
2663,0,2.0,Computer,1,26.0,Credit Card,Male,2.0,3.0,Mobile Phone,1,Married,2.0,0,13.0,1.0,3.0,10.0,138.12,2
2664,0,5.0,Computer,3,16.0,E wallet,Male,3.0,3.0,Laptop & Accessory,1,Single,9.0,0,13.0,0.0,1.0,0.0,146.48,2
2665,0,15.0,Computer,1,16.0,Cash on Delivery,Male,3.0,3.0,Mobile Phone,3,Married,4.0,0,22.0,3.0,3.0,3.0,129.36,3
2666,0,10.0,Mobile Phone,1,15.0,Debit Card,Female,3.0,3.0,Mobile Phone,3,Single,5.0,0,12.0,0.0,2.0,0.0,121.05000000000001,2
2667,0,19.0,Mobile Phone,1,8.0,Debit Card,Male,2.0,3.0,Fashion,1,Married,4.0,0,14.0,0.0,4.0,7.0,185.78,1
2668,0,1.0,Computer,2,7.0,Debit Card,Male,3.0,3.0,Mobile Phone,1,Married,2.0,0,15.0,1.0,2.0,2.0,127.06,2
2669,0,2.0,Mobile Phone,1,35.0,Debit Card,Male,3.0,5.0,Laptop & Accessory,3,Married,9.0,0,17.0,0.0,1.0,6.0,163.84,3
2670,0,15.0,Mobile Phone,1,14.0,Debit Card,Male,2.0,3.0,Mobile Phone,3,Single,5.0,0,13.0,1.0,1.0,0.0,139.68,2
2671,1,10.0,Mobile Phone,3,8.0,E wallet,Male,2.0,4.0,Laptop & Accessory,4,Single,8.0,1,12.0,1.0,2.0,2.0,199.07,2
2672,0,19.0,Mobile Phone,3,9.0,Cash on Delivery,Female,2.0,1.5,Grocery,5,Married,3.0,0,12.0,2.0,2.0,8.0,232.25,1
2673,0,10.0,Mobile Phone,3,29.0,Credit Card,Female,2.0,4.0,Laptop & Accessory,3,Married,2.0,0,21.0,3.0,5.0,8.0,135.4,0
2674,0,2.0,Mobile Phone,2,12.0,Credit Card,Male,3.0,4.0,Mobile Phone,4,Married,2.0,0,11.0,1.0,1.0,0.0,128.04,2
2675,0,16.0,Mobile Phone,1,12.0,Credit Card,Female,2.0,4.0,Others,3,Married,8.0,0,15.0,3.5,6.0,14.0,272.32625,0
2676,0,21.0,Mobile Phone,1,16.0,Debit Card,Male,3.0,4.0,Others,4,Married,5.0,0,15.0,3.0,6.0,9.0,272.32625,0
2677,1,10.0,Computer,1,14.0,Debit Card,Male,3.0,4.0,Mobile Phone,1,Single,2.0,1,24.0,1.0,1.0,0.0,124.38999999999999,3
2678,1,9.0,Mobile Phone,3,16.0,Debit Card,Female,3.0,3.0,Fashion,4,Married,6.0,0,21.0,1.0,1.0,7.0,173.14,1
2679,0,10.0,Computer,1,21.0,Debit Card,Female,3.0,4.0,Mobile Phone,5,Married,1.0,0,19.0,0.0,6.0,3.0,147.74,3
2680,0,12.0,Mobile Phone,1,25.0,UPI,Male,2.0,3.0,Laptop & Accessory,1,Married,9.0,0,14.0,0.0,2.0,2.0,139.02,2
2681,0,28.0,Mobile Phone,1,8.0,Cash on Delivery,Male,3.0,4.0,Mobile Phone,1,Married,9.0,0,20.0,1.0,1.0,4.0,126.62,1
2682,0,1.0,Mobile Phone,3,9.0,Credit Card,Female,3.0,3.0,Mobile Phone,4,Married,2.0,0,19.0,1.0,1.0,0.0,128.56,2
2683,1,10.0,Mobile Phone,3,15.0,Credit Card,Male,2.0,3.0,Mobile Phone,1,Single,2.0,0,13.0,0.0,1.0,0.0,110.81,2
2684,1,10.0,Mobile Phone,1,14.0,Debit Card,Male,3.0,3.0,Mobile Phone,4,Single,2.0,1,23.0,1.0,1.0,0.0,124.72,2
2685,0,9.0,Mobile Phone,3,16.0,Cash on Delivery,Female,3.0,4.0,Laptop & Accessory,3,Married,2.0,1,13.0,0.0,1.0,7.0,156.73,2
2686,0,4.0,Mobile Phone,1,26.0,Debit Card,Male,2.0,3.0,Laptop & Accessory,3,Married,2.0,0,11.0,0.0,1.0,2.0,141.97,2
2687,0,7.0,Mobile Phone,3,10.0,Debit Card,Male,3.0,3.0,Fashion,1,Married,3.0,1,13.0,0.0,1.0,0.0,197.13,2
2688,0,10.0,Mobile Phone,1,13.0,Debit Card,Male,2.0,3.0,Mobile Phone,5,Single,4.0,0,14.0,0.0,1.0,2.0,120.62,2
2689,0,10.0,Mobile Phone,1,13.0,Credit Card,Male,3.0,3.0,Laptop & Accessory,5,Married,6.0,1,22.0,0.0,1.0,4.0,142.84,2
2690,0,8.0,Mobile Phone,1,22.0,UPI,Female,2.0,4.0,Laptop & Accessory,4,Married,1.0,1,11.0,0.0,1.0,2.0,147.88,2
2691,0,18.0,Mobile Phone,1,31.0,Debit Card,Female,3.0,4.0,Laptop & Accessory,1,Married,1.0,0,13.0,0.0,3.0,8.0,159.06,2
2692,0,9.0,Computer,2,8.0,UPI,Male,3.0,4.0,Laptop & Accessory,1,Single,2.0,0,21.0,1.0,1.0,8.0,138.86,3
2693,0,13.0,Mobile Phone,1,7.0,Debit Card,Male,3.0,3.0,Grocery,5,Married,3.0,0,11.0,1.0,6.0,14.5,268.23,0
2694,0,10.0,Mobile Phone,1,7.0,Debit Card,Female,3.0,4.0,Mobile Phone,3,Married,2.0,1,13.0,0.0,1.0,0.0,129.33,2
2695,0,10.0,Mobile Phone,3,8.0,Credit Card,Female,2.0,1.5,Laptop & Accessory,3,Single,1.0,0,14.0,0.0,1.0,7.0,165.0,2
2696,0,21.0,Computer,1,28.0,Credit Card,Female,2.0,3.0,Grocery,1,Married,4.0,0,11.0,1.0,4.0,7.0,271.74,1
2697,0,17.0,Mobile Phone,1,7.0,Debit Card,Male,3.0,1.5,Laptop & Accessory,5,Married,3.0,0,15.0,1.0,2.0,2.0,150.33,2
2698,1,10.0,Computer,1,22.0,Cash on Delivery,Male,2.0,5.0,Mobile Phone,5,Married,2.0,1,23.0,0.0,3.0,0.0,123.07,2
2699,1,19.0,Mobile Phone,1,14.0,Debit Card,Male,3.0,3.0,Mobile Phone,1,Single,2.0,0,16.0,0.0,1.0,0.0,125.87,2
2700,0,9.0,Mobile Phone,3,23.0,E wallet,Male,2.0,4.0,Laptop & Accessory,4,Married,3.0,0,16.0,1.0,1.0,3.0,155.07,2
2701,0,14.0,Mobile Phone,3,14.0,E wallet,Female,2.0,3.0,Laptop & Accessory,4,Married,6.0,0,21.0,0.0,1.0,4.0,143.93,2
2702,0,15.0,Mobile Phone,1,12.0,Credit Card,Male,2.0,3.0,Fashion,5,Married,10.0,0,13.0,3.5,2.0,7.0,233.48000000000002,1
2703,0,4.0,Mobile Phone,3,16.0,Credit Card,Female,2.0,3.0,Laptop & Accessory,1,Married,3.0,1,11.0,1.0,1.0,4.0,165.83,2
2704,0,7.0,Mobile Phone,3,9.0,Credit Card,Female,3.0,4.0,Laptop & Accessory,1,Married,4.0,1,12.0,0.0,1.0,1.0,181.03,2
2705,0,4.0,Mobile Phone,1,10.0,Credit Card,Female,3.0,1.5,Mobile Phone,3,Married,9.0,0,12.0,1.0,2.0,2.0,139.78,2
2706,0,10.0,Computer,1,14.0,UPI,Male,3.0,1.5,Mobile Phone,1,Married,1.0,0,18.0,2.0,6.0,7.0,125.44,0
2707,0,18.0,Computer,1,7.0,Credit Card,Male,2.0,3.0,Laptop & Accessory,3,Single,5.0,0,12.0,0.0,1.0,3.0,153.99,2
2708,0,6.0,Mobile Phone,3,16.0,E wallet,Male,2.0,3.0,Laptop & Accessory,3,Single,2.0,0,14.0,0.0,1.0,9.0,154.87,2
2709,0,1.0,Computer,3,7.0,Debit Card,Male,2.0,4.0,Laptop & Accessory,1,Married,2.0,1,12.0,1.0,1.0,7.0,168.34,2
2710,1,10.0,Computer,3,30.0,Cash on Delivery,Male,2.0,1.5,Mobile Phone,5,Single,2.0,0,17.0,0.0,1.0,0.0,110.91,2
2711,0,12.0,Computer,3,27.0,Debit Card,Female,2.0,5.0,Laptop & Accessory,3,Married,7.0,0,19.0,0.0,1.0,2.0,157.36,2
2712,0,10.0,Mobile Phone,1,8.0,Cash on Delivery,Male,2.0,3.0,Mobile Phone,4,Married,2.0,0,11.0,0.0,1.0,2.0,122.25999999999999,2
2713,0,7.0,Computer,1,28.0,UPI,Male,2.0,4.0,Laptop & Accessory,1,Married,2.0,1,15.0,3.0,6.0,11.0,157.47,0
2714,1,10.0,Mobile Phone,3,19.0,E wallet,Female,2.0,3.0,Laptop & Accessory,3,Single,4.0,1,11.0,0.0,2.0,2.0,198.54,2
2715,0,20.0,Computer,1,20.0,Cash on Delivery,Male,3.0,3.0,Laptop & Accessory,4,Married,9.0,0,18.0,0.0,1.0,7.0,154.67,1
2716,0,29.0,Mobile Phone,3,17.0,E wallet,Female,2.0,4.0,Laptop & Accessory,5,Married,5.0,0,16.0,0.0,1.0,0.0,153.8,2
2717,0,12.0,Mobile Phone,1,15.0,Credit Card,Male,2.0,3.0,Laptop & Accessory,5,Married,2.0,0,25.0,0.0,6.0,9.0,151.51,0
2718,0,10.0,Computer,1,14.0,Credit Card,Female,2.0,4.0,Laptop & Accessory,4,Married,2.0,1,16.0,1.0,1.0,7.0,121.33000000000001,2
2719,0,30.0,Mobile Phone,3,27.0,Debit Card,Female,3.0,3.0,Grocery,1,Married,5.0,1,13.0,1.0,1.0,0.0,272.32625,1
2720,1,10.0,Computer,1,14.0,Debit Card,Female,2.0,1.5,Mobile Phone,3,Single,4.0,1,14.0,0.0,1.0,3.0,124.32,2
2721,0,11.0,Mobile Phone,1,15.0,Debit Card,Male,3.0,3.0,Mobile Phone,1,Married,3.0,0,19.0,0.0,1.0,3.0,147.71,2
2722,0,22.0,Computer,1,8.0,Debit Card,Male,2.0,3.0,Others,1,Married,4.0,0,15.0,1.0,4.0,3.0,272.32625,1
2723,0,15.0,Mobile Phone,3,18.0,E wallet,Male,3.0,3.0,Laptop & Accessory,1,Married,4.0,1,12.0,1.0,1.0,0.0,150.87,2
2724,1,10.0,Computer,2,28.0,UPI,Female,3.0,4.0,Mobile Phone,4,Married,2.0,0,12.0,1.0,1.0,0.0,128.63,2
2725,0,8.0,Mobile Phone,3,24.0,Credit Card,Male,3.0,3.0,Laptop & Accessory,5,Married,1.0,0,16.0,1.0,1.0,4.0,155.61,2
2726,0,10.0,Computer,1,22.0,Credit Card,Male,2.0,3.0,Mobile Phone,3,Single,2.0,0,14.0,0.0,1.0,4.0,121.44,2
2727,0,4.0,Computer,1,9.0,Credit Card,Male,3.0,3.0,Mobile Phone,5,Married,2.0,1,13.0,2.0,2.0,3.0,130.65,2
2728,0,9.0,Computer,1,15.0,Debit Card,Male,3.0,1.5,Mobile Phone,4,Married,2.0,0,22.0,1.0,1.0,2.0,128.1,2
2729,0,7.0,Mobile Phone,3,7.0,E wallet,Male,2.0,3.0,Fashion,1,Single,2.0,0,21.0,2.0,2.0,1.0,198.88,2
2730,0,7.0,Mobile Phone,3,19.0,Credit Card,Male,2.0,3.0,Fashion,3,Married,2.0,0,18.0,0.0,1.0,1.0,186.28,2
2731,0,10.0,Mobile Phone,1,7.0,Credit Card,Male,3.0,3.0,Mobile Phone,5,Single,1.0,0,13.0,3.5,6.0,6.0,128.67,0
2732,0,2.0,Mobile Phone,1,7.0,Debit Card,Male,2.0,3.0,Laptop & Accessory,5,Married,1.0,0,12.0,0.0,1.0,2.0,153.73,2
2733,0,5.0,Computer,1,21.0,Credit Card,Female,2.0,3.0,Laptop & Accessory,1,Married,6.0,0,18.0,0.0,1.0,2.0,166.67,2
2734,0,4.0,Computer,1,7.0,Debit Card,Male,2.0,5.0,Laptop & Accessory,5,Married,2.0,0,21.0,3.5,6.0,7.0,150.03,0
2735,1,10.0,Mobile Phone,1,14.0,Cash on Delivery,Male,2.0,4.0,Mobile Phone,1,Married,6.0,0,12.0,1.0,1.0,3.0,123.66999999999999,2
2736,0,11.0,Mobile Phone,3,7.0,Debit Card,Male,3.0,4.0,Mobile Phone,5,Single,5.0,0,14.0,1.0,1.0,0.0,128.58,2
2737,0,8.0,Mobile Phone,3,13.0,Debit Card,Female,2.0,3.0,Laptop & Accessory,1,Married,2.0,1,11.0,1.0,1.0,9.0,152.04,2
2738,0,10.0,Mobile Phone,3,15.0,E wallet,Male,2.0,3.0,Laptop & Accessory,1,Single,2.0,0,14.0,1.0,1.0,7.0,141.05,2
2739,0,5.0,Mobile Phone,1,11.0,Debit Card,Male,2.0,4.0,Laptop & Accessory,1,Single,9.0,0,24.0,1.0,1.0,0.0,196.79,3
2740,1,10.0,Computer,3,32.0,E wallet,Male,3.0,3.0,Laptop & Accessory,1,Married,2.0,1,11.0,0.0,1.0,8.0,156.17,2
2741,1,16.0,Mobile Phone,3,30.0,Debit Card,Male,3.0,3.0,Fashion,5,Single,7.0,1,13.0,0.0,2.0,2.0,204.48,1
2742,0,27.0,Mobile Phone,1,15.0,Debit Card,Female,3.0,3.0,Laptop & Accessory,3,Married,4.0,0,11.0,1.0,2.0,3.0,128.97,2
2743,0,6.0,Computer,1,13.0,Debit Card,Male,2.0,3.0,Laptop & Accessory,3,Married,2.0,0,20.0,0.0,2.0,8.0,159.68,2
2744,0,16.0,Mobile Phone,1,17.0,Debit Card,Male,1.0,3.0,Fashion,3,Married,2.0,0,17.0,1.0,1.0,9.0,175.1,2
2745,0,11.0,Computer,2,7.0,UPI,Male,3.0,3.0,Mobile Phone,4,Married,1.0,1,11.0,0.0,1.0,2.0,129.91,2
2746,0,28.0,Mobile Phone,2,32.0,UPI,Male,3.0,1.5,Others,4,Married,5.0,1,15.0,1.0,1.0,4.0,272.32625,1
2747,0,4.0,Mobile Phone,1,8.0,Credit Card,Female,2.0,5.0,Mobile Phone,1,Married,2.0,1,11.0,0.0,1.0,0.0,111.28999999999999,2
2748,0,12.0,Mobile Phone,3,21.0,E wallet,Male,3.0,3.0,Grocery,5,Single,1.0,0,12.0,3.5,2.0,10.0,233.41000000000003,0
2749,0,15.0,Computer,1,29.0,Debit Card,Male,2.0,4.0,Laptop & Accessory,3,Single,2.0,0,12.0,3.0,3.0,7.0,143.32,0
2750,0,4.0,Computer,1,16.0,Credit Card,Female,2.0,3.0,Fashion,3,Married,5.0,0,20.0,3.0,4.0,3.0,210.31,0
2751,0,27.0,Mobile Phone,1,16.0,Credit Card,Female,3.0,3.0,Laptop & Accessory,5,Single,7.0,1,19.0,0.0,1.0,4.0,144.4,1
2752,0,10.0,Mobile Phone,1,7.0,Debit Card,Male,2.0,4.0,Laptop & Accessory,3,Single,2.0,0,12.0,1.0,1.0,2.0,146.17,2
2753,0,10.0,Mobile Phone,1,14.0,UPI,Male,3.0,3.0,Mobile Phone,1,Single,2.0,0,13.0,1.0,1.0,4.0,126.47,2
2754,0,13.0,Computer,1,17.0,Cash on Delivery,Female,3.0,3.0,Laptop & Accessory,3,Married,2.0,0,11.0,3.5,6.0,4.0,163.23,0
2755,0,13.0,Mobile Phone,3,8.0,E wallet,Female,3.0,3.0,Laptop & Accessory,4,Married,4.0,0,14.0,1.0,5.0,10.0,156.77,0
2756,0,10.0,Mobile Phone,2,8.0,UPI,Female,2.0,3.0,Mobile Phone,4,Married,5.0,0,14.0,0.0,1.0,2.0,121.87,2
2757,0,3.0,Mobile Phone,1,7.0,Credit Card,Male,3.0,3.0,Mobile Phone,4,Married,2.0,0,13.0,1.0,1.0,7.0,137.48,2
2758,0,10.0,Mobile Phone,1,8.0,UPI,Male,2.0,3.0,Mobile Phone,3,Married,7.0,1,19.0,0.0,1.0,2.0,139.77,2
2759,0,20.0,Mobile Phone,1,31.0,Credit Card,Male,2.0,3.0,Fashion,3,Single,3.0,0,23.0,3.5,6.0,11.0,186.33,0
2760,0,10.0,Computer,1,7.0,Credit Card,Male,2.0,4.0,Mobile Phone,3,Married,2.0,0,12.0,0.0,1.0,0.0,120.08000000000001,2
2761,0,11.0,Mobile Phone,3,7.0,Debit Card,Male,2.0,3.0,Laptop & Accessory,4,Married,1.0,0,15.0,1.0,5.0,8.0,144.4,0
2762,0,4.0,Mobile Phone,3,8.0,Debit Card,Male,3.0,3.0,Mobile Phone,3,Married,1.0,0,19.0,0.0,1.0,2.0,130.67,2
2763,0,11.0,Computer,1,12.0,Debit Card,Male,3.0,4.0,Laptop & Accessory,3,Married,3.0,0,11.0,2.0,6.0,7.0,153.21,0
2764,0,15.0,Mobile Phone,1,24.0,Debit Card,Male,2.0,3.0,Laptop & Accessory,5,Married,7.0,1,17.0,1.0,1.0,2.0,154.1,2
2765,0,14.0,Mobile Phone,1,7.0,Debit Card,Male,3.0,3.0,Mobile Phone,1,Married,4.0,0,22.0,0.0,1.0,0.0,127.82,2
2766,0,20.0,Computer,1,7.0,Credit Card,Female,3.0,3.0,Fashion,4,Married,1.0,0,18.0,0.0,5.0,3.0,219.57,1
2767,0,8.0,Mobile Phone,1,17.0,Credit Card,Male,2.0,3.0,Mobile Phone,3,Married,8.0,1,11.0,2.0,2.0,2.0,126.6,2
2768,0,10.0,Mobile Phone,1,7.0,Debit Card,Male,3.0,3.0,Mobile Phone,3,Single,1.0,0,12.0,1.0,1.0,2.0,133.75,2
2769,0,8.0,Mobile Phone,1,15.0,Credit Card,Male,2.0,3.0,Laptop & Accessory,3,Single,2.0,0,19.0,0.0,1.0,8.0,150.98,2
2770,0,6.0,Mobile Phone,1,21.0,Credit Card,Female,3.0,3.0,Laptop & Accessory,1,Married,1.0,1,13.0,3.5,6.0,1.0,148.78,0
2771,0,5.0,Mobile Phone,1,35.0,Debit Card,Female,3.0,4.0,Mobile Phone,4,Single,2.0,0,13.0,0.0,4.0,1.0,128.37,3
2772,0,13.0,Mobile Phone,1,14.0,Debit Card,Male,2.0,3.0,Mobile Phone,1,Married,9.0,0,19.0,1.0,1.0,0.0,124.06,2
2773,0,10.0,Mobile Phone,3,7.0,Credit Card,Male,3.0,4.0,Mobile Phone,4,Married,1.0,0,14.0,2.0,2.0,2.0,122.69,3
2774,0,12.0,Mobile Phone,1,30.0,Debit Card,Male,2.0,3.0,Laptop & Accessory,1,Single,8.0,0,13.0,0.0,1.0,7.0,141.08,2
2775,0,11.0,Mobile Phone,1,16.0,Credit Card,Female,3.0,5.0,Fashion,3,Married,4.0,0,12.0,0.0,2.0,11.0,232.06,1
2776,0,5.0,Mobile Phone,3,7.0,E wallet,Female,2.0,3.0,Fashion,1,Married,2.0,0,19.0,0.0,5.0,7.0,204.22,0
2777,0,10.0,Mobile Phone,1,16.0,Debit Card,Female,2.0,1.5,Fashion,1,Married,2.0,1,25.0,3.5,2.0,8.0,237.44,0
2778,0,10.0,Mobile Phone,3,14.0,UPI,Female,2.0,3.0,Laptop & Accessory,3,Married,1.0,1,22.0,0.0,1.0,4.0,149.07,2
2779,0,25.0,Computer,3,35.0,Debit Card,Male,2.0,3.0,Mobile Phone,1,Married,3.0,0,15.0,1.0,1.0,0.0,134.82,2
2780,0,17.0,Mobile Phone,1,14.0,Credit Card,Male,2.0,3.0,Mobile Phone,1,Single,7.0,1,12.0,1.0,1.0,2.0,124.36000000000001,2
2781,0,10.0,Mobile Phone,3,14.0,Credit Card,Male,2.0,3.0,Mobile Phone,5,Single,2.0,1,11.0,1.0,1.0,2.0,123.80000000000001,2
2782,0,12.0,Computer,1,15.0,Debit Card,Male,2.0,3.0,Others,1,Single,3.0,0,15.0,1.0,1.0,3.0,272.32625,2
2783,1,10.0,Computer,3,15.0,E wallet,Male,2.0,3.0,Mobile Phone,5,Married,2.0,0,19.0,1.0,1.0,0.0,117.9,2
2784,0,9.0,Mobile Phone,3,9.0,Credit Card,Female,3.0,4.0,Fashion,1,Married,1.0,0,19.0,0.0,3.0,4.0,176.44,2
2785,0,9.0,Computer,1,10.0,Debit Card,Female,3.0,3.0,Laptop & Accessory,4,Married,8.0,0,13.0,0.0,1.0,2.0,151.31,2
2786,0,29.0,Computer,1,7.0,Debit Card,Male,2.0,3.0,Laptop & Accessory,3,Married,2.0,0,21.0,0.0,1.0,9.0,163.06,2
2787,1,10.0,Mobile Phone,1,7.0,Credit Card,Male,2.0,3.0,Mobile Phone,1,Married,10.0,1,14.0,2.0,2.0,2.0,147.87,2
2788,0,15.0,Mobile Phone,1,8.0,Debit Card,Male,2.0,3.0,Others,3,Married,6.0,0,11.0,1.0,4.0,14.0,272.32625,1
2789,1,19.0,Mobile Phone,1,14.0,Cash on Delivery,Male,3.0,3.0,Mobile Phone,3,Married,9.0,0,11.0,3.5,6.0,8.0,123.38999999999999,0
2790,0,14.0,Mobile Phone,1,34.0,Debit Card,Female,2.0,4.0,Grocery,4,Married,1.0,0,23.0,1.0,2.0,10.0,235.7,1
2791,0,7.0,Mobile Phone,3,34.0,E wallet,Female,3.0,4.0,Laptop & Accessory,3,Married,2.0,0,21.0,1.0,1.0,7.0,167.12,3
2792,0,9.0,Computer,3,21.0,E wallet,Male,2.0,5.0,Laptop & Accessory,1,Married,2.0,0,24.0,3.5,6.0,11.0,154.06,0
2793,0,14.0,Mobile Phone,3,9.0,Debit Card,Male,2.0,4.0,Laptop & Accessory,4,Married,3.0,0,11.0,1.0,1.0,4.0,189.38,2
2794,0,5.0,Mobile Phone,1,14.0,Cash on Delivery,Male,3.0,3.0,Mobile Phone,5,Single,2.0,0,14.0,0.0,1.0,2.0,124.38999999999999,2
2795,0,8.0,Mobile Phone,2,32.0,Debit Card,Female,2.0,3.0,Fashion,1,Single,2.0,1,16.0,1.0,1.0,7.0,188.37,2
2796,0,11.0,Mobile Phone,3,16.0,Debit Card,Female,3.0,3.0,Laptop & Accessory,1,Married,2.0,0,11.0,0.0,1.0,9.0,153.43,2
2797,1,13.0,Computer,3,7.0,Debit Card,Male,3.0,3.0,Laptop & Accessory,3,Married,8.0,0,12.0,1.0,1.0,1.0,167.28,2
2798,0,9.0,Mobile Phone,3,17.0,E wallet,Female,3.0,4.0,Laptop & Accessory,1,Married,5.0,0,13.0,1.0,1.0,0.0,166.52,3
2799,0,18.0,Mobile Phone,3,26.0,Debit Card,Female,2.0,3.0,Laptop & Accessory,3,Single,9.0,0,15.0,0.0,1.0,1.0,148.5,2
2800,0,13.0,Mobile Phone,1,8.0,Debit Card,Male,3.0,4.0,Mobile Phone,3,Single,3.0,0,14.0,0.0,2.0,2.0,128.09,2
2801,0,8.0,Computer,1,24.0,Debit Card,Male,3.0,3.0,Laptop & Accessory,3,Married,2.0,1,14.0,0.0,1.0,2.0,156.89,2
2802,0,10.0,Mobile Phone,1,8.0,Credit Card,Female,3.0,3.0,Mobile Phone,3,Married,3.0,0,14.0,0.0,1.0,2.0,120.00999999999999,2
2803,0,8.0,Mobile Phone,1,7.0,Debit Card,Female,3.0,5.0,Mobile Phone,1,Married,2.0,0,12.0,1.0,1.0,1.0,129.77,3
2804,0,2.0,Mobile Phone,1,19.0,UPI,Male,2.0,4.0,Laptop & Accessory,4,Married,5.0,1,13.0,0.0,1.0,3.0,140.25,2
2805,0,2.0,Mobile Phone,1,34.0,Credit Card,Female,3.0,4.0,Mobile Phone,5,Single,2.0,0,14.0,0.0,1.0,4.0,137.85,2
2806,1,13.0,Mobile Phone,3,34.0,E wallet,Male,2.0,4.0,Fashion,5,Married,5.0,1,13.0,2.0,2.0,0.0,208.54000000000002,1
2807,0,12.0,Mobile Phone,3,30.0,E wallet,Female,2.0,4.0,Grocery,1,Married,1.0,0,11.0,3.0,6.0,3.0,220.31,0
2808,0,4.0,Computer,1,11.0,Credit Card,Male,3.0,3.0,Laptop & Accessory,5,Single,1.0,0,19.0,1.0,1.0,7.0,199.36,2
2809,0,10.0,Mobile Phone,3,11.0,UPI,Female,3.0,4.0,Mobile Phone,3,Single,1.0,0,18.0,1.0,1.0,0.0,129.66,2
2810,0,9.0,Computer,1,14.0,Credit Card,Male,2.0,1.5,Laptop & Accessory,1,Married,5.0,0,17.0,0.0,1.0,3.0,125.71000000000001,2
2811,0,12.0,Mobile Phone,1,12.0,Credit Card,Male,2.0,4.0,Fashion,5,Married,5.0,0,15.0,0.0,1.0,7.0,199.91,1
2812,0,10.0,Mobile Phone,1,10.0,Debit Card,Male,2.0,1.5,Laptop & Accessory,4,Married,2.0,1,20.0,0.0,1.0,3.0,161.42,2
2813,0,22.0,Computer,3,8.0,Credit Card,Male,3.0,4.0,Laptop & Accessory,4,Married,3.0,0,14.0,1.0,1.0,8.0,153.9,2
2814,0,7.0,Mobile Phone,1,14.0,Credit Card,Male,2.0,1.5,Laptop & Accessory,3,Married,3.0,0,12.0,1.0,1.0,2.0,144.04,2
2815,1,5.0,Mobile Phone,3,7.0,Debit Card,Female,4.0,4.0,Laptop & Accessory,2,Single,10.0,1,12.0,2.0,2.0,6.0,184.93,3
2816,1,1.0,Mobile Phone,1,9.0,UPI,Male,4.0,5.0,Mobile Phone,3,Single,8.0,1,16.0,1.0,2.0,1.0,145.9,3
2817,1,1.0,Mobile Phone,1,31.0,Debit Card,Male,3.0,5.0,Mobile Phone,3,Single,7.0,1,15.0,1.0,2.0,4.0,145.28,3
2818,1,1.0,Mobile Phone,3,16.0,Debit Card,Male,3.0,5.0,Laptop & Accessory,5,Single,9.0,0,24.0,1.0,2.0,4.0,159.07,3
2819,1,1.0,Mobile Phone,1,13.0,Credit Card,Male,3.0,4.0,Mobile Phone,5,Single,4.0,0,12.0,2.0,2.0,4.0,154.6,3
2820,1,1.0,Computer,1,23.0,Debit Card,Female,4.0,5.5,Mobile Phone,5,Single,3.0,1,23.0,3.5,6.0,8.0,164.19,0
2821,1,3.0,Mobile Phone,3,12.0,Cash on Delivery,Male,3.0,4.0,Laptop & Accessory,2,Divorced,5.0,0,15.0,1.0,2.0,1.0,145.86,3
2822,1,1.0,Mobile Phone,1,7.0,Credit Card,Male,4.0,4.0,Mobile Phone,2,Divorced,4.0,1,17.0,3.0,3.0,1.0,147.93,3
2823,1,14.0,Mobile Phone,3,10.0,E wallet,Male,3.0,5.0,Mobile Phone,3,Divorced,3.0,1,15.0,1.0,2.0,3.0,151.83,3
2824,1,1.0,Mobile Phone,1,32.0,Debit Card,Male,3.0,5.5,Mobile Phone,3,Single,3.0,0,13.0,2.0,2.0,2.0,147.93,3
2825,1,5.0,Mobile Phone,1,19.0,Cash on Delivery,Female,3.0,4.0,Others,3,Divorced,3.0,0,15.0,3.5,6.0,9.0,272.32625,0
2826,1,12.0,Mobile Phone,1,7.0,Debit Card,Male,4.0,5.0,Fashion,3,Single,11.0,1,14.0,1.0,2.0,1.0,178.81,1
2827,1,1.0,Mobile Phone,1,12.0,Cash on Delivery,Male,3.0,4.0,Mobile Phone,3,Single,3.0,1,14.0,3.0,3.0,3.0,159.41,3
2828,1,1.0,Mobile Phone,1,16.0,Credit Card,Male,4.0,5.0,Mobile Phone,3,Divorced,2.0,1,18.0,1.0,2.0,1.0,158.88,3
2829,1,10.0,Mobile Phone,3,16.0,Credit Card,Male,4.0,5.0,Fashion,2,Single,3.0,0,17.0,1.0,5.0,3.0,221.19,3
2830,1,1.0,Mobile Phone,2,13.0,UPI,Male,4.0,4.0,Mobile Phone,5,Married,6.0,1,23.0,2.0,2.0,3.0,145.73,3
2831,1,1.0,Computer,1,13.0,Debit Card,Female,4.0,5.0,Mobile Phone,2,Single,3.0,1,19.0,2.0,2.0,1.0,154.26,3
2832,1,1.0,Mobile Phone,3,12.0,E wallet,Male,3.0,5.0,Laptop & Accessory,3,Single,3.0,1,12.0,2.0,2.0,4.0,182.44,3
2833,1,1.0,Computer,1,14.0,Debit Card,Male,4.0,5.5,Laptop & Accessory,3,Single,3.0,1,25.0,2.0,2.0,7.0,185.74,3
2834,1,20.0,Mobile Phone,1,21.0,Debit Card,Female,4.0,4.0,Mobile Phone,4,Divorced,11.0,1,19.0,2.0,5.0,4.0,174.63,1
2835,1,1.0,Mobile Phone,3,13.0,Debit Card,Male,4.0,5.5,Laptop & Accessory,3,Divorced,6.0,1,19.0,3.5,6.0,8.0,186.72,0
2836,1,21.0,Mobile Phone,1,30.0,Credit Card,Female,4.0,4.0,Fashion,2,Divorced,3.0,0,13.0,3.5,6.0,3.0,228.12,0
2837,1,1.0,Mobile Phone,3,29.0,E wallet,Male,3.0,4.0,Mobile Phone,3,Single,3.0,1,20.0,1.0,2.0,1.0,141.75,3
2838,1,1.0,Mobile Phone,3,27.0,Debit Card,Female,4.0,5.5,Laptop & Accessory,3,Divorced,5.0,1,12.0,2.0,3.0,3.0,170.59,3
2839,1,15.0,Computer,1,15.0,Debit Card,Male,3.0,5.5,Fashion,2,Single,4.0,0,16.0,1.0,2.0,4.0,231.5,1
2840,1,1.0,Mobile Phone,1,16.0,Credit Card,Female,3.0,4.0,Mobile Phone,5,Single,9.0,0,23.0,2.0,2.0,5.0,167.0,3
2841,0,9.0,Mobile Phone,3,7.0,E wallet,Male,4.0,4.0,Fashion,4,Divorced,3.0,0,14.0,2.0,2.0,7.0,197.95,1
2842,0,27.0,Mobile Phone,3,13.0,E wallet,Male,3.0,4.0,Laptop & Accessory,3,Divorced,4.0,1,21.0,1.0,5.0,6.0,148.06,1
2843,0,19.0,Mobile Phone,1,16.0,Debit Card,Male,3.0,4.0,Laptop & Accessory,4,Married,10.0,0,19.0,2.0,2.0,14.5,148.48,1
2844,0,6.0,Computer,3,15.0,E wallet,Female,3.0,4.0,Fashion,2,Single,3.0,0,15.0,3.0,4.0,3.0,214.98,0
2845,0,3.0,Computer,1,7.0,Cash on Delivery,Male,3.0,4.0,Laptop & Accessory,3,Divorced,3.0,0,14.0,1.0,2.0,10.0,168.19,3
2846,0,1.0,Mobile Phone,1,14.0,Credit Card,Male,3.0,5.0,Laptop & Accessory,3,Divorced,4.0,0,18.0,2.0,2.0,1.0,186.32,3
2847,0,30.0,Mobile Phone,1,16.0,Credit Card,Female,4.0,5.0,Mobile Phone,4,Divorced,6.0,1,21.0,2.0,2.0,1.0,158.46,1
2848,0,14.0,Mobile Phone,3,11.0,E wallet,Male,4.0,5.0,Fashion,2,Divorced,9.0,0,12.0,3.0,2.0,12.0,233.55,1
2849,0,8.0,Computer,3,9.0,E wallet,Female,4.0,4.0,Mobile Phone,3,Divorced,8.0,0,19.0,2.0,2.0,3.0,147.31,3
2850,0,1.0,Mobile Phone,1,26.0,Credit Card,Male,4.0,4.0,Mobile Phone,2,Divorced,3.0,0,25.0,1.0,3.0,3.0,148.23,3
2851,0,1.0,Computer,1,16.0,Credit Card,Male,3.0,4.0,Mobile Phone,4,Married,8.0,0,19.0,1.0,3.0,3.0,145.24,3
2852,0,2.0,Mobile Phone,1,28.0,Credit Card,Male,3.0,4.0,Mobile Phone,2,Divorced,3.0,0,12.0,1.0,2.0,3.0,152.13,3
2853,0,30.0,Mobile Phone,1,31.0,Debit Card,Male,3.0,3.0,Fashion,2,Married,5.0,1,17.0,2.0,2.0,3.0,219.39,1
2854,0,1.0,Computer,1,10.0,Credit Card,Male,4.0,5.0,Mobile Phone,3,Married,3.0,1,16.0,1.0,2.0,2.0,150.66,3
2855,0,24.0,Mobile Phone,1,18.0,Debit Card,Female,3.0,4.0,Others,4,Single,5.0,0,16.0,3.0,5.0,5.0,272.32625,0
2856,0,15.0,Mobile Phone,1,21.0,Debit Card,Male,3.0,4.0,Mobile Phone,3,Married,6.0,0,13.0,2.0,2.0,9.0,149.51,3
2857,0,4.0,Mobile Phone,3,12.0,Debit Card,Female,3.0,4.0,Fashion,2,Divorced,4.0,0,13.0,3.0,6.0,3.0,219.19,0
2858,0,12.0,Mobile Phone,3,7.0,Debit Card,Female,3.0,5.0,Laptop & Accessory,2,Single,6.0,0,23.0,2.0,2.0,3.0,211.86,3
2859,0,6.0,Mobile Phone,1,13.0,Debit Card,Male,3.0,4.0,Mobile Phone,3,Single,5.0,0,21.0,1.0,2.0,5.0,155.38,3
2860,0,1.0,Mobile Phone,1,24.0,Cash on Delivery,Male,3.0,4.0,Mobile Phone,4,Divorced,2.0,1,17.0,2.0,2.0,2.0,155.58,3
2861,1,1.0,Computer,3,7.0,Cash on Delivery,Female,4.0,5.5,Mobile Phone,5,Single,2.0,0,22.0,2.0,2.0,1.0,148.25,3
2862,0,10.0,Computer,1,10.0,Credit Card,Male,2.0,4.0,Mobile Phone,4,Single,6.0,0,13.0,3.5,6.0,3.0,145.88,0
2863,0,4.0,Computer,1,16.0,Credit Card,Male,4.0,4.0,Laptop & Accessory,5,Married,3.0,0,12.0,1.0,6.0,11.0,155.72,0
2864,0,19.0,Mobile Phone,3,11.0,Debit Card,Female,2.0,4.0,Laptop & Accessory,5,Married,6.0,1,12.0,1.0,2.0,4.0,175.06,1
2865,0,30.0,Mobile Phone,1,15.0,Debit Card,Female,4.0,4.0,Mobile Phone,5,Married,6.0,1,19.0,2.0,3.0,3.0,167.57,1
2866,0,7.0,Mobile Phone,1,9.0,Debit Card,Male,3.0,4.0,Mobile Phone,2,Single,2.0,0,15.0,1.0,2.0,3.0,150.0,3
2867,1,1.0,Mobile Phone,1,9.0,Debit Card,Male,3.0,5.0,Mobile Phone,2,Single,3.0,0,23.0,1.0,2.0,1.0,136.02,3
2868,0,20.0,Mobile Phone,3,7.0,E wallet,Female,4.0,4.0,Fashion,5,Married,3.0,0,25.5,3.5,6.0,3.0,229.53,0
2869,0,12.0,Mobile Phone,1,16.0,Debit Card,Female,4.0,4.0,Mobile Phone,2,Single,3.0,0,13.0,2.0,3.0,2.0,147.88,3
2870,0,5.0,Mobile Phone,1,19.0,Credit Card,Female,4.0,4.0,Mobile Phone,2,Divorced,10.0,1,24.0,2.0,2.0,3.0,164.29,3
2871,0,8.0,Mobile Phone,1,34.0,Credit Card,Female,4.0,4.0,Mobile Phone,4,Single,4.0,0,16.0,2.0,2.0,3.0,148.11,3
2872,1,5.0,Mobile Phone,3,27.0,E wallet,Female,4.0,4.0,Mobile Phone,4,Single,3.0,1,23.0,1.0,2.0,3.0,156.4,3
2873,0,24.0,Mobile Phone,1,7.0,Credit Card,Male,3.0,5.0,Mobile Phone,3,Divorced,4.0,0,16.0,1.0,2.0,3.0,161.9,3
2874,0,27.0,Mobile Phone,1,20.0,Credit Card,Female,3.0,3.0,Laptop & Accessory,5,Married,3.0,0,12.0,2.0,2.0,4.0,169.5,1
2875,0,7.0,Mobile Phone,1,21.0,Credit Card,Female,4.0,4.0,Mobile Phone,4,Divorced,3.0,0,14.0,1.0,2.0,7.0,152.56,3
2876,0,14.0,Mobile Phone,1,11.0,Credit Card,Female,3.0,4.0,Others,3,Divorced,3.0,0,15.0,1.0,6.0,10.0,272.32625,0
2877,0,29.0,Mobile Phone,1,21.0,Credit Card,Male,4.0,3.0,Others,4,Single,10.0,0,15.0,1.0,3.0,14.5,272.32625,1
2878,0,8.0,Computer,1,9.0,Debit Card,Male,3.0,5.0,Laptop & Accessory,3,Divorced,3.0,0,18.0,1.0,2.0,3.0,220.47,3
2879,0,25.0,Mobile Phone,1,10.0,Credit Card,Female,4.0,4.0,Grocery,4,Single,5.0,0,19.0,1.0,2.0,1.0,262.34,1
2880,0,26.0,Mobile Phone,1,7.0,Debit Card,Male,4.0,5.0,Others,3,Divorced,2.0,0,15.0,2.0,6.0,10.0,272.32625,0
2881,0,1.0,Mobile Phone,1,16.0,Credit Card,Female,3.0,4.0,Mobile Phone,4,Single,3.0,0,17.0,2.0,2.0,4.0,147.79,3
2882,1,1.0,Mobile Phone,1,30.0,Debit Card,Male,3.0,5.0,Laptop & Accessory,3,Divorced,5.0,1,14.0,2.0,2.0,2.0,184.16,3
2883,0,17.0,Computer,1,14.0,Credit Card,Male,3.0,3.0,Mobile Phone,2,Married,6.0,0,15.0,1.0,3.0,3.0,145.89,2
2884,0,19.0,Computer,1,9.0,Credit Card,Male,4.0,5.0,Grocery,2,Divorced,11.0,0,15.0,3.5,6.0,9.0,272.32625,0
2885,0,11.0,Mobile Phone,1,28.0,Debit Card,Male,4.0,3.0,Mobile Phone,5,Divorced,3.0,1,13.0,1.0,2.0,8.0,160.64,3
2886,0,9.0,Computer,1,9.0,Credit Card,Female,3.0,4.0,Laptop & Accessory,4,Single,7.0,0,12.0,2.0,2.0,3.0,169.25,3
2887,0,16.0,Computer,1,28.0,Credit Card,Female,3.0,4.0,Laptop & Accessory,3,Married,4.0,0,17.0,1.0,2.0,3.0,177.65,3
2888,0,12.0,Mobile Phone,1,9.0,Debit Card,Male,3.0,4.0,Laptop & Accessory,3,Divorced,11.0,0,15.0,1.0,2.0,1.0,190.53,1
2889,0,12.0,Mobile Phone,1,36.0,Cash on Delivery,Male,3.0,4.0,Laptop & Accessory,2,Divorced,5.0,0,19.0,1.0,2.0,8.0,187.61,1
2890,0,1.0,Computer,1,7.0,Cash on Delivery,Male,3.0,5.0,Laptop & Accessory,5,Divorced,7.0,0,20.0,1.0,3.0,1.0,167.98,3
2891,0,23.0,Computer,1,25.0,Debit Card,Male,4.0,4.0,Laptop & Accessory,2,Married,3.0,1,16.0,1.0,2.0,8.0,193.04,1
2892,0,8.0,Computer,1,17.0,Credit Card,Male,3.0,4.0,Mobile Phone,3,Married,3.0,1,18.0,3.0,3.0,1.0,163.15,3
2893,0,14.0,Mobile Phone,1,26.0,Credit Card,Male,3.0,4.0,Laptop & Accessory,2,Divorced,10.0,1,16.0,2.0,4.0,8.0,152.41,1
2894,1,2.0,Mobile Phone,1,36.0,Credit Card,Male,4.0,4.0,Laptop & Accessory,5,Divorced,9.0,1,20.0,1.0,2.0,1.0,191.73,3
2895,1,1.0,Mobile Phone,3,34.0,E wallet,Female,3.0,4.0,Fashion,2,Divorced,3.0,0,23.0,2.0,2.0,10.0,201.39,0
2896,0,1.0,Mobile Phone,1,12.0,Debit Card,Male,3.0,3.0,Mobile Phone,4,Married,3.0,1,17.0,1.0,3.0,3.0,148.28,2
2897,0,10.0,Computer,1,25.0,Credit Card,Female,4.0,4.0,Mobile Phone,2,Single,3.0,0,14.0,2.0,2.0,8.0,146.53,3
2898,0,14.0,Computer,1,16.0,Debit Card,Male,4.0,5.0,Laptop & Accessory,2,Divorced,11.0,0,15.0,2.0,2.0,3.0,173.76,3
2899,0,20.0,Mobile Phone,1,7.0,Credit Card,Male,4.0,4.0,Fashion,5,Married,9.0,0,17.0,1.0,2.0,3.0,218.96,1
2900,1,1.0,Mobile Phone,3,11.0,Credit Card,Male,3.0,5.5,Fashion,2,Divorced,3.0,0,12.0,3.5,6.0,3.0,229.0,0
2901,0,4.0,Computer,1,7.0,Debit Card,Male,3.0,5.0,Fashion,3,Single,3.0,0,23.0,3.0,6.0,3.0,209.74,0
2902,0,1.0,Computer,3,27.0,Debit Card,Female,3.0,4.0,Laptop & Accessory,3,Single,3.0,0,15.0,2.0,2.0,3.0,224.81,3
2903,0,25.0,Mobile Phone,1,15.0,Debit Card,Male,3.0,5.0,Fashion,4,Divorced,7.0,0,17.0,2.0,2.0,8.0,249.89999999999998,1
2904,1,1.0,Mobile Phone,1,10.0,Cash on Delivery,Female,3.0,4.0,Mobile Phone,5,Single,7.0,1,12.0,2.0,2.0,5.0,151.57,3
2905,0,15.0,Mobile Phone,3,13.0,Debit Card,Female,4.0,4.0,Fashion,2,Single,5.0,1,19.0,1.0,2.0,1.0,260.91,1
2906,1,1.0,Computer,3,33.0,E wallet,Female,3.0,5.0,Laptop & Accessory,5,Single,7.0,0,16.0,1.0,2.0,2.0,191.96,3
2907,1,1.0,Mobile Phone,1,7.0,Cash on Delivery,Male,3.0,4.0,Mobile Phone,3,Single,2.0,0,15.0,1.0,2.0,6.0,145.58,3
2908,0,19.0,Computer,3,13.0,Credit Card,Female,3.0,5.0,Fashion,2,Single,8.0,0,13.0,3.5,6.0,3.0,213.65,0
2909,0,28.0,Mobile Phone,3,10.0,E wallet,Female,3.0,4.0,Laptop & Accessory,5,Divorced,4.0,0,15.0,2.0,2.0,6.0,184.4,1
2910,0,10.0,Mobile Phone,1,12.0,Debit Card,Male,4.0,4.0,Laptop & Accessory,4,Single,10.0,0,17.0,1.0,4.0,8.0,184.14,3
2911,0,7.0,Mobile Phone,1,11.0,Credit Card,Female,3.0,5.0,Mobile Phone,4,Divorced,8.0,0,22.0,1.0,2.0,2.0,151.22,3
2912,0,11.0,Computer,1,18.0,UPI,Male,3.0,4.0,Fashion,2,Married,3.0,1,15.0,1.0,2.0,8.0,246.85000000000002,1
2913,0,12.0,Mobile Phone,3,10.0,Debit Card,Male,4.0,4.0,Fashion,3,Married,2.0,0,13.0,2.0,6.0,3.0,231.08999999999997,0
2914,0,5.0,Computer,1,7.0,Credit Card,Male,3.0,5.5,Laptop & Accessory,3,Divorced,2.0,0,13.0,2.0,2.0,5.0,168.45,3
2915,0,30.0,Mobile Phone,1,10.0,Debit Card,Male,4.0,5.0,Mobile Phone,2,Divorced,5.0,0,18.0,1.0,2.0,1.0,146.77,3
2916,0,11.0,Computer,3,11.0,E wallet,Male,3.0,4.0,Mobile Phone,2,Married,6.0,0,18.0,2.0,6.0,9.0,69.83625,0
2917,0,3.0,Computer,3,7.0,Credit Card,Female,3.0,4.0,Fashion,2,Divorced,3.0,0,15.0,3.5,5.0,2.0,204.18,0
2918,0,9.0,Computer,3,7.0,E wallet,Female,4.0,4.0,Fashion,3,Single,3.0,0,15.0,2.0,2.0,3.0,212.89,3
2919,1,1.0,Mobile Phone,1,25.0,Credit Card,Male,3.0,5.0,Mobile Phone,2,Single,3.0,1,14.0,1.0,2.0,2.0,148.89,3
2920,0,26.0,Mobile Phone,1,9.0,Debit Card,Female,3.0,5.0,Mobile Phone,2,Single,9.0,0,16.0,1.0,3.0,3.0,157.12,1
2921,0,16.0,Mobile Phone,1,11.0,Cash on Delivery,Male,3.0,4.0,Others,2,Divorced,3.0,0,15.0,1.0,6.0,14.5,272.32625,0
2922,0,30.0,Mobile Phone,2,13.0,Credit Card,Male,3.0,4.0,Mobile Phone,3,Divorced,10.0,0,18.0,3.0,3.0,3.0,147.67,1
2923,0,24.0,Mobile Phone,3,7.0,Credit Card,Female,4.0,4.0,Others,2,Married,5.0,0,15.0,2.0,2.0,7.0,272.32625,1
2924,1,1.0,Mobile Phone,1,21.0,Credit Card,Male,3.0,4.0,Mobile Phone,2,Divorced,7.0,1,14.0,1.0,2.0,5.0,149.36,3
2925,0,17.0,Mobile Phone,3,23.0,E wallet,Female,4.0,4.0,Grocery,2,Divorced,7.0,1,23.0,1.0,2.0,10.0,272.32625,1
2926,1,1.0,Mobile Phone,1,9.0,Debit Card,Female,3.0,4.0,Mobile Phone,5,Divorced,9.0,0,21.0,2.0,2.0,8.0,152.07,3
2927,0,26.0,Computer,3,9.0,Debit Card,Male,4.0,5.0,Others,3,Single,3.0,1,15.0,3.5,6.0,13.0,272.32625,0
2928,0,6.0,Mobile Phone,3,11.0,Debit Card,Female,3.0,4.0,Mobile Phone,4,Divorced,4.0,0,12.0,2.0,2.0,3.0,164.31,3
2929,1,1.0,Mobile Phone,1,7.0,Debit Card,Male,4.0,5.0,Mobile Phone,3,Single,2.0,1,15.0,2.0,2.0,3.0,162.3,3
2930,0,13.0,Mobile Phone,1,7.0,Credit Card,Female,4.0,4.0,Mobile Phone,3,Married,9.0,0,15.0,1.0,2.0,3.0,147.32,3
2931,0,6.0,Computer,3,33.0,E wallet,Male,4.0,4.0,Laptop & Accessory,2,Divorced,2.0,0,19.0,2.0,3.0,3.0,169.65,3
2932,0,15.0,Mobile Phone,1,26.0,Debit Card,Male,3.0,4.0,Laptop & Accessory,5,Married,4.0,0,17.0,2.0,2.0,1.0,155.72,3
2933,0,14.0,Mobile Phone,1,31.0,Cash on Delivery,Male,4.0,4.0,Laptop & Accessory,2,Married,3.0,0,18.0,3.0,5.0,8.0,158.19,0
2934,0,19.0,Mobile Phone,1,7.0,UPI,Male,4.0,3.0,Others,2,Divorced,2.0,0,15.0,2.0,2.0,8.0,272.32625,1
2935,0,5.0,Computer,1,10.0,Credit Card,Male,4.0,4.0,Fashion,3,Married,11.0,0,13.0,1.0,3.0,3.0,261.75,1
2936,0,7.0,Mobile Phone,1,12.0,Debit Card,Female,4.0,5.0,Mobile Phone,2,Divorced,3.0,0,14.0,1.0,2.0,3.0,154.11,3
2937,0,8.0,Mobile Phone,1,9.0,Debit Card,Male,3.0,5.0,Laptop & Accessory,5,Divorced,8.0,0,14.0,1.0,6.0,10.0,184.57,0
2938,0,11.0,Mobile Phone,1,7.0,Credit Card,Female,3.0,5.0,Mobile Phone,5,Divorced,4.0,0,15.0,2.0,2.0,3.0,164.2,3
2939,0,19.0,Computer,1,14.0,Debit Card,Male,4.0,3.0,Laptop & Accessory,3,Divorced,6.0,0,18.0,1.0,2.0,3.0,189.34,1
2940,1,1.0,Computer,1,17.0,Credit Card,Male,4.0,4.0,Fashion,3,Married,8.0,0,12.0,2.0,2.0,3.0,225.48,3
2941,0,13.0,Computer,1,9.0,Cash on Delivery,Female,4.0,4.0,Fashion,3,Single,2.0,0,25.5,3.5,2.0,9.0,234.38,0
2942,0,3.0,Mobile Phone,1,22.0,Debit Card,Male,3.0,4.0,Mobile Phone,2,Single,3.0,0,20.0,1.0,2.0,6.0,148.4,3
2943,0,16.0,Mobile Phone,1,24.0,Debit Card,Female,3.0,3.0,Laptop & Accessory,5,Single,5.0,1,14.0,1.0,2.0,3.0,190.45,1
2944,0,3.0,Mobile Phone,3,27.0,E wallet,Male,3.0,4.0,Laptop & Accessory,2,Married,4.0,0,15.0,2.0,2.0,3.0,194.31,3
2945,0,1.0,Mobile Phone,1,7.0,Debit Card,Female,4.0,4.0,Laptop & Accessory,3,Divorced,2.0,0,13.0,2.0,2.0,3.0,173.98,3
2946,0,16.0,Mobile Phone,1,9.0,Credit Card,Female,3.0,5.0,Mobile Phone,5,Married,2.0,1,12.0,3.5,6.0,9.0,150.93,0
2947,0,14.0,Mobile Phone,1,9.0,Credit Card,Male,3.0,4.0,Others,3,Married,2.0,0,15.0,1.0,4.0,10.0,272.32625,0
2948,0,25.0,Mobile Phone,1,7.0,Debit Card,Male,4.0,4.0,Mobile Phone,2,Divorced,3.0,0,12.0,2.0,2.0,1.0,152.23,3
2949,1,1.0,Computer,1,36.0,Credit Card,Male,4.0,5.0,Mobile Phone,4,Single,2.0,0,12.0,2.0,2.0,5.0,159.79,3
2950,0,6.0,Computer,1,14.0,Debit Card,Male,4.0,3.0,Mobile Phone,4,Divorced,3.0,0,21.0,1.0,2.0,4.0,152.94,3
2951,0,12.0,Computer,3,9.0,Debit Card,Male,3.0,5.0,Laptop & Accessory,2,Divorced,5.0,0,19.0,3.5,6.0,6.0,177.49,0
2952,0,6.0,Mobile Phone,1,9.0,Cash on Delivery,Male,3.0,5.0,Laptop & Accessory,5,Single,6.0,0,14.0,1.0,2.0,5.0,146.76,3
2953,0,20.0,Mobile Phone,3,9.0,Cash on Delivery,Female,4.0,5.5,Grocery,4,Divorced,5.0,1,15.0,3.5,6.0,8.0,272.32625,0
2954,1,1.0,Mobile Phone,1,9.0,Debit Card,Male,4.0,4.0,Mobile Phone,3,Single,4.0,0,12.0,2.0,2.0,1.0,159.85,3
2955,0,3.0,Mobile Phone,3,9.0,Credit Card,Male,4.0,5.0,Laptop & Accessory,4,Divorced,4.0,0,20.0,1.0,2.0,1.0,191.44,3
2956,0,5.0,Mobile Phone,1,30.0,Credit Card,Male,4.0,5.0,Laptop & Accessory,2,Divorced,2.0,0,22.0,2.0,6.0,9.0,180.82,0
2957,0,1.0,Computer,1,12.0,Debit Card,Male,3.0,3.0,Laptop & Accessory,5,Married,3.0,0,13.0,2.0,2.0,6.0,165.0,3
2958,0,19.0,Mobile Phone,1,27.0,Credit Card,Male,4.0,4.0,Grocery,2,Divorced,2.0,1,15.0,1.0,2.0,11.0,259.96,1
2959,0,10.0,Mobile Phone,1,13.0,Debit Card,Male,3.0,4.0,Mobile Phone,2,Divorced,2.0,0,12.0,3.5,6.0,12.0,157.1,0
2960,0,29.0,Mobile Phone,1,7.0,Credit Card,Male,3.0,4.0,Others,5,Single,2.0,1,15.0,3.5,5.0,14.0,272.32625,0
2961,1,11.0,Computer,1,36.0,Debit Card,Male,3.0,4.0,Fashion,4,Divorced,3.0,1,13.0,3.5,2.0,10.0,243.49,0
2962,0,2.0,Mobile Phone,1,16.0,Credit Card,Male,4.0,4.0,Mobile Phone,2,Divorced,3.0,0,24.0,2.0,2.0,5.0,145.7,3
2963,0,11.0,Mobile Phone,3,13.0,Credit Card,Male,4.0,4.0,Laptop & Accessory,2,Divorced,6.0,0,15.0,1.0,2.0,2.0,190.02,3
2964,0,1.0,Mobile Phone,1,10.0,Credit Card,Male,4.0,5.0,Mobile Phone,3,Single,3.0,0,18.0,2.0,2.0,1.0,157.3,3
2965,0,11.0,Computer,1,7.0,Credit Card,Female,1.0,4.0,Fashion,2,Married,4.0,1,19.0,1.0,2.0,3.0,261.03,1
2966,0,3.0,Mobile Phone,1,29.0,Debit Card,Female,4.0,3.0,Fashion,4,Married,9.0,0,19.0,3.5,2.0,3.0,244.95999999999998,1
2967,0,12.0,Mobile Phone,3,14.0,Credit Card,Female,3.0,3.0,Laptop & Accessory,5,Married,3.0,1,25.0,1.0,6.0,8.0,181.05,0
2968,0,1.0,Computer,1,7.0,Debit Card,Female,3.0,4.0,Laptop & Accessory,4,Married,3.0,0,21.0,1.0,2.0,5.0,188.97,3
2969,0,24.0,Mobile Phone,1,11.0,Debit Card,Male,4.0,4.0,Others,4,Married,5.0,0,15.0,2.0,2.0,7.0,272.32625,1
2970,0,27.0,Mobile Phone,1,10.0,Credit Card,Male,3.0,4.0,Grocery,3,Divorced,5.0,1,15.0,1.0,2.0,4.0,272.32625,1
2971,0,16.0,Mobile Phone,3,7.0,Debit Card,Male,3.0,4.0,Laptop & Accessory,3,Divorced,3.0,0,25.5,3.5,6.0,7.0,174.07,0
2972,0,3.0,Computer,3,9.0,Debit Card,Male,3.0,4.0,Laptop & Accessory,2,Single,3.0,0,19.0,1.0,2.0,10.0,170.54,3
2973,0,29.0,Mobile Phone,1,27.0,Cash on Delivery,Male,3.0,4.0,Laptop & Accessory,2,Divorced,5.0,1,20.0,2.0,2.0,9.0,179.15,1
2974,0,1.0,Computer,1,18.0,Credit Card,Male,3.0,4.0,Laptop & Accessory,5,Divorced,3.0,1,14.0,3.0,4.0,4.0,172.41,0
2975,0,11.0,Mobile Phone,1,7.0,Debit Card,Female,3.0,4.0,Mobile Phone,2,Single,3.0,0,13.0,2.0,6.0,8.0,146.15,0
2976,1,8.0,Computer,1,31.0,Debit Card,Male,3.0,4.0,Mobile Phone,3,Married,5.0,1,23.0,1.0,2.0,1.0,156.61,3
2977,0,12.0,Mobile Phone,1,30.0,Debit Card,Male,3.0,4.0,Laptop & Accessory,2,Married,11.0,0,15.0,1.0,2.0,3.0,182.45,1
2978,1,1.0,Mobile Phone,1,23.0,Credit Card,Male,3.0,4.0,Mobile Phone,4,Married,4.0,1,14.0,2.0,2.0,3.0,148.73,3
2979,0,2.0,Mobile Phone,1,15.0,Debit Card,Female,4.0,4.0,Mobile Phone,2,Single,3.0,0,22.0,1.0,2.0,3.0,158.1,3
2980,0,23.0,Computer,1,17.0,Debit Card,Female,3.0,4.0,Others,5,Single,11.0,1,15.0,1.0,2.0,3.0,272.32625,1
2981,0,10.0,Mobile Phone,1,10.0,Cash on Delivery,Male,2.0,4.0,Laptop & Accessory,4,Single,6.0,0,13.0,3.5,6.0,8.0,169.85,0
2982,0,5.0,Computer,3,12.0,E wallet,Female,3.0,4.0,Mobile Phone,4,Married,3.0,0,12.0,1.0,3.0,3.0,152.89,3
2983,1,1.0,Mobile Phone,3,11.0,E wallet,Male,3.0,5.0,Laptop & Accessory,2,Single,3.0,1,13.0,3.5,6.0,5.0,183.28,0
2984,0,11.0,Computer,1,16.0,Credit Card,Male,3.0,4.0,Mobile Phone,2,Divorced,3.0,1,13.0,1.0,2.0,3.0,148.26,2
2985,0,16.0,Computer,3,33.0,E wallet,Female,4.0,4.0,Grocery,4,Divorced,7.0,0,15.0,3.0,2.0,9.0,260.25,1
2986,1,1.0,Mobile Phone,1,10.0,Debit Card,Male,3.0,4.0,Mobile Phone,3,Single,3.0,0,14.0,1.0,2.0,1.0,139.2,3
2987,0,9.0,Mobile Phone,3,23.0,E wallet,Male,4.0,4.0,Fashion,4,Divorced,2.0,0,16.0,3.5,6.0,10.0,205.2,0
2988,0,10.0,Computer,1,25.0,Debit Card,Male,3.0,3.0,Mobile Phone,2,Divorced,6.0,0,19.0,1.0,2.0,1.0,161.88,2
2989,0,25.0,Mobile Phone,1,9.0,Credit Card,Male,3.0,5.5,Laptop & Accessory,4,Married,7.0,0,19.0,1.0,2.0,3.0,179.82,1
2990,0,15.0,Mobile Phone,3,9.0,Debit Card,Male,3.0,4.0,Grocery,4,Single,3.0,0,20.0,1.0,2.0,5.0,272.32625,1
2991,0,1.0,Mobile Phone,3,17.0,Credit Card,Female,4.0,5.0,Mobile Phone,3,Single,3.0,0,13.0,2.0,2.0,1.0,137.0,3
2992,0,2.0,Mobile Phone,1,23.0,Credit Card,Male,4.0,3.0,Laptop & Accessory,5,Single,2.0,0,20.0,1.0,2.0,8.0,181.61,3
2993,0,5.0,Mobile Phone,3,14.0,Cash on Delivery,Male,4.0,3.0,Laptop & Accessory,2,Divorced,6.0,0,12.0,3.5,6.0,8.0,194.29,0
2994,0,13.0,Mobile Phone,1,7.0,Credit Card,Male,3.0,3.0,Fashion,2,Married,2.0,0,18.0,3.5,4.0,3.0,221.13,0
2995,0,10.0,Computer,1,31.0,Debit Card,Female,3.0,4.0,Laptop & Accessory,4,Divorced,9.0,0,16.0,1.0,2.0,9.0,181.74,1
2996,0,6.0,Mobile Phone,3,14.0,Debit Card,Male,4.0,5.0,Laptop & Accessory,3,Divorced,3.0,0,15.0,2.0,5.0,9.0,179.84,0
2997,0,12.0,Mobile Phone,1,32.0,Debit Card,Female,3.0,5.0,Fashion,4,Divorced,5.0,0,18.0,2.0,2.0,2.0,245.61,1
2998,0,30.0,Computer,1,7.0,Debit Card,Male,3.0,5.5,Laptop & Accessory,3,Married,4.0,1,14.0,2.0,2.0,3.0,181.6,1
2999,0,5.0,Mobile Phone,1,12.0,Cash on Delivery,Male,3.0,4.0,Mobile Phone,2,Divorced,2.0,1,13.0,1.0,2.0,4.0,173.21,3
3000,0,5.0,Mobile Phone,2,9.0,UPI,Male,4.0,5.0,Laptop & Accessory,5,Divorced,5.0,0,13.0,1.0,2.0,1.0,189.1,3
3001,0,19.0,Computer,1,14.0,Debit Card,Male,4.0,4.0,Fashion,5,Married,3.0,0,19.0,3.5,6.0,12.0,177.1,0
3002,0,5.0,Mobile Phone,1,9.0,Debit Card,Male,3.0,4.0,Mobile Phone,2,Married,2.0,1,19.0,2.0,3.0,3.0,151.95,3
3003,0,7.0,Computer,1,12.0,Debit Card,Female,4.0,4.0,Fashion,4,Divorced,8.0,0,12.0,3.0,2.0,9.0,243.77999999999997,1
3004,0,13.0,Mobile Phone,1,17.0,Credit Card,Male,3.0,4.0,Grocery,5,Divorced,3.0,1,15.0,3.5,6.0,11.0,272.32625,0
3005,0,17.0,Computer,1,17.0,Debit Card,Female,3.0,4.0,Mobile Phone,2,Single,2.0,0,20.0,1.0,2.0,8.0,149.55,3
3006,0,23.0,Mobile Phone,1,7.0,Cash on Delivery,Female,3.0,5.0,Grocery,3,Single,9.0,1,13.0,1.0,2.0,8.0,264.64,1
3007,1,16.0,Mobile Phone,1,15.0,Credit Card,Male,3.0,5.0,Laptop & Accessory,4,Divorced,4.0,0,16.0,3.5,6.0,8.0,174.41,0
3008,0,1.0,Mobile Phone,1,12.0,Debit Card,Female,3.0,4.0,Mobile Phone,4,Single,3.0,1,13.0,1.0,2.0,3.0,149.78,3
3009,0,6.0,Mobile Phone,3,15.0,Cash on Delivery,Female,4.0,5.0,Laptop & Accessory,4,Divorced,3.0,1,12.0,3.5,6.0,10.0,177.28,0
3010,0,1.0,Mobile Phone,3,9.0,Debit Card,Male,4.0,4.0,Laptop & Accessory,3,Single,3.0,1,12.0,2.0,2.0,5.0,169.78,3
3011,0,5.0,Mobile Phone,3,14.0,E wallet,Male,4.0,4.0,Laptop & Accessory,2,Married,6.0,0,13.0,1.0,2.0,8.0,200.47,3
3012,0,6.0,Mobile Phone,1,9.0,Credit Card,Female,4.0,3.0,Laptop & Accessory,2,Single,9.0,0,17.0,2.0,2.0,8.0,175.55,3
3013,1,1.0,Mobile Phone,1,9.0,Credit Card,Male,3.0,5.5,Mobile Phone,2,Divorced,7.0,1,14.0,3.0,3.0,3.0,159.64,3
3014,0,4.0,Mobile Phone,1,35.0,Credit Card,Female,4.0,4.0,Laptop & Accessory,2,Divorced,3.0,0,14.0,1.0,2.0,10.0,182.75,3
3015,0,5.0,Computer,1,14.0,Debit Card,Female,3.0,5.0,Fashion,3,Divorced,3.0,0,25.0,3.5,6.0,3.0,214.43,0
3016,0,13.0,Computer,1,6.0,Credit Card,Male,3.0,5.0,Others,2,Divorced,3.0,0,15.0,3.5,6.0,4.0,272.32625,0
3017,1,3.0,Mobile Phone,3,10.0,Credit Card,Female,3.0,4.0,Laptop & Accessory,3,Divorced,6.0,1,19.0,2.0,2.0,1.0,177.38,3
3018,0,7.0,Computer,3,17.0,E wallet,Male,3.0,5.0,Laptop & Accessory,2,Single,5.0,0,15.0,2.0,2.0,2.0,171.82,3
3019,0,21.0,Mobile Phone,1,12.0,Debit Card,Male,3.0,4.0,Others,3,Divorced,6.0,0,15.0,1.0,2.0,2.0,272.32625,1
3020,0,17.0,Computer,1,17.0,Debit Card,Female,3.0,5.0,Laptop & Accessory,3,Married,3.0,0,12.0,1.0,2.0,1.0,177.57,3
3021,0,1.0,Computer,3,7.0,E wallet,Male,4.0,4.0,Laptop & Accessory,4,Divorced,2.0,1,14.0,1.0,2.0,5.0,188.49,3
3022,0,28.0,Computer,1,27.0,Debit Card,Female,3.0,4.0,Laptop & Accessory,3,Single,5.0,0,13.0,2.0,2.0,4.0,173.69,1
3023,0,17.0,Mobile Phone,1,14.0,Debit Card,Female,3.0,4.0,Fashion,5,Divorced,10.0,0,17.0,2.0,2.0,3.0,224.85,1
3024,0,19.0,Mobile Phone,1,15.0,UPI,Male,4.0,4.0,Laptop & Accessory,2,Divorced,11.0,0,15.0,3.5,6.0,9.0,161.97,0
3025,0,14.0,Mobile Phone,3,7.0,Credit Card,Male,3.0,5.5,Laptop & Accessory,2,Divorced,4.0,1,23.0,2.0,2.0,3.0,199.57,3
3026,1,1.0,Mobile Phone,1,15.0,UPI,Male,4.0,5.5,Mobile Phone,5,Divorced,3.0,1,12.0,2.0,2.0,8.0,146.19,3
3027,0,3.0,Mobile Phone,1,16.0,UPI,Male,2.0,5.0,Mobile Phone,2,Single,2.0,0,18.0,3.0,3.0,3.0,164.83,3
3028,0,4.0,Mobile Phone,3,12.0,E wallet,Female,2.0,5.0,Laptop & Accessory,3,Married,3.0,0,14.0,1.0,2.0,3.0,186.18,3
3029,0,1.0,Mobile Phone,3,15.0,E wallet,Female,3.0,4.0,Laptop & Accessory,4,Divorced,3.0,0,19.0,1.0,2.0,8.0,187.14,3
3030,0,11.0,Mobile Phone,1,12.0,Credit Card,Male,4.0,4.0,Laptop & Accessory,2,Married,9.0,0,17.0,1.0,2.0,5.0,188.47,3
3031,0,12.0,Mobile Phone,1,22.0,Debit Card,Male,4.0,5.0,Fashion,2,Married,2.0,1,15.0,2.0,2.0,10.0,240.10000000000002,1
3032,0,5.0,Mobile Phone,1,14.0,Credit Card,Female,3.0,4.0,Fashion,2,Single,3.0,1,15.0,3.0,5.0,11.0,196.43,0
3033,0,3.0,Mobile Phone,3,17.0,E wallet,Female,3.0,5.0,Laptop & Accessory,4,Married,3.0,1,15.0,1.0,2.0,8.0,207.68,3
3034,0,9.0,Mobile Phone,1,12.0,Cash on Delivery,Male,4.0,4.0,Fashion,4,Single,2.0,0,14.0,1.0,2.0,14.0,205.95,1
3035,0,1.0,Mobile Phone,1,33.0,Debit Card,Male,3.0,4.0,Mobile Phone,2,Married,3.0,0,13.0,2.0,2.0,3.0,154.04,3
3036,0,15.0,Mobile Phone,1,13.0,Credit Card,Male,4.0,5.0,Laptop & Accessory,4,Single,8.0,1,16.0,2.0,2.0,3.0,185.32,3
3037,0,21.0,Computer,3,11.0,Credit Card,Male,3.0,4.0,Laptop & Accessory,3,Single,5.0,0,20.0,1.0,2.0,1.0,154.76,3
3038,0,16.0,Mobile Phone,1,30.0,Debit Card,Female,3.0,4.0,Grocery,2,Single,4.0,0,15.0,1.0,2.0,1.0,272.32625,1
3039,0,3.0,Computer,3,9.0,Debit Card,Male,4.0,4.0,Laptop & Accessory,3,Divorced,3.0,0,15.0,2.0,2.0,3.0,171.49,3
3040,0,16.0,Mobile Phone,2,9.0,Cash on Delivery,Male,3.0,4.0,Mobile Phone,3,Married,2.0,1,12.0,2.0,2.0,1.0,151.96,2
3041,0,6.0,Mobile Phone,1,9.0,Credit Card,Female,4.0,4.0,Mobile Phone,4,Divorced,3.0,0,14.0,1.0,2.0,8.0,148.7,3
3042,0,22.0,Mobile Phone,3,36.0,Credit Card,Female,4.0,4.0,Fashion,3,Divorced,5.0,0,22.0,1.0,2.0,1.0,250.04000000000002,1
3043,0,11.0,Mobile Phone,1,13.0,Credit Card,Male,3.0,3.0,Laptop & Accessory,5,Married,6.0,1,14.0,3.0,6.0,8.0,184.74,0
3044,0,4.0,Computer,3,32.0,Cash on Delivery,Female,3.0,4.0,Laptop & Accessory,3,Divorced,9.0,1,13.0,2.0,3.0,3.0,172.36,3
3045,0,1.0,Mobile Phone,3,7.0,Debit Card,Male,3.0,4.0,Laptop & Accessory,3,Divorced,3.0,0,18.0,3.0,6.0,8.0,177.96,0
3046,0,16.0,Mobile Phone,1,9.0,UPI,Male,4.0,5.0,Laptop & Accessory,2,Single,5.0,0,24.0,1.0,2.0,1.0,192.81,3
3047,1,1.0,Computer,3,7.0,Cash on Delivery,Female,3.0,5.0,Mobile Phone,4,Single,3.0,1,12.0,2.0,2.0,3.0,146.74,3
3048,0,10.0,Computer,3,7.0,Credit Card,Female,3.0,4.0,Laptop & Accessory,2,Single,6.0,0,16.0,2.0,2.0,1.0,191.53,3
3049,0,10.0,Computer,3,10.0,Credit Card,Male,3.0,5.0,Fashion,2,Divorced,6.0,0,12.0,1.0,2.0,3.0,221.99,1
3050,0,30.0,Mobile Phone,1,7.0,Credit Card,Male,3.0,4.0,Laptop & Accessory,3,Divorced,4.0,0,12.0,2.0,2.0,3.0,192.55,1
3051,0,14.0,Mobile Phone,1,17.0,Debit Card,Female,3.0,3.0,Mobile Phone,3,Divorced,5.0,1,14.0,1.0,2.0,8.0,147.13,2
3052,0,1.0,Computer,3,16.0,Credit Card,Male,3.0,4.0,Mobile Phone,2,Single,3.0,0,25.0,1.0,3.0,3.0,151.1,3
3053,1,1.0,Mobile Phone,3,12.0,E wallet,Female,3.0,4.0,Mobile Phone,3,Single,3.0,1,14.0,2.0,2.0,1.0,153.51,3
3054,0,11.0,Mobile Phone,1,17.0,Credit Card,Female,4.0,4.0,Mobile Phone,5,Divorced,8.0,0,21.0,2.0,2.0,4.0,159.52,3
3055,0,20.0,Computer,1,14.0,Credit Card,Female,2.0,4.0,Laptop & Accessory,3,Divorced,4.0,0,15.0,1.0,2.0,1.0,177.58,2
3056,1,5.0,Computer,3,11.0,E wallet,Male,3.0,4.0,Laptop & Accessory,4,Single,3.0,0,19.0,3.5,6.0,3.0,218.55,0
3057,0,24.0,Mobile Phone,1,17.0,Cash on Delivery,Male,4.0,5.0,Fashion,2,Single,8.0,0,16.0,1.0,2.0,3.0,229.96,1
3058,1,4.0,Mobile Phone,3,29.0,E wallet,Male,4.0,5.0,Laptop & Accessory,3,Divorced,4.0,1,13.0,2.0,2.0,1.0,188.8,3
3059,0,5.0,Mobile Phone,1,16.0,Debit Card,Male,3.0,5.0,Mobile Phone,4,Single,2.0,1,17.0,2.0,3.0,3.0,151.57,3
3060,1,1.0,Mobile Phone,3,19.0,Debit Card,Female,3.0,3.0,Mobile Phone,4,Single,3.0,0,16.0,1.0,2.0,1.0,152.16,2
3061,0,3.0,Mobile Phone,1,30.0,Debit Card,Male,3.0,4.0,Mobile Phone,2,Single,11.0,0,17.0,2.0,2.0,3.0,147.01,3
3062,0,9.0,Mobile Phone,1,16.0,Debit Card,Male,4.0,5.0,Laptop & Accessory,4,Single,11.0,0,20.0,2.0,2.0,1.0,190.4,3
3063,0,1.0,Mobile Phone,1,7.0,Credit Card,Male,3.0,4.0,Mobile Phone,4,Married,3.0,0,12.0,1.0,2.0,5.0,163.16,3
3064,0,2.0,Mobile Phone,3,16.0,Debit Card,Male,4.0,4.0,Laptop & Accessory,2,Single,3.0,0,17.0,2.0,2.0,8.0,177.53,3
3065,0,23.0,Mobile Phone,1,14.0,UPI,Male,3.0,5.0,Fashion,3,Single,10.0,0,25.0,2.0,2.0,1.0,170.0,1
3066,0,25.0,Mobile Phone,3,21.0,Debit Card,Female,3.0,4.0,Laptop & Accessory,2,Divorced,6.0,0,12.0,1.0,2.0,8.0,174.36,1
3067,0,10.0,Mobile Phone,1,9.0,Debit Card,Female,4.0,4.0,Mobile Phone,3,Divorced,6.0,0,14.0,2.0,3.0,3.0,150.43,3
3068,1,1.0,Computer,3,26.0,E wallet,Male,4.0,3.0,Laptop & Accessory,2,Single,10.0,1,14.0,2.0,2.0,5.0,178.04,3
3069,0,29.0,Mobile Phone,1,9.0,Debit Card,Female,4.0,4.0,Grocery,2,Single,4.0,1,14.0,1.0,2.0,3.0,272.32625,1
3070,0,1.0,Mobile Phone,3,17.0,E wallet,Female,4.0,4.0,Laptop & Accessory,3,Married,3.0,1,13.0,1.0,2.0,4.0,167.6,3
3071,0,4.0,Mobile Phone,3,9.0,Cash on Delivery,Male,4.0,4.0,Mobile Phone,4,Divorced,3.0,0,19.0,2.0,2.0,1.0,149.76,3
3072,1,1.0,Computer,1,10.0,Cash on Delivery,Male,4.0,4.0,Mobile Phone,5,Single,2.0,0,23.0,1.0,2.0,5.0,156.02,3
3073,0,1.0,Mobile Phone,1,18.0,Credit Card,Female,3.0,4.0,Mobile Phone,4,Divorced,3.0,0,14.0,2.0,2.0,3.0,147.44,3
3074,0,10.0,Mobile Phone,3,9.0,Credit Card,Male,4.0,5.0,Fashion,3,Divorced,3.0,0,14.0,3.5,6.0,1.0,200.96,0
3075,1,1.0,Computer,1,11.0,Cash on Delivery,Male,3.0,4.0,Mobile Phone,2,Single,12.0,1,24.0,2.0,2.0,1.0,147.85,3
3076,0,11.0,Mobile Phone,1,21.0,Debit Card,Female,4.0,4.0,Mobile Phone,5,Married,3.0,0,13.0,3.5,6.0,14.5,155.34,0
3077,0,14.0,Mobile Phone,3,9.0,E wallet,Female,3.0,4.0,Laptop & Accessory,4,Married,9.0,0,13.0,1.0,2.0,4.0,182.15,1
3078,0,16.0,Mobile Phone,1,7.0,Debit Card,Female,4.0,4.0,Mobile Phone,5,Married,5.0,0,17.0,2.0,2.0,3.0,150.76,3
3079,0,11.0,Mobile Phone,1,17.0,Debit Card,Male,3.0,4.0,Laptop & Accessory,4,Single,4.0,1,13.0,1.0,2.0,2.0,166.97,3
3080,0,17.0,Mobile Phone,1,19.0,Debit Card,Male,3.0,5.0,Grocery,4,Married,3.0,0,12.0,1.0,4.0,10.0,268.36,1
3081,0,14.0,Mobile Phone,1,9.0,Credit Card,Female,4.0,5.0,Laptop & Accessory,3,Divorced,8.0,0,23.0,2.0,2.0,1.0,159.48,3
3082,0,28.0,Mobile Phone,1,12.0,Credit Card,Male,3.0,4.0,Others,5,Divorced,6.0,0,15.0,2.0,2.0,3.0,272.32625,1
3083,0,8.0,Computer,3,11.0,E wallet,Female,4.0,4.0,Laptop & Accessory,3,Divorced,11.0,0,16.0,2.0,2.0,3.0,190.38,3
3084,0,5.0,Mobile Phone,1,14.0,Credit Card,Female,3.0,4.0,Laptop & Accessory,5,Divorced,3.0,0,13.0,3.5,4.0,13.0,168.06,0
3085,0,17.0,Computer,1,28.0,Credit Card,Male,4.0,4.0,Mobile Phone,2,Divorced,9.0,0,21.0,1.0,2.0,3.0,147.58,3
3086,0,17.0,Mobile Phone,1,15.0,UPI,Female,4.0,4.0,Laptop & Accessory,3,Married,6.0,1,15.0,1.0,2.0,3.0,170.22,3
3087,0,1.0,Mobile Phone,3,11.0,Debit Card,Female,3.0,5.0,Laptop & Accessory,2,Single,3.0,1,12.0,1.0,2.0,4.0,169.87,3
3088,0,11.0,Computer,1,32.0,Credit Card,Female,4.0,4.0,Laptop & Accessory,3,Divorced,5.0,1,16.0,3.5,6.0,8.0,169.49,0
3089,0,5.0,Mobile Phone,1,7.0,Debit Card,Male,4.0,5.0,Mobile Phone,5,Divorced,3.0,0,13.0,1.0,4.0,3.0,147.18,3
3090,0,13.0,Computer,1,7.0,Debit Card,Male,3.0,4.0,Others,3,Married,3.0,1,15.0,1.0,2.0,7.0,272.32625,1
3091,0,30.0,Computer,3,13.0,Debit Card,Female,3.0,3.0,Grocery,5,Divorced,11.0,0,12.0,3.0,2.0,8.0,257.12,1
3092,0,4.0,Mobile Phone,3,19.0,Cash on Delivery,Female,3.0,4.0,Laptop & Accessory,3,Single,2.0,0,12.0,3.5,5.0,5.0,190.77,0
3093,0,15.0,Mobile Phone,3,7.0,E wallet,Male,3.0,3.0,Fashion,5,Divorced,3.0,0,17.0,2.0,2.0,8.0,208.92,1
3094,0,2.0,Mobile Phone,1,24.0,Credit Card,Male,4.0,4.0,Laptop & Accessory,5,Married,3.0,0,13.0,1.0,2.0,9.0,170.58,3
3095,1,1.0,Mobile Phone,1,10.0,Credit Card,Male,4.0,4.0,Mobile Phone,5,Divorced,7.0,0,14.0,2.0,2.0,3.0,165.31,3
3096,0,26.0,Mobile Phone,1,10.0,Credit Card,Male,3.0,5.0,Fashion,3,Divorced,4.0,1,15.0,1.0,2.0,5.0,204.69,1
3097,0,19.0,Mobile Phone,1,17.0,Debit Card,Male,4.0,4.0,Mobile Phone,2,Divorced,5.0,0,22.0,2.0,2.0,3.0,151.54,3
3098,0,26.0,Mobile Phone,1,11.0,Debit Card,Female,2.0,4.0,Grocery,2,Divorced,4.0,0,14.0,1.0,2.0,5.0,272.32625,1
3099,0,16.0,Computer,1,36.0,Debit Card,Female,4.0,4.0,Laptop & Accessory,3,Married,4.0,0,12.0,2.0,2.0,3.0,170.56,3
3100,0,4.0,Mobile Phone,1,9.0,Debit Card,Female,3.0,5.5,Laptop & Accessory,2,Single,4.0,0,21.0,1.0,2.0,3.0,185.91,3
3101,0,30.0,Mobile Phone,1,14.0,Debit Card,Female,3.0,4.0,Others,5,Divorced,7.0,0,15.0,1.0,6.0,11.0,272.32625,1
3102,0,20.0,Mobile Phone,1,25.0,Credit Card,Female,3.0,4.0,Laptop & Accessory,3,Married,4.0,0,15.0,1.0,2.0,9.0,173.1,1
3103,0,16.0,Computer,1,35.0,Cash on Delivery,Female,3.0,5.0,Laptop & Accessory,2,Divorced,2.0,0,12.0,1.0,2.0,5.0,170.23,3
3104,1,1.0,Mobile Phone,3,7.0,Cash on Delivery,Female,4.0,4.0,Mobile Phone,4,Single,3.0,1,17.0,2.0,2.0,5.0,157.02,3
3105,1,1.0,Computer,3,13.0,E wallet,Female,3.0,5.5,Mobile Phone,3,Married,2.0,0,17.0,2.0,2.0,1.0,148.51,3
3106,0,12.0,Computer,1,9.0,Debit Card,Male,3.0,4.0,Mobile Phone,2,Divorced,3.0,1,24.0,2.0,2.0,1.0,142.02,3
3107,0,14.0,Mobile Phone,3,9.0,Debit Card,Female,4.0,4.0,Others,3,Divorced,2.0,0,15.0,1.0,2.0,13.0,272.32625,1
3108,0,1.0,Mobile Phone,1,30.0,Debit Card,Female,3.0,4.0,Mobile Phone,2,Married,3.0,0,23.0,2.0,2.0,3.0,153.86,3
3109,0,4.0,Computer,1,10.0,Debit Card,Male,3.0,4.0,Mobile Phone,2,Divorced,6.0,0,16.0,1.0,2.0,5.0,145.97,3
3110,0,3.0,Mobile Phone,1,10.0,Credit Card,Male,4.0,5.0,Fashion,3,Divorced,3.0,0,19.0,2.0,2.0,8.0,244.35000000000002,1
3111,1,1.0,Mobile Phone,1,32.0,Cash on Delivery,Female,4.0,5.0,Mobile Phone,4,Divorced,7.0,0,17.0,1.0,2.0,2.0,150.46,3
3112,1,1.0,Mobile Phone,2,9.0,Cash on Delivery,Male,3.0,5.0,Mobile Phone,2,Single,3.0,0,13.0,2.0,2.0,1.0,150.64,3
3113,0,4.0,Computer,3,29.0,UPI,Female,4.0,4.0,Fashion,5,Divorced,2.0,0,12.0,3.0,6.0,9.0,209.12,0
3114,0,30.0,Mobile Phone,3,36.0,E wallet,Male,3.0,5.0,Grocery,2,Married,5.0,0,13.0,1.0,2.0,1.0,266.18,1
3115,0,24.0,Mobile Phone,1,36.0,Debit Card,Male,3.0,5.0,Grocery,3,Divorced,2.0,0,15.0,3.5,6.0,8.0,272.32625,0
3116,0,4.0,Computer,1,9.0,Credit Card,Female,3.0,4.0,Mobile Phone,2,Single,2.0,0,15.0,3.5,6.0,8.0,150.64,0
3117,0,30.0,Computer,3,35.0,E wallet,Female,4.0,5.0,Fashion,5,Divorced,6.0,0,20.0,3.5,6.0,3.0,227.66,0
3118,0,21.0,Mobile Phone,1,9.0,Credit Card,Female,4.0,4.0,Laptop & Accessory,2,Married,7.0,0,14.0,1.0,2.0,5.0,175.7,1
3119,0,20.0,Mobile Phone,1,9.0,Debit Card,Male,3.0,4.0,Grocery,3,Divorced,8.0,0,15.0,1.0,2.0,2.0,272.32625,1
3120,0,9.0,Mobile Phone,1,29.0,Debit Card,Male,3.0,5.5,Mobile Phone,3,Single,2.0,0,16.0,3.0,5.0,4.0,167.3,3
3121,0,28.0,Mobile Phone,1,15.0,Debit Card,Female,3.0,4.0,Laptop & Accessory,3,Single,9.0,0,12.0,2.0,2.0,1.0,162.8,1
3122,0,8.0,Mobile Phone,1,9.0,Debit Card,Male,4.0,5.0,Mobile Phone,3,Married,5.0,0,13.0,3.5,6.0,8.0,152.68,0
3123,0,20.0,Mobile Phone,3,17.0,E wallet,Female,4.0,5.0,Fashion,2,Divorced,4.0,1,20.0,2.0,2.0,3.0,215.71,1
3124,0,5.0,Mobile Phone,1,16.0,Debit Card,Male,3.0,4.0,Fashion,4,Married,3.0,0,25.5,2.0,2.0,9.0,231.48000000000002,1
3125,1,1.0,Mobile Phone,1,22.0,Credit Card,Male,3.0,4.0,Fashion,3,Divorced,9.0,1,13.0,1.0,6.0,8.0,261.1,1
3126,1,1.0,Mobile Phone,1,17.0,Credit Card,Male,3.0,5.5,Mobile Phone,2,Married,9.0,0,14.0,1.0,2.0,4.0,159.08,3
3127,0,4.0,Mobile Phone,3,14.0,E wallet,Male,3.0,4.0,Mobile Phone,4,Single,2.0,0,15.0,2.0,2.0,3.0,154.83,3
3128,0,9.0,Mobile Phone,1,23.0,Debit Card,Male,4.0,4.0,Fashion,3,Divorced,6.0,1,13.0,1.0,2.0,1.0,201.32,1
3129,1,1.0,Computer,1,27.0,Debit Card,Male,4.0,4.0,Fashion,3,Divorced,5.0,0,13.0,2.0,2.0,3.0,223.24,3
3130,1,1.0,Computer,2,30.0,UPI,Female,3.0,4.0,Fashion,5,Married,11.0,1,16.0,2.0,2.0,3.0,224.5,1
3131,0,16.0,Computer,1,12.0,UPI,Male,4.0,4.0,Mobile Phone,3,Divorced,6.0,0,18.0,3.0,3.0,1.0,145.93,3
3132,0,10.0,Computer,3,17.0,Credit Card,Male,3.0,4.0,Fashion,2,Single,3.0,0,15.0,2.0,6.0,3.0,224.8,0
3133,1,1.0,Computer,1,11.0,Cash on Delivery,Male,3.0,5.0,Mobile Phone,3,Single,7.0,0,17.0,2.0,2.0,3.0,163.94,3
3134,0,22.0,Mobile Phone,3,9.0,E wallet,Female,3.0,4.0,Laptop & Accessory,2,Divorced,4.0,0,15.0,3.5,6.0,8.0,165.51,0
3135,0,29.0,Mobile Phone,3,25.0,Debit Card,Female,3.0,4.0,Grocery,4,Single,5.0,0,15.0,1.0,6.0,8.0,272.32625,1
3136,0,15.0,Computer,3,17.0,Debit Card,Male,3.0,4.0,Laptop & Accessory,2,Single,9.0,0,15.0,1.0,2.0,11.0,187.3,1
3137,0,9.0,Mobile Phone,3,7.0,E wallet,Male,3.0,4.0,Laptop & Accessory,3,Divorced,11.0,0,12.0,3.5,6.0,10.0,172.17,0
3138,0,14.0,Mobile Phone,1,13.0,Debit Card,Female,4.0,4.0,Grocery,3,Single,9.0,0,16.0,3.5,2.0,14.0,257.37,1
3139,0,13.0,Computer,1,15.0,Debit Card,Female,3.0,4.0,Mobile Phone,3,Divorced,3.0,0,12.0,1.0,2.0,8.0,162.55,2
3140,0,5.0,Mobile Phone,3,9.0,Debit Card,Male,4.0,4.0,Laptop & Accessory,2,Single,6.0,1,14.0,2.0,2.0,6.0,190.82,3
3141,0,16.0,Mobile Phone,1,31.0,Credit Card,Male,3.0,4.0,Fashion,5,Divorced,3.0,1,22.0,3.5,6.0,9.0,199.06,0
3142,0,19.0,Mobile Phone,3,9.0,UPI,Male,4.0,4.0,Laptop & Accessory,4,Divorced,2.0,0,20.0,3.5,4.0,8.0,173.05,0
3143,1,1.0,Computer,2,24.0,Debit Card,Female,3.0,4.0,Mobile Phone,3,Married,2.0,1,12.0,1.0,2.0,1.0,152.41,3
3144,0,3.0,Mobile Phone,1,26.0,Cash on Delivery,Male,3.0,4.0,Laptop & Accessory,2,Married,6.0,0,13.0,1.0,2.0,3.0,167.62,3
3145,0,7.0,Mobile Phone,1,7.0,Credit Card,Female,4.0,3.0,Grocery,3,Married,6.0,0,20.0,1.0,2.0,6.0,272.32625,1
3146,0,1.0,Mobile Phone,3,14.0,Debit Card,Male,3.0,5.0,Fashion,2,Married,11.0,0,22.0,2.0,2.0,2.0,240.57,1
3147,1,1.0,Computer,3,12.0,E wallet,Male,4.0,4.0,Mobile Phone,4,Single,3.0,1,15.0,2.0,2.0,1.0,143.78,3
3148,0,14.0,Computer,3,35.0,UPI,Male,3.0,5.5,Fashion,5,Married,5.0,0,16.0,2.0,2.0,2.0,234.32,1
3149,0,15.0,Computer,1,9.0,UPI,Female,4.0,5.0,Laptop & Accessory,3,Single,4.0,1,18.0,1.0,2.0,8.0,193.11,3
3150,0,1.0,Mobile Phone,3,36.0,Credit Card,Male,3.0,4.0,Laptop & Accessory,3,Married,7.0,0,13.0,2.0,2.0,1.0,168.06,3
3151,0,9.0,Mobile Phone,3,7.0,Credit Card,Female,4.0,4.0,Laptop & Accessory,3,Single,3.0,0,17.0,1.0,2.0,4.0,173.59,3
3152,0,8.0,Mobile Phone,3,28.0,Debit Card,Male,4.0,3.0,Laptop & Accessory,2,Single,3.0,0,13.0,3.5,6.0,8.0,178.37,0
3153,1,1.0,Mobile Phone,1,31.0,Cash on Delivery,Male,4.0,5.5,Mobile Phone,2,Single,3.0,1,19.0,2.0,2.0,1.0,148.4,3
3154,0,11.0,Mobile Phone,1,7.0,Cash on Delivery,Female,3.0,4.0,Fashion,2,Single,6.0,0,18.0,2.0,2.0,3.0,199.91,1
3155,0,20.0,Computer,1,25.0,Credit Card,Female,3.0,4.0,Fashion,3,Divorced,7.0,0,12.0,2.0,2.0,3.0,230.27,1
3156,0,15.0,Mobile Phone,3,9.0,Debit Card,Female,4.0,4.0,Grocery,5,Divorced,9.0,0,17.0,1.0,6.0,9.0,272.32625,1
3157,0,11.0,Computer,3,16.0,Credit Card,Male,4.0,4.0,Fashion,4,Married,3.0,0,14.0,3.5,6.0,3.0,213.34,0
3158,0,26.0,Mobile Phone,1,13.0,Cash on Delivery,Male,4.0,4.0,Laptop & Accessory,5,Married,5.0,1,13.0,3.0,6.0,10.0,180.77,0
3159,1,1.0,Computer,3,18.0,UPI,Male,3.0,3.0,Laptop & Accessory,3,Divorced,10.0,0,13.0,2.0,2.0,3.0,172.07,3
3160,0,1.0,Computer,3,31.0,Credit Card,Male,3.0,4.0,Mobile Phone,2,Divorced,2.0,0,14.0,1.0,3.0,2.0,149.0,3
3161,0,12.0,Mobile Phone,1,17.0,Credit Card,Female,4.0,4.0,Laptop & Accessory,3,Divorced,5.0,0,20.0,2.0,2.0,3.0,223.24,1
3162,0,11.0,Mobile Phone,1,7.0,Debit Card,Female,4.0,4.0,Laptop & Accessory,4,Divorced,8.0,0,13.0,3.5,5.0,4.0,189.47,0
3163,0,23.0,Mobile Phone,1,25.0,Debit Card,Male,3.0,5.0,Others,3,Married,3.0,1,15.0,1.0,2.0,10.0,272.32625,1
3164,0,1.0,Mobile Phone,1,30.0,Credit Card,Male,3.0,3.0,Mobile Phone,2,Divorced,3.0,1,12.0,1.0,2.0,5.0,152.25,2
3165,0,1.0,Mobile Phone,3,35.0,E wallet,Male,4.0,4.0,Laptop & Accessory,4,Divorced,3.0,0,21.0,2.0,2.0,5.0,187.72,3
3166,0,1.0,Mobile Phone,1,24.0,UPI,Male,4.0,5.0,Mobile Phone,4,Divorced,3.0,0,22.0,2.0,2.0,1.0,146.27,3
3167,0,24.0,Computer,2,10.0,Credit Card,Male,3.0,4.0,Others,4,Divorced,3.0,0,15.0,3.5,6.0,8.0,272.32625,0
3168,0,1.0,Mobile Phone,3,20.0,Credit Card,Male,3.0,4.0,Mobile Phone,3,Divorced,3.0,0,12.0,2.0,2.0,7.0,145.96,3
3169,1,1.0,Computer,1,14.0,Debit Card,Female,3.0,4.0,Mobile Phone,3,Divorced,3.0,1,17.0,1.0,2.0,3.0,153.86,3
3170,1,1.0,Computer,3,19.0,Debit Card,Male,4.0,5.0,Mobile Phone,5,Divorced,3.0,0,19.0,2.0,2.0,1.0,145.33,3
3171,0,8.0,Mobile Phone,1,7.0,Debit Card,Male,3.0,5.0,Mobile Phone,2,Divorced,3.0,1,14.0,1.0,2.0,4.0,161.22,3
3172,1,1.0,Mobile Phone,3,20.0,Credit Card,Male,3.0,4.0,Laptop & Accessory,5,Married,4.0,0,18.0,1.0,2.0,3.0,167.33,3
3173,0,9.0,Mobile Phone,1,32.0,UPI,Male,3.0,5.0,Laptop & Accessory,2,Single,6.0,0,15.0,1.0,2.0,3.0,161.81,3
3174,0,5.0,Mobile Phone,3,13.0,Credit Card,Male,4.0,3.0,Laptop & Accessory,2,Married,6.0,0,23.0,3.5,6.0,8.0,179.6,0
3175,0,1.0,Mobile Phone,1,13.0,Credit Card,Female,4.0,5.0,Mobile Phone,3,Married,2.0,0,13.0,2.0,2.0,4.0,146.87,3
3176,0,11.0,Mobile Phone,3,9.0,E wallet,Male,4.0,4.0,Laptop & Accessory,3,Divorced,6.0,1,12.0,1.0,2.0,3.0,221.02,1
3177,0,1.0,Mobile Phone,1,7.0,Debit Card,Female,3.0,5.0,Mobile Phone,4,Single,3.0,0,14.0,2.0,2.0,1.0,153.36,3
3178,0,16.0,Mobile Phone,1,9.0,Debit Card,Female,3.0,4.0,Laptop & Accessory,2,Divorced,3.0,0,14.0,3.0,3.0,3.0,165.89,0
3179,0,17.0,Mobile Phone,1,13.0,UPI,Male,3.0,5.0,Grocery,2,Married,6.0,1,15.0,1.0,2.0,1.0,272.32625,1
3180,0,12.0,Mobile Phone,1,7.0,Debit Card,Female,3.0,4.0,Mobile Phone,5,Single,5.0,0,18.0,2.0,2.0,1.0,151.19,3
3181,0,17.0,Computer,1,16.0,Credit Card,Male,4.0,4.0,Laptop & Accessory,3,Married,5.0,1,14.0,3.0,5.0,8.0,181.79,0
3182,0,22.0,Mobile Phone,1,7.0,Debit Card,Female,3.0,5.0,Grocery,5,Divorced,9.0,0,12.0,1.0,2.0,3.0,272.32625,1
3183,0,18.0,Mobile Phone,2,7.0,Debit Card,Female,3.0,5.0,Laptop & Accessory,3,Single,6.0,0,12.0,2.0,2.0,3.0,184.85,1
3184,0,8.0,Mobile Phone,3,21.0,Cash on Delivery,Female,3.0,4.0,Mobile Phone,3,Married,3.0,1,19.0,2.0,2.0,7.0,150.79,3
3185,1,1.0,Mobile Phone,3,9.0,E wallet,Male,3.0,4.0,Mobile Phone,5,Married,2.0,0,12.0,1.0,2.0,3.0,155.41,3
3186,0,1.0,Mobile Phone,3,29.0,Cash on Delivery,Male,3.0,4.0,Mobile Phone,3,Single,3.0,0,12.0,2.0,2.0,3.0,159.47,3
3187,0,18.0,Mobile Phone,1,10.0,UPI,Male,3.0,4.0,Others,2,Divorced,6.0,1,15.0,2.0,2.0,2.0,272.32625,1
3188,0,1.0,Mobile Phone,1,13.0,Credit Card,Male,4.0,4.0,Mobile Phone,3,Divorced,2.0,0,21.0,3.0,3.0,3.0,152.73,3
3189,0,7.0,Mobile Phone,3,15.0,E wallet,Male,3.0,4.0,Laptop & Accessory,3,Married,2.0,0,13.0,2.0,2.0,3.0,196.04,3
3190,0,6.0,Mobile Phone,1,16.0,Debit Card,Female,4.0,4.0,Laptop & Accessory,2,Divorced,3.0,1,13.0,2.0,2.0,6.0,188.22,3
3191,0,4.0,Computer,1,10.0,Credit Card,Female,4.0,4.0,Mobile Phone,3,Married,3.0,0,21.0,2.0,2.0,1.0,145.83,3
3192,0,27.0,Mobile Phone,3,7.0,Credit Card,Female,3.0,4.0,Laptop & Accessory,5,Single,9.0,0,21.0,3.5,6.0,11.0,208.81,0
3193,0,8.0,Mobile Phone,1,7.0,Debit Card,Male,3.0,4.0,Mobile Phone,2,Divorced,3.0,0,13.0,3.5,6.0,9.0,151.91,0
3194,1,9.0,Computer,3,33.0,Debit Card,Female,4.0,4.0,Laptop & Accessory,5,Divorced,4.0,0,15.0,1.0,2.0,1.0,167.86,3
3195,0,1.0,Mobile Phone,1,13.0,Debit Card,Female,4.0,4.0,Mobile Phone,2,Divorced,3.0,1,14.0,1.0,2.0,3.0,151.59,3
3196,0,11.0,Mobile Phone,1,10.0,UPI,Male,3.0,4.0,Fashion,3,Divorced,3.0,0,16.0,3.5,6.0,3.0,219.34,0
3197,0,3.0,Mobile Phone,3,10.0,Credit Card,Female,4.0,4.0,Laptop & Accessory,3,Divorced,3.0,0,15.0,1.0,2.0,3.0,180.61,3
3198,0,9.0,Mobile Phone,1,13.0,Debit Card,Male,3.0,5.5,Laptop & Accessory,2,Single,3.0,0,14.0,3.5,6.0,9.0,191.46,0
3199,0,7.0,Computer,1,13.0,Debit Card,Male,2.0,4.0,Laptop & Accessory,2,Married,5.0,0,24.0,3.5,5.0,8.0,202.25,0
3200,0,28.0,Mobile Phone,2,26.0,Credit Card,Male,3.0,4.0,Fashion,4,Divorced,4.0,0,16.0,3.5,2.0,2.0,232.25,1
3201,0,10.0,Mobile Phone,1,16.0,Credit Card,Male,3.0,5.0,Laptop & Accessory,4,Married,4.0,1,12.0,2.0,2.0,3.0,213.47,3
3202,0,1.0,Mobile Phone,1,10.0,Credit Card,Male,3.0,5.0,Mobile Phone,2,Single,2.0,0,14.0,1.0,2.0,2.0,145.45,3
3203,1,1.0,Mobile Phone,1,17.0,Credit Card,Male,3.0,4.0,Mobile Phone,3,Single,3.0,1,12.0,1.0,2.0,2.0,135.09,3
3204,1,1.0,Computer,1,10.0,Debit Card,Male,4.0,4.0,Mobile Phone,5,Single,3.0,1,12.0,3.5,6.0,8.0,158.48,0
3205,0,9.0,Computer,1,10.0,Debit Card,Male,3.0,5.0,Mobile Phone,3,Divorced,3.0,0,19.0,2.0,2.0,1.0,137.81,3
3206,0,1.0,Mobile Phone,1,11.0,Credit Card,Male,3.0,3.0,Mobile Phone,5,Divorced,4.0,0,17.0,1.0,2.0,3.0,153.19,2
3207,0,1.0,Mobile Phone,3,15.0,Debit Card,Male,3.0,3.0,Laptop & Accessory,4,Divorced,2.0,0,23.0,1.0,2.0,3.0,173.51,3
3208,0,12.0,Mobile Phone,3,14.0,E wallet,Female,3.0,5.0,Laptop & Accessory,2,Single,2.0,0,21.0,2.0,2.0,6.0,165.28,3
3209,0,3.0,Computer,1,7.0,Debit Card,Male,4.0,5.5,Mobile Phone,2,Married,3.0,0,19.0,3.0,3.0,9.0,152.2,3
3210,0,22.0,Mobile Phone,3,9.0,E wallet,Male,3.0,3.0,Laptop & Accessory,4,Divorced,5.0,0,13.0,3.0,3.0,3.0,206.2,1
3211,0,1.0,Computer,3,10.0,Credit Card,Female,4.0,3.0,Laptop & Accessory,2,Married,3.0,1,21.0,2.0,2.0,5.0,171.47,3
3212,0,11.0,Mobile Phone,1,17.0,Debit Card,Male,4.0,3.0,Mobile Phone,2,Single,5.0,0,18.0,2.0,2.0,1.0,171.8,3
3213,0,24.0,Mobile Phone,1,35.0,Credit Card,Male,4.0,3.0,Mobile Phone,3,Divorced,3.0,1,12.0,3.5,4.0,9.0,157.21,0
3214,0,8.0,Mobile Phone,1,16.0,Credit Card,Female,3.0,5.0,Fashion,4,Single,3.0,0,15.0,3.5,6.0,3.0,211.21,0
3215,1,1.0,Mobile Phone,3,10.0,Debit Card,Female,4.0,4.0,Laptop & Accessory,3,Single,11.0,0,15.0,2.0,3.0,1.0,170.77,3
3216,0,13.0,Mobile Phone,1,9.0,Cash on Delivery,Female,4.0,5.0,Laptop & Accessory,3,Single,3.0,0,12.0,3.0,6.0,11.0,170.53,0
3217,0,6.0,Mobile Phone,3,17.0,E wallet,Male,3.0,4.0,Laptop & Accessory,2,Single,3.0,0,13.0,1.0,2.0,9.0,178.96,3
3218,1,14.0,Computer,3,15.0,Cash on Delivery,Male,3.0,4.0,Laptop & Accessory,3,Divorced,5.0,1,15.0,2.0,2.0,4.0,192.96,1
3219,0,12.0,Mobile Phone,1,7.0,Debit Card,Female,3.0,3.0,Laptop & Accessory,2,Single,2.0,0,14.0,2.0,2.0,9.0,201.25,0
3220,0,1.0,Mobile Phone,1,7.0,Debit Card,Female,4.0,4.0,Fashion,5,Divorced,3.0,0,12.0,2.0,2.0,8.0,199.12,3
3221,0,6.0,Mobile Phone,1,10.0,Debit Card,Female,3.0,4.0,Fashion,2,Single,5.0,0,16.0,3.5,2.0,8.0,236.58999999999997,0
3222,0,21.0,Mobile Phone,3,21.0,E wallet,Male,3.0,4.0,Laptop & Accessory,5,Single,4.0,0,13.0,1.0,2.0,8.0,174.6,1
3223,0,14.0,Computer,3,12.0,Debit Card,Male,3.0,5.0,Fashion,5,Divorced,7.0,1,22.0,1.0,2.0,3.0,229.75,1
3224,0,27.0,Mobile Phone,1,14.0,Debit Card,Male,3.0,3.0,Grocery,3,Divorced,5.0,0,20.0,1.0,2.0,4.0,272.32625,1
3225,0,15.0,Mobile Phone,2,17.0,UPI,Male,4.0,5.0,Others,2,Married,5.0,0,15.0,3.5,6.0,7.0,272.32625,0
3226,0,30.0,Mobile Phone,3,23.0,E wallet,Male,3.0,4.0,Laptop & Accessory,5,Single,10.0,0,15.0,2.0,3.0,3.0,179.05,1
3227,0,1.0,Computer,1,17.0,Debit Card,Male,3.0,4.0,Fashion,5,Married,3.0,0,22.0,2.0,2.0,3.0,212.93,3
3228,0,15.0,Mobile Phone,2,7.0,UPI,Male,3.0,5.0,Others,3,Divorced,3.0,0,15.0,3.0,3.0,11.0,272.32625,0
3229,0,24.0,Mobile Phone,3,15.0,E wallet,Male,3.0,4.0,Mobile Phone,4,Divorced,9.0,0,16.0,2.0,3.0,3.0,163.75,1
3230,1,1.0,Mobile Phone,1,7.0,Debit Card,Female,4.0,5.5,Mobile Phone,4,Single,9.0,1,14.0,2.0,4.0,8.0,147.16,3
3231,0,10.0,Computer,1,15.0,Debit Card,Female,4.0,3.0,Fashion,5,Divorced,11.0,0,15.0,1.0,2.0,6.0,242.13,1
3232,0,12.0,Mobile Phone,1,7.0,Debit Card,Female,3.0,4.0,Fashion,3,Single,6.0,1,15.0,1.0,2.0,1.0,203.61,1
3233,0,18.0,Computer,1,31.0,Credit Card,Male,3.0,5.5,Mobile Phone,3,Single,4.0,0,15.0,1.0,2.0,5.0,162.08,3
3234,0,21.0,Computer,3,10.0,Credit Card,Female,3.0,4.0,Grocery,3,Married,11.0,1,13.0,1.0,6.0,14.0,262.7,1
3235,0,4.0,Mobile Phone,3,34.0,E wallet,Male,3.0,4.0,Laptop & Accessory,2,Married,9.0,0,24.0,3.5,6.0,8.0,178.04,0
3236,0,3.0,Mobile Phone,3,17.0,Debit Card,Male,3.0,4.0,Mobile Phone,3,Single,3.0,0,12.0,1.0,2.0,1.0,151.42,3
3237,1,6.0,Computer,1,26.0,Credit Card,Male,3.0,3.0,Mobile Phone,3,Married,8.0,1,13.0,3.0,3.0,3.0,152.59,3
3238,0,17.0,Computer,3,22.0,Debit Card,Male,3.0,5.0,Laptop & Accessory,2,Divorced,5.0,0,19.0,1.0,3.0,3.0,193.04,3
3239,0,8.0,Mobile Phone,1,15.0,Credit Card,Female,4.0,4.0,Laptop & Accessory,3,Single,5.0,0,12.0,2.0,5.0,4.0,186.42,3
3240,0,1.0,Mobile Phone,1,16.0,Credit Card,Male,3.0,4.0,Mobile Phone,5,Divorced,3.0,0,15.0,1.0,2.0,3.0,150.0,3
3241,0,13.0,Mobile Phone,2,10.0,UPI,Female,3.0,3.0,Laptop & Accessory,4,Divorced,11.0,0,16.0,3.5,4.0,7.0,188.89,0
3242,0,30.0,Mobile Phone,1,16.0,Credit Card,Male,3.0,4.0,Grocery,2,Divorced,9.0,0,12.0,1.0,2.0,2.0,236.02999999999997,1
3243,0,14.0,Mobile Phone,1,9.0,Credit Card,Female,3.0,5.0,Mobile Phone,2,Single,2.0,1,21.0,3.0,3.0,4.0,148.42,3
3244,0,1.0,Mobile Phone,1,14.0,Credit Card,Female,3.0,5.0,Laptop & Accessory,5,Single,10.0,0,20.0,2.0,2.0,8.0,193.11,3
3245,0,3.0,Mobile Phone,3,17.0,E wallet,Male,3.0,4.0,Mobile Phone,4,Married,3.0,0,15.0,1.0,3.0,3.0,147.97,3
3246,0,27.0,Mobile Phone,1,13.0,Debit Card,Male,3.0,4.0,Laptop & Accessory,2,Single,4.0,0,18.0,2.0,3.0,3.0,149.5,1
3247,0,9.0,Computer,1,9.0,Debit Card,Female,4.0,4.0,Laptop & Accessory,5,Married,4.0,0,12.0,1.0,2.0,1.0,175.93,3
3248,0,6.0,Computer,1,31.0,Debit Card,Male,4.0,4.0,Laptop & Accessory,2,Divorced,3.0,0,16.0,3.0,5.0,8.0,178.09,0
3249,0,12.0,Mobile Phone,1,9.0,Credit Card,Male,4.0,4.0,Mobile Phone,3,Divorced,8.0,1,14.0,1.0,2.0,2.0,155.57,3
3250,0,8.0,Mobile Phone,1,15.0,Debit Card,Female,3.0,4.0,Laptop & Accessory,5,Married,5.0,0,15.0,2.0,2.0,1.0,176.21,3
3251,0,26.0,Mobile Phone,3,10.0,E wallet,Male,3.0,5.0,Grocery,5,Divorced,3.0,0,15.0,2.0,2.0,14.5,272.32625,1
3252,1,1.0,Mobile Phone,1,7.0,UPI,Male,4.0,4.0,Mobile Phone,2,Single,3.0,1,14.0,3.5,6.0,9.0,151.86,0
3253,0,1.0,Mobile Phone,3,33.0,Credit Card,Female,3.0,4.0,Laptop & Accessory,2,Single,3.0,0,24.0,1.0,2.0,5.0,186.8,3
3254,0,19.0,Mobile Phone,3,9.0,Cash on Delivery,Male,3.0,5.5,Laptop & Accessory,3,Single,2.0,0,14.0,1.0,4.0,2.0,191.32,3
3255,0,1.0,Mobile Phone,1,17.0,Credit Card,Male,4.0,3.0,Mobile Phone,3,Single,3.0,0,19.0,2.0,2.0,3.0,160.05,3
3256,1,11.0,Computer,3,34.0,Debit Card,Female,4.0,2.0,Laptop & Accessory,3,Single,6.0,1,13.0,2.0,2.0,4.0,188.97,3
3257,0,8.0,Mobile Phone,3,9.0,UPI,Male,3.0,4.0,Laptop & Accessory,2,Single,3.0,0,23.0,1.0,2.0,5.0,187.74,3
3258,1,19.0,Mobile Phone,1,9.0,Credit Card,Male,4.0,4.0,Others,5,Divorced,7.0,1,14.0,2.0,2.0,5.0,272.32625,1
3259,0,10.0,Computer,3,15.0,Debit Card,Male,4.0,5.0,Fashion,5,Single,3.0,0,16.0,1.0,2.0,10.0,200.87,3
3260,0,26.0,Computer,1,26.0,Credit Card,Male,3.0,4.0,Mobile Phone,2,Divorced,2.0,0,19.0,2.0,2.0,3.0,167.58,1
3261,0,1.0,Computer,1,7.0,Debit Card,Female,4.0,5.5,Mobile Phone,2,Married,5.0,0,15.0,3.0,3.0,1.0,168.64,3
3262,0,3.0,Mobile Phone,1,34.0,Credit Card,Female,4.0,4.0,Laptop & Accessory,3,Divorced,6.0,0,13.0,2.0,2.0,2.0,168.35,3
3263,1,1.0,Mobile Phone,3,15.0,Cash on Delivery,Male,3.0,5.0,Laptop & Accessory,5,Single,8.0,0,18.0,2.0,2.0,3.0,178.26,3
3264,0,8.0,Mobile Phone,1,7.0,Debit Card,Female,4.0,2.0,Mobile Phone,2,Single,4.0,0,17.0,1.0,2.0,4.0,157.8,2
3265,0,28.0,Mobile Phone,1,26.0,Credit Card,Female,4.0,4.0,Laptop & Accessory,5,Married,11.0,1,12.0,1.0,2.0,5.0,179.85,1
3266,0,3.0,Computer,3,6.0,E wallet,Male,3.0,4.0,Laptop & Accessory,2,Divorced,2.0,0,20.0,1.0,2.0,2.0,168.42,3
3267,0,11.0,Mobile Phone,1,17.0,Debit Card,Female,3.0,4.0,Mobile Phone,5,Married,2.0,1,14.0,3.5,5.0,4.0,152.82,0
3268,0,12.0,Computer,1,9.0,Debit Card,Female,4.0,2.0,Laptop & Accessory,5,Single,8.0,1,13.0,3.5,5.0,13.0,184.8,0
3269,0,8.0,Mobile Phone,1,9.0,Credit Card,Female,3.0,5.0,Mobile Phone,5,Single,3.0,0,12.0,2.0,2.0,4.0,168.81,3
3270,0,9.0,Mobile Phone,3,15.0,Debit Card,Female,4.0,4.0,Mobile Phone,2,Divorced,3.0,0,17.0,1.0,2.0,3.0,150.72,3
3271,0,4.0,Mobile Phone,1,7.0,Debit Card,Male,3.0,5.5,Mobile Phone,3,Divorced,5.0,0,22.0,2.0,2.0,3.0,163.33,3
3272,0,14.0,Computer,1,9.0,Credit Card,Female,3.0,2.0,Laptop & Accessory,4,Divorced,3.0,0,25.0,1.0,4.0,8.0,167.44,0
3273,0,8.0,Mobile Phone,3,15.0,Debit Card,Female,4.0,4.0,Laptop & Accessory,5,Divorced,7.0,0,18.0,2.0,2.0,3.0,190.0,3
3274,0,16.0,Computer,1,15.0,Debit Card,Male,4.0,4.0,Others,2,Married,3.0,0,15.0,1.0,6.0,10.0,272.32625,0
3275,1,1.0,Mobile Phone,1,13.0,Debit Card,Male,4.0,2.0,Mobile Phone,5,Divorced,3.0,1,22.0,2.0,2.0,1.0,141.01,3
3276,0,1.0,Computer,1,16.0,Debit Card,Male,3.0,5.0,Mobile Phone,4,Married,3.0,0,12.0,2.0,2.0,1.0,151.94,3
3277,0,26.0,Mobile Phone,1,18.0,Debit Card,Female,3.0,4.0,Laptop & Accessory,3,Divorced,10.0,0,21.0,2.0,2.0,5.0,156.49,1
3278,0,24.0,Mobile Phone,1,9.0,Credit Card,Male,4.0,4.0,Grocery,3,Divorced,7.0,0,15.0,1.0,2.0,4.0,272.32625,1
3279,1,1.0,Mobile Phone,1,7.0,Debit Card,Female,3.0,5.0,Mobile Phone,5,Divorced,3.0,1,12.0,1.0,2.0,1.0,148.19,3
3280,0,7.0,Mobile Phone,1,14.0,Credit Card,Male,3.0,4.0,Fashion,3,Divorced,2.0,0,12.0,1.0,2.0,8.0,241.91000000000003,1
3281,1,1.0,Mobile Phone,3,23.0,E wallet,Female,4.0,4.0,Laptop & Accessory,5,Single,7.0,0,16.0,2.0,2.0,3.0,178.24,3
3282,0,21.0,Mobile Phone,1,9.0,UPI,Female,3.0,4.0,Grocery,2,Divorced,3.0,1,15.0,3.5,4.0,1.0,272.32625,1
3283,0,10.0,Mobile Phone,1,7.0,UPI,Female,3.0,4.0,Laptop & Accessory,4,Divorced,2.0,0,16.0,1.0,2.0,6.0,177.28,3
3284,0,3.0,Mobile Phone,1,30.0,Debit Card,Male,3.0,2.0,Mobile Phone,3,Divorced,3.0,0,25.0,2.0,2.0,8.0,152.0,3
3285,1,21.0,Mobile Phone,1,9.0,Debit Card,Male,3.0,4.0,Others,4,Single,9.0,1,15.0,3.5,6.0,9.0,272.32625,0
3286,0,9.0,Mobile Phone,1,7.0,Debit Card,Female,3.0,2.0,Mobile Phone,3,Single,5.0,0,14.0,1.0,3.0,3.0,150.06,2
3287,0,16.0,Mobile Phone,1,7.0,Debit Card,Female,3.0,5.0,Laptop & Accessory,2,Divorced,11.0,1,14.0,1.0,2.0,3.0,185.62,1
3288,1,1.0,Mobile Phone,1,9.0,Credit Card,Male,3.0,4.0,Mobile Phone,3,Single,8.0,0,18.0,1.0,3.0,2.0,168.82,3
3289,0,10.0,Mobile Phone,2,20.0,UPI,Male,3.0,4.0,Mobile Phone,4,Divorced,5.0,0,14.0,2.0,2.0,5.0,146.43,3
3290,0,6.0,Mobile Phone,1,11.0,Debit Card,Female,4.0,5.0,Laptop & Accessory,3,Divorced,3.0,0,13.0,2.0,6.0,9.0,186.62,0
3291,0,14.0,Computer,1,23.0,Credit Card,Male,3.0,5.0,Laptop & Accessory,3,Single,8.0,0,15.0,2.0,2.0,1.0,175.94,3
3292,0,4.0,Mobile Phone,1,9.0,Credit Card,Female,3.0,5.0,Laptop & Accessory,2,Single,7.0,1,25.0,2.0,2.0,1.0,193.77,3
3293,0,19.0,Mobile Phone,1,9.0,Debit Card,Female,4.0,5.0,Mobile Phone,3,Single,3.0,0,15.0,2.0,2.0,1.0,147.74,3
3294,0,16.0,Mobile Phone,1,36.0,Debit Card,Male,4.0,4.0,Laptop & Accessory,4,Divorced,3.0,0,14.0,3.0,6.0,9.0,169.34,0
3295,0,12.0,Computer,1,19.0,Debit Card,Male,3.0,5.0,Laptop & Accessory,5,Married,4.0,0,16.0,2.0,2.0,3.0,187.88,3
3296,0,8.0,Computer,1,23.0,Debit Card,Female,4.0,5.0,Mobile Phone,2,Single,3.0,0,17.0,2.0,2.0,4.0,150.53,3
3297,1,13.0,Mobile Phone,3,18.0,E wallet,Female,3.0,4.0,Fashion,2,Divorced,3.0,0,19.0,1.0,6.0,8.0,201.54,0
3298,1,19.0,Mobile Phone,3,9.0,Credit Card,Male,3.0,4.0,Laptop & Accessory,2,Single,6.0,0,17.0,1.0,6.0,4.0,176.6,0
3299,0,17.0,Mobile Phone,1,21.0,Debit Card,Male,4.0,4.0,Grocery,5,Divorced,8.0,0,15.0,2.0,2.0,1.0,272.32625,1
3300,0,1.0,Mobile Phone,1,12.0,Cash on Delivery,Male,3.0,5.0,Fashion,2,Married,3.0,1,17.0,1.0,2.0,9.0,253.07999999999998,1
3301,0,9.0,Mobile Phone,1,14.0,UPI,Male,3.0,4.0,Fashion,3,Single,5.0,0,22.0,1.0,2.0,3.0,227.21,1
3302,0,2.0,Mobile Phone,3,9.0,E wallet,Female,3.0,4.0,Laptop & Accessory,4,Divorced,3.0,1,21.0,3.5,6.0,6.0,172.79,0
3303,0,8.0,Mobile Phone,2,10.0,UPI,Male,3.0,4.0,Mobile Phone,2,Divorced,2.0,0,20.0,2.0,2.0,3.0,162.37,3
3304,1,1.0,Computer,1,12.0,Credit Card,Female,3.0,5.0,Mobile Phone,3,Divorced,3.0,1,15.0,1.0,2.0,8.0,148.66,3
3305,0,1.0,Computer,1,10.0,Credit Card,Male,3.0,4.0,Mobile Phone,2,Divorced,3.0,0,12.0,2.0,2.0,1.0,142.06,3
3306,0,25.0,Mobile Phone,3,33.0,E wallet,Female,4.0,4.0,Grocery,3,Divorced,4.0,0,15.0,1.0,5.0,14.5,272.32625,1
3307,0,18.0,Mobile Phone,1,11.0,Credit Card,Male,3.0,4.0,Laptop & Accessory,4,Single,11.0,0,13.0,2.0,3.0,4.0,184.33,1
3308,0,1.0,Mobile Phone,1,9.0,Credit Card,Male,4.0,2.0,Mobile Phone,5,Single,9.0,0,14.0,2.0,2.0,2.0,159.24,3
3309,0,7.0,Mobile Phone,3,7.0,Credit Card,Male,3.0,2.0,Laptop & Accessory,5,Married,3.0,0,23.0,1.0,2.0,9.0,165.37,2
3310,0,9.0,Mobile Phone,1,34.0,Credit Card,Female,3.0,5.0,Mobile Phone,5,Single,3.0,0,12.0,2.0,2.0,2.0,150.59,3
3311,0,10.0,Mobile Phone,3,7.0,Debit Card,Male,3.0,4.0,Laptop & Accessory,2,Divorced,3.0,1,15.0,3.0,5.0,12.0,187.01,0
3312,0,6.0,Mobile Phone,3,20.0,Debit Card,Male,4.0,4.0,Laptop & Accessory,2,Married,4.0,0,12.0,1.0,2.0,4.0,169.03,3
3313,0,4.0,Computer,1,12.0,Debit Card,Male,4.0,5.0,Mobile Phone,2,Married,11.0,0,13.0,1.0,2.0,4.0,162.61,3
3314,0,27.0,Mobile Phone,3,14.0,E wallet,Female,4.0,5.0,Fashion,2,Divorced,9.0,1,19.0,1.0,2.0,5.0,234.33999999999997,1
3315,0,19.0,Mobile Phone,3,16.0,E wallet,Male,4.0,4.0,Fashion,5,Married,6.0,1,13.0,2.0,2.0,3.0,232.61,1
3316,0,6.0,Mobile Phone,1,15.0,Credit Card,Female,4.0,2.0,Laptop & Accessory,3,Divorced,7.0,0,13.0,2.0,2.0,4.0,176.75,3
3317,0,26.0,Computer,1,32.0,Credit Card,Female,3.0,5.0,Grocery,2,Divorced,5.0,0,23.0,1.0,2.0,1.0,263.26,1
3318,0,11.0,Mobile Phone,3,23.0,E wallet,Male,4.0,5.0,Laptop & Accessory,3,Married,6.0,0,20.0,2.0,2.0,1.0,188.34,3
3319,0,2.0,Mobile Phone,2,15.0,Credit Card,Male,4.0,5.0,Mobile Phone,2,Married,3.0,0,14.0,1.0,2.0,5.0,174.36,3
3320,0,1.0,Mobile Phone,1,7.0,Debit Card,Male,3.0,5.0,Laptop & Accessory,2,Divorced,8.0,0,23.0,3.0,3.0,3.0,172.75,3
3321,0,18.0,Mobile Phone,1,15.0,Debit Card,Male,4.0,2.0,Mobile Phone,2,Divorced,4.0,1,25.0,2.0,2.0,3.0,153.18,3
3322,0,16.0,Computer,1,9.0,Credit Card,Male,3.0,4.0,Mobile Phone,2,Single,7.0,1,15.0,1.0,3.0,3.0,150.15,3
3323,0,10.0,Mobile Phone,2,15.0,Debit Card,Male,4.0,5.0,Mobile Phone,5,Divorced,2.0,0,22.0,2.0,2.0,4.0,148.42,3
3324,0,1.0,Mobile Phone,3,10.0,UPI,Male,4.0,4.0,Laptop & Accessory,5,Divorced,3.0,1,19.0,2.0,2.0,4.0,166.94,3
3325,0,9.0,Mobile Phone,1,16.0,Debit Card,Female,4.0,5.0,Fashion,3,Divorced,3.0,1,21.0,3.0,2.0,14.5,231.85000000000002,0
3326,1,1.0,Computer,1,32.0,Debit Card,Female,4.0,4.0,Mobile Phone,4,Married,3.0,1,20.0,1.0,6.0,9.0,145.22,3
3327,0,6.0,Computer,1,7.0,Debit Card,Male,4.0,4.0,Mobile Phone,2,Married,2.0,0,13.0,1.0,2.0,3.0,148.14,3
3328,0,1.0,Mobile Phone,3,11.0,E wallet,Male,3.0,5.0,Laptop & Accessory,5,Divorced,3.0,0,13.0,2.0,2.0,4.0,167.56,3
3329,0,23.0,Mobile Phone,1,7.0,Cash on Delivery,Female,3.0,4.0,Mobile Phone,5,Divorced,4.0,0,17.0,2.0,2.0,3.0,160.8,1
3330,0,1.0,Computer,1,11.0,Debit Card,Male,3.0,5.0,Mobile Phone,2,Divorced,2.0,0,18.0,1.0,4.0,5.0,156.62,3
3331,0,6.0,Computer,3,12.0,Debit Card,Male,3.0,4.0,Laptop & Accessory,4,Divorced,3.0,0,15.0,3.0,6.0,4.0,190.24,0
3332,0,12.0,Mobile Phone,3,16.0,E wallet,Male,4.0,5.0,Mobile Phone,4,Divorced,2.0,0,20.0,1.0,2.0,3.0,153.99,3
3333,0,16.0,Mobile Phone,1,10.0,Debit Card,Female,4.0,2.0,Laptop & Accessory,2,Divorced,4.0,1,14.0,1.0,2.0,4.0,177.31,1
3334,0,5.0,Mobile Phone,1,18.0,Debit Card,Male,3.0,4.0,Mobile Phone,2,Divorced,5.0,1,20.0,2.0,2.0,3.0,148.56,3
3335,1,1.0,Mobile Phone,3,7.0,Credit Card,Female,3.0,5.0,Mobile Phone,3,Married,8.0,1,20.0,1.0,2.0,3.0,153.0,3
3336,0,27.0,Mobile Phone,3,15.0,E wallet,Male,4.0,4.0,Grocery,2,Divorced,7.0,0,15.0,1.0,2.0,3.0,243.36,1
3337,0,9.0,Mobile Phone,1,32.0,Cash on Delivery,Male,4.0,5.0,Fashion,4,Divorced,5.0,0,17.0,3.5,2.0,9.0,234.02999999999997,1
3338,0,11.0,Computer,3,28.0,Credit Card,Female,3.0,4.0,Mobile Phone,2,Divorced,7.0,0,16.0,2.0,2.0,1.0,154.73,3
3339,0,27.0,Mobile Phone,1,30.0,Debit Card,Female,4.0,4.0,Grocery,2,Single,8.0,0,19.0,1.0,4.0,9.0,267.75,1
3340,0,17.0,Computer,1,7.0,Debit Card,Female,3.0,4.0,Laptop & Accessory,2,Divorced,6.0,0,14.0,2.0,3.0,3.0,180.62,1
3341,0,21.0,Mobile Phone,3,9.0,E wallet,Female,3.0,4.0,Laptop & Accessory,2,Divorced,2.0,1,23.0,3.5,6.0,8.0,170.37,0
3342,0,11.0,Computer,3,26.0,Credit Card,Male,3.0,4.0,Fashion,4,Single,3.0,1,14.0,1.0,2.0,10.0,201.42,1
3343,0,24.0,Computer,1,9.0,Debit Card,Male,4.0,4.0,Grocery,5,Married,3.0,0,15.0,3.5,6.0,8.0,272.32625,0
3344,0,13.0,Mobile Phone,2,9.0,Debit Card,Female,3.0,5.0,Laptop & Accessory,2,Divorced,10.0,0,12.0,1.0,2.0,5.0,177.04,1
3345,0,7.0,Mobile Phone,2,10.0,UPI,Male,3.0,4.0,Mobile Phone,4,Married,5.0,1,12.0,1.0,2.0,4.0,147.77,3
3346,1,1.0,Mobile Phone,1,32.0,Debit Card,Male,3.0,4.0,Mobile Phone,2,Single,3.0,1,25.0,2.0,2.0,2.0,152.95,3
3347,0,3.0,Mobile Phone,1,14.0,Credit Card,Female,4.0,5.0,Mobile Phone,2,Married,8.0,0,15.0,2.0,2.0,4.0,150.32,3
3348,0,18.0,Mobile Phone,1,16.0,Debit Card,Male,4.0,4.0,Mobile Phone,5,Divorced,3.0,1,14.0,3.0,6.0,2.0,150.59,0
3349,0,2.0,Mobile Phone,3,12.0,Credit Card,Male,4.0,4.0,Laptop & Accessory,2,Single,3.0,0,15.0,2.0,2.0,3.0,174.08,3
3350,1,21.0,Computer,1,9.0,Debit Card,Male,3.0,5.0,Mobile Phone,2,Married,11.0,1,15.0,1.0,2.0,1.0,148.8,3
3351,0,17.0,Mobile Phone,1,15.0,Debit Card,Female,3.0,4.0,Laptop & Accessory,4,Married,6.0,0,22.0,2.0,2.0,1.0,172.65,3
3352,1,1.0,Mobile Phone,3,9.0,Credit Card,Female,3.0,5.0,Mobile Phone,3,Single,3.0,0,14.0,1.0,2.0,3.0,145.44,3
3353,1,1.0,Mobile Phone,1,25.0,UPI,Female,4.0,4.0,Mobile Phone,2,Single,3.0,0,20.0,2.0,2.0,1.0,151.93,3
3354,0,10.0,Mobile Phone,1,21.0,Debit Card,Male,4.0,4.0,Laptop & Accessory,2,Divorced,2.0,1,18.0,3.5,5.0,12.0,190.86,0
3355,0,21.0,Mobile Phone,3,9.0,Debit Card,Female,4.0,5.0,Mobile Phone,2,Single,3.0,1,19.0,2.0,2.0,3.0,157.94,3
3356,1,1.0,Mobile Phone,1,10.0,Debit Card,Female,3.0,4.0,Laptop & Accessory,3,Divorced,2.0,1,20.0,2.0,2.0,3.0,166.71,3
3357,1,5.0,Mobile Phone,1,9.0,Debit Card,Female,3.0,5.5,Mobile Phone,2,Married,6.0,1,14.0,1.0,2.0,1.0,152.78,3
3358,0,2.0,Mobile Phone,1,16.0,Credit Card,Female,4.0,4.0,Mobile Phone,3,Married,7.0,0,19.0,3.0,3.0,3.0,148.77,3
3359,1,3.0,Mobile Phone,1,13.0,Credit Card,Male,4.0,4.0,Mobile Phone,5,Divorced,9.0,1,22.0,2.0,3.0,3.0,149.04,3
3360,0,1.0,Mobile Phone,1,11.0,Debit Card,Female,4.0,4.0,Mobile Phone,3,Single,3.0,0,20.0,2.0,2.0,1.0,148.18,3
3361,0,8.0,Mobile Phone,1,17.0,Debit Card,Male,3.0,4.0,Mobile Phone,4,Married,3.0,0,15.0,2.0,2.0,1.0,145.08,3
3362,0,16.0,Mobile Phone,3,21.0,Credit Card,Female,4.0,5.0,Laptop & Accessory,3,Single,9.0,0,18.0,1.0,2.0,4.0,187.44,3
3363,0,7.0,Mobile Phone,1,7.0,UPI,Male,4.0,5.0,Mobile Phone,5,Single,5.0,1,12.0,1.0,2.0,3.0,152.99,3
3364,0,30.0,Mobile Phone,1,12.0,Cash on Delivery,Female,3.0,5.0,Fashion,4,Married,4.0,1,14.0,2.0,2.0,3.0,230.52,1
3365,0,5.0,Mobile Phone,3,14.0,Debit Card,Male,3.0,5.0,Mobile Phone,3,Divorced,5.0,0,16.0,3.5,6.0,3.0,148.29,0
3366,0,9.0,Mobile Phone,1,28.0,Debit Card,Female,3.0,4.0,Laptop & Accessory,2,Divorced,3.0,1,25.5,1.0,2.0,8.0,165.14,3
3367,0,23.0,Mobile Phone,1,15.0,UPI,Female,3.0,4.0,Fashion,4,Divorced,6.0,0,12.0,1.0,2.0,8.0,199.03,1
3368,0,22.0,Mobile Phone,1,27.0,Credit Card,Male,3.0,4.0,Mobile Phone,3,Divorced,6.0,0,18.0,1.0,2.0,1.0,147.59,3
3369,0,5.0,Computer,3,27.0,E wallet,Female,3.0,4.0,Laptop & Accessory,3,Divorced,3.0,0,14.0,2.0,2.0,1.0,194.32,3
3370,0,10.0,Mobile Phone,1,14.0,UPI,Male,4.0,4.0,Mobile Phone,2,Single,4.0,0,19.0,1.0,2.0,2.0,171.78,3
3371,0,12.0,Mobile Phone,1,7.0,Cash on Delivery,Female,4.0,4.0,Fashion,5,Divorced,3.0,0,14.0,3.5,6.0,12.0,260.82,0
3372,0,6.0,Computer,1,7.0,Debit Card,Female,4.0,5.0,Mobile Phone,4,Divorced,8.0,0,21.0,2.0,2.0,3.0,148.32,3
3373,1,1.0,Mobile Phone,3,26.0,E wallet,Male,3.0,5.0,Mobile Phone,4,Divorced,3.0,1,19.0,1.0,2.0,1.0,149.13,3
3374,0,14.0,Mobile Phone,3,17.0,E wallet,Male,4.0,5.0,Fashion,4,Married,4.0,0,13.0,2.0,2.0,3.0,222.05,1
3375,0,1.0,Computer,3,7.0,Credit Card,Male,3.0,5.0,Laptop & Accessory,5,Single,3.0,0,13.0,2.0,2.0,8.0,167.94,3
3376,0,15.0,Mobile Phone,1,13.0,Credit Card,Male,3.0,4.0,Mobile Phone,5,Single,4.0,1,14.0,2.0,3.0,14.5,172.21,0
3377,0,10.0,Mobile Phone,1,9.0,Credit Card,Male,4.0,4.0,Mobile Phone,3,Single,6.0,0,22.0,3.0,4.0,10.0,150.19,0
3378,1,1.0,Mobile Phone,3,28.0,UPI,Male,3.0,5.0,Mobile Phone,4,Single,3.0,1,14.0,1.0,2.0,1.0,146.21,3
3379,1,1.0,Mobile Phone,1,11.0,Cash on Delivery,Male,3.0,4.0,Mobile Phone,5,Single,3.0,0,20.0,2.0,2.0,1.0,154.73,3
3380,0,5.0,Mobile Phone,1,19.0,Credit Card,Female,3.0,4.0,Laptop & Accessory,2,Divorced,2.0,1,12.0,1.0,6.0,6.0,183.55,0
3381,0,14.0,Computer,1,16.0,Credit Card,Male,3.0,4.0,Mobile Phone,4,Married,10.0,1,15.0,1.0,2.0,1.0,161.17,3
3382,0,6.0,Mobile Phone,1,10.0,Credit Card,Female,4.0,4.0,Laptop & Accessory,5,Divorced,3.0,0,13.0,3.5,6.0,4.0,192.25,0
3383,1,1.0,Mobile Phone,3,10.0,Debit Card,Male,3.0,5.0,Fashion,2,Divorced,3.0,1,12.0,3.5,4.0,3.0,228.25,0
3384,0,7.0,Mobile Phone,1,7.0,Debit Card,Female,3.0,5.0,Laptop & Accessory,2,Single,2.0,0,15.0,1.0,2.0,5.0,194.49,3
3385,1,1.0,Mobile Phone,3,7.0,Debit Card,Male,3.0,5.0,Fashion,3,Divorced,7.0,0,12.0,2.0,6.0,3.0,231.08999999999997,0
3386,0,19.0,Computer,1,11.0,Debit Card,Male,3.0,4.0,Laptop & Accessory,4,Divorced,3.0,0,13.0,2.0,2.0,9.0,169.47,1
3387,0,3.0,Computer,3,27.0,Cash on Delivery,Female,3.0,4.0,Mobile Phone,2,Divorced,3.0,0,16.0,1.0,2.0,3.0,146.57,3
3388,0,9.0,Mobile Phone,3,25.0,Credit Card,Female,3.0,4.0,Laptop & Accessory,3,Divorced,3.0,0,17.0,2.0,2.0,1.0,171.01,3
3389,0,26.0,Mobile Phone,1,7.0,Debit Card,Male,4.0,4.0,Grocery,2,Divorced,4.0,0,15.0,3.5,6.0,9.0,272.32625,0
3390,1,21.0,Mobile Phone,1,9.0,Cash on Delivery,Male,3.0,4.0,Mobile Phone,3,Single,6.0,0,25.0,2.0,2.0,1.0,149.79,3
3391,0,27.0,Mobile Phone,3,9.0,Credit Card,Male,3.0,4.0,Grocery,3,Married,8.0,0,14.0,1.0,6.0,3.0,272.32625,1
3392,0,4.0,Mobile Phone,3,15.0,UPI,Male,4.0,4.0,Fashion,3,Married,7.0,0,12.0,3.5,6.0,8.0,197.64,0
3393,0,12.0,Computer,3,17.0,Cash on Delivery,Female,3.0,4.0,Laptop & Accessory,2,Single,3.0,1,14.0,1.0,2.0,4.0,181.66,3
3394,0,9.0,Mobile Phone,3,10.0,Debit Card,Male,4.0,4.0,Fashion,2,Married,8.0,0,14.0,1.0,2.0,9.0,203.23,1
3395,0,13.0,Mobile Phone,3,9.0,Debit Card,Male,3.0,2.0,Fashion,3,Single,2.0,0,19.0,2.0,2.0,8.0,203.8,1
3396,1,4.0,Computer,3,31.0,Debit Card,Female,4.0,2.0,Grocery,4,Single,6.0,1,17.0,2.0,2.0,1.0,256.94,1
3397,0,21.0,Computer,1,23.0,Credit Card,Male,4.0,2.0,Laptop & Accessory,3,Married,3.0,1,20.0,1.0,3.0,8.0,175.67,1
3398,0,10.0,Computer,3,15.0,Cash on Delivery,Male,3.0,4.0,Laptop & Accessory,2,Married,6.0,0,14.0,2.0,2.0,8.0,175.79,3
3399,1,1.0,Computer,1,16.0,Credit Card,Male,3.0,5.0,Mobile Phone,5,Single,2.0,1,23.0,2.0,2.0,3.0,148.21,3
3400,0,7.0,Computer,3,24.0,Debit Card,Male,3.0,4.0,Grocery,3,Single,3.0,0,15.0,3.5,6.0,1.0,272.32625,0
3401,1,1.0,Mobile Phone,1,17.0,Debit Card,Female,4.0,5.0,Mobile Phone,5,Single,8.0,1,21.0,2.0,2.0,1.0,149.04,3
3402,0,7.0,Mobile Phone,1,20.0,Debit Card,Female,3.0,4.0,Mobile Phone,2,Single,5.0,0,19.0,2.0,2.0,3.0,159.52,3
3403,0,19.0,Mobile Phone,1,7.0,Credit Card,Female,4.0,4.0,Mobile Phone,2,Married,5.0,0,15.0,1.0,2.0,3.0,147.7,3
3404,0,24.0,Mobile Phone,1,7.0,Credit Card,Male,4.0,4.0,Grocery,2,Married,11.0,0,15.0,1.0,2.0,4.0,272.32625,1
3405,0,7.0,Computer,1,7.0,UPI,Female,3.0,2.0,Laptop & Accessory,4,Divorced,3.0,1,14.0,1.0,2.0,3.0,179.88,2
3406,0,15.0,Computer,1,16.0,Credit Card,Male,4.0,4.0,Others,3,Married,4.0,0,15.0,2.0,2.0,12.0,272.32625,1
3407,0,1.0,Mobile Phone,1,23.0,Cash on Delivery,Female,3.0,4.0,Mobile Phone,4,Divorced,11.0,0,15.0,3.0,3.0,3.0,153.11,3
3408,0,19.0,Computer,1,30.0,Debit Card,Male,3.0,4.0,Laptop & Accessory,5,Divorced,3.0,1,16.0,2.0,2.0,9.0,161.33,1
3409,0,21.0,Mobile Phone,3,11.0,Debit Card,Female,3.0,4.0,Laptop & Accessory,2,Single,3.0,1,18.0,2.0,2.0,8.0,166.63,1
3410,1,1.0,Mobile Phone,1,29.0,Debit Card,Female,3.0,4.0,Mobile Phone,3,Divorced,6.0,1,12.0,1.0,2.0,2.0,146.32,3
3411,0,24.0,Mobile Phone,1,31.0,Debit Card,Male,4.0,4.0,Grocery,3,Divorced,5.0,1,19.0,1.0,2.0,6.0,264.73,1
3412,0,12.0,Computer,1,17.0,Credit Card,Male,4.0,4.0,Mobile Phone,3,Divorced,2.0,0,18.0,1.0,2.0,3.0,151.84,3
3413,0,20.0,Mobile Phone,1,14.0,Credit Card,Male,4.0,4.0,Fashion,3,Married,8.0,0,14.0,1.0,2.0,8.0,233.45,1
3414,0,1.0,Mobile Phone,1,24.0,Credit Card,Female,3.0,5.0,Laptop & Accessory,3,Married,3.0,0,16.0,3.0,4.0,3.0,168.77,3
3415,1,1.0,Mobile Phone,1,21.0,UPI,Male,3.0,5.0,Mobile Phone,4,Married,3.0,1,25.0,2.0,2.0,3.0,162.43,3
3416,0,5.0,Computer,1,7.0,Debit Card,Female,4.0,4.0,Laptop & Accessory,5,Divorced,3.0,0,13.0,2.0,2.0,4.0,166.48,3
3417,0,1.0,Computer,1,12.0,Debit Card,Male,4.0,4.0,Mobile Phone,2,Single,3.0,0,16.0,2.0,2.0,1.0,135.51,3
3418,0,28.0,Mobile Phone,1,24.0,Cash on Delivery,Female,3.0,4.0,Fashion,3,Divorced,10.0,0,12.0,2.0,2.0,9.0,232.39,1
3419,0,9.0,Mobile Phone,1,32.0,Credit Card,Female,3.0,4.0,Fashion,3,Married,3.0,1,12.0,3.0,6.0,3.0,228.88,0
3420,0,4.0,Mobile Phone,1,15.0,Debit Card,Female,4.0,2.0,Fashion,5,Divorced,2.0,1,13.0,1.0,2.0,8.0,239.16000000000003,1
3421,1,1.0,Mobile Phone,1,18.0,Credit Card,Female,4.0,5.0,Mobile Phone,5,Single,3.0,1,16.0,1.0,2.0,1.0,151.0,3
3422,1,1.0,Computer,1,12.0,Credit Card,Female,3.0,4.0,Mobile Phone,4,Single,2.0,0,18.0,1.0,2.0,3.0,149.22,3
3423,0,1.0,Mobile Phone,1,9.0,Credit Card,Male,3.0,2.0,Laptop & Accessory,2,Divorced,3.0,0,13.0,2.0,2.0,4.0,179.72,2
3424,0,1.0,Mobile Phone,1,15.0,Debit Card,Male,4.0,5.5,Mobile Phone,5,Divorced,3.0,0,16.0,2.0,2.0,2.0,149.51,3
3425,0,22.0,Mobile Phone,1,13.0,Debit Card,Male,4.0,5.0,Laptop & Accessory,3,Single,4.0,0,14.0,1.0,3.0,3.0,167.4,3
3426,0,22.0,Mobile Phone,1,11.0,Debit Card,Male,4.0,5.0,Fashion,3,Single,9.0,0,15.0,2.0,2.0,9.0,234.99,1
3427,0,15.0,Mobile Phone,1,14.0,Credit Card,Female,3.0,4.0,Laptop & Accessory,3,Single,8.0,0,15.0,2.0,3.0,2.0,175.03,3
3428,0,13.0,Mobile Phone,1,7.0,Debit Card,Female,4.0,5.0,Grocery,2,Divorced,3.0,0,17.0,1.0,2.0,9.0,252.42000000000002,1
3429,0,1.0,Mobile Phone,1,9.0,Debit Card,Female,3.0,4.0,Laptop & Accessory,2,Divorced,2.0,0,19.0,1.0,3.0,3.0,167.27,3
3430,0,9.0,Mobile Phone,1,17.0,UPI,Male,3.0,4.0,Mobile Phone,2,Married,3.0,0,21.0,2.0,2.0,3.0,164.17,3
3431,0,16.0,Mobile Phone,3,12.0,E wallet,Male,3.0,4.0,Others,3,Divorced,8.0,0,15.0,1.0,2.0,1.0,272.32625,1
3432,0,24.0,Mobile Phone,1,16.0,Debit Card,Male,4.0,4.0,Mobile Phone,2,Divorced,6.0,0,19.0,2.0,2.0,1.0,148.8,3
3433,0,30.0,Mobile Phone,1,9.0,Debit Card,Female,4.0,5.0,Grocery,2,Single,5.0,1,14.0,1.0,5.0,4.0,262.26,1
3434,1,1.0,Mobile Phone,1,18.0,Credit Card,Female,4.0,5.5,Laptop & Accessory,4,Divorced,7.0,0,16.0,2.0,2.0,1.0,172.77,3
3435,0,29.0,Computer,1,25.0,Credit Card,Male,4.0,4.0,Laptop & Accessory,4,Divorced,5.0,1,15.0,3.5,6.0,8.0,188.85,0
3436,0,15.0,Computer,1,14.0,Debit Card,Female,3.0,5.5,Others,3,Married,3.0,0,23.0,2.0,6.0,11.0,272.32625,0
3437,0,12.0,Mobile Phone,3,10.0,Debit Card,Male,3.0,4.0,Laptop & Accessory,2,Single,10.0,1,13.0,2.0,2.0,1.0,193.61,3
3438,1,1.0,Computer,3,36.0,Credit Card,Male,4.0,5.5,Laptop & Accessory,5,Single,10.0,0,19.0,1.0,3.0,3.0,174.69,3
3439,1,16.0,Mobile Phone,3,9.0,E wallet,Female,3.0,5.5,Others,2,Divorced,3.0,0,16.0,3.5,6.0,10.0,272.32625,0
3440,0,18.0,Mobile Phone,3,35.0,Credit Card,Female,3.0,2.0,Grocery,2,Divorced,5.0,1,19.0,2.0,2.0,12.0,258.2,1
3441,0,24.0,Computer,3,7.0,Debit Card,Female,4.0,4.0,Laptop & Accessory,3,Divorced,2.0,0,13.0,2.0,2.0,14.0,188.47,0
3442,1,1.0,Mobile Phone,1,23.0,Debit Card,Female,3.0,2.0,Mobile Phone,5,Single,3.0,0,17.0,3.5,6.0,14.5,152.43,0
3443,0,13.0,Computer,1,29.0,Credit Card,Female,3.0,4.0,Fashion,5,Single,3.0,1,14.0,2.0,2.0,9.0,233.8,1
3444,0,7.0,Computer,3,15.0,Debit Card,Female,3.0,5.0,Mobile Phone,2,Single,2.0,0,20.0,3.0,3.0,3.0,148.42,3
3445,0,19.0,Mobile Phone,3,18.0,Debit Card,Female,3.0,4.0,Grocery,2,Divorced,5.0,0,15.0,2.0,2.0,2.0,272.32625,1
3446,0,6.0,Computer,1,36.0,Credit Card,Female,4.0,4.0,Mobile Phone,3,Single,11.0,0,13.0,3.5,6.0,8.0,165.25,0
3447,0,8.0,Mobile Phone,3,7.0,E wallet,Male,4.0,2.0,Laptop & Accessory,2,Married,2.0,0,12.0,2.0,2.0,3.0,222.25,3
3448,0,30.0,Mobile Phone,3,7.0,Cash on Delivery,Male,4.0,4.0,Fashion,2,Divorced,5.0,1,15.0,1.0,2.0,5.0,244.04000000000002,1
3449,0,19.0,Mobile Phone,2,31.0,Credit Card,Male,3.0,4.0,Mobile Phone,4,Single,3.0,0,17.0,1.0,2.0,5.0,146.77,3
3450,0,27.0,Computer,3,9.0,E wallet,Female,3.0,5.0,Fashion,4,Divorced,4.0,0,13.0,1.0,6.0,13.0,200.25,0
3451,1,1.0,Mobile Phone,1,22.0,UPI,Male,3.0,4.0,Laptop & Accessory,3,Married,9.0,0,15.0,1.0,2.0,1.0,173.34,3
3452,1,1.0,Computer,1,9.0,Debit Card,Male,3.0,4.0,Mobile Phone,5,Divorced,8.0,1,15.0,2.0,2.0,3.0,145.42,3
3453,0,8.0,Mobile Phone,3,17.0,Debit Card,Female,3.0,4.0,Mobile Phone,3,Divorced,3.0,1,20.0,1.0,2.0,1.0,147.2,3
3454,0,2.0,Mobile Phone,3,17.0,Credit Card,Male,4.0,4.0,Mobile Phone,4,Divorced,3.0,0,23.0,2.0,2.0,1.0,135.52,3
3455,0,12.0,Computer,1,10.0,UPI,Male,3.0,4.0,Mobile Phone,3,Divorced,5.0,0,17.0,3.0,3.0,3.0,153.21,3
3456,0,24.0,Mobile Phone,1,9.0,Credit Card,Male,4.0,4.0,Others,3,Divorced,4.0,1,15.0,3.5,6.0,8.0,272.32625,0
3457,0,11.0,Mobile Phone,1,10.0,UPI,Female,3.0,4.0,Laptop & Accessory,4,Single,5.0,0,16.0,2.0,2.0,2.0,166.07,3
3458,0,14.0,Mobile Phone,3,33.0,E wallet,Male,4.0,4.0,Laptop & Accessory,5,Divorced,3.0,0,15.0,3.5,6.0,6.0,208.96,0
3459,0,1.0,Computer,1,7.0,Credit Card,Female,4.0,5.0,Mobile Phone,3,Married,3.0,0,14.0,2.0,2.0,4.0,145.07,3
3460,0,20.0,Mobile Phone,1,7.0,Credit Card,Male,3.0,4.0,Others,2,Married,11.0,0,15.0,2.0,3.0,3.0,272.32625,1
3461,0,28.0,Mobile Phone,3,9.0,Debit Card,Female,3.0,5.0,Fashion,3,Divorced,8.0,0,12.0,3.5,2.0,1.0,231.86,1
3462,0,30.0,Computer,1,16.0,Credit Card,Female,4.0,4.0,Mobile Phone,3,Divorced,4.0,0,20.0,1.0,2.0,4.0,154.42,1
3463,0,10.0,Mobile Phone,1,19.0,Credit Card,Female,3.0,5.0,Fashion,2,Single,2.0,0,12.0,3.5,6.0,3.0,213.58,0
3464,0,29.0,Computer,1,9.0,Credit Card,Male,3.0,5.0,Grocery,5,Single,9.0,0,15.0,3.5,6.0,3.0,272.32625,1
3465,0,17.0,Mobile Phone,3,32.0,Credit Card,Male,4.0,5.0,Fashion,2,Married,7.0,0,14.0,2.0,2.0,1.0,259.0,1
3466,1,1.0,Computer,3,16.0,E wallet,Female,3.0,4.0,Mobile Phone,2,Single,3.0,1,15.0,1.0,2.0,3.0,148.23,3
3467,1,1.0,Mobile Phone,1,17.0,Debit Card,Female,3.0,5.0,Mobile Phone,5,Single,3.0,0,14.0,2.0,2.0,1.0,139.16,3
3468,0,20.0,Mobile Phone,1,15.0,Debit Card,Female,4.0,5.0,Laptop & Accessory,5,Married,10.0,1,24.0,2.0,2.0,8.0,171.15,1
3469,1,15.0,Mobile Phone,1,11.0,Debit Card,Male,3.0,4.0,Mobile Phone,3,Divorced,11.0,1,13.0,2.0,3.0,8.0,149.61,1
3470,1,1.0,Computer,1,31.0,Cash on Delivery,Male,4.0,5.0,Fashion,5,Single,3.0,0,13.0,1.0,2.0,3.0,212.22,3
3471,0,1.0,Mobile Phone,1,7.0,Credit Card,Male,3.0,5.0,Mobile Phone,5,Divorced,3.0,0,17.0,1.0,2.0,4.0,164.55,3
3472,0,4.0,Mobile Phone,1,27.0,UPI,Male,3.0,4.0,Laptop & Accessory,5,Divorced,2.0,0,16.0,2.0,2.0,3.0,224.57,3
3473,0,15.0,Mobile Phone,1,14.0,Cash on Delivery,Female,3.0,2.0,Mobile Phone,3,Divorced,3.0,0,14.0,2.0,2.0,9.0,158.76,2
3474,0,12.0,Mobile Phone,1,24.0,Debit Card,Female,4.0,5.0,Fashion,3,Divorced,2.0,0,19.0,1.0,2.0,3.0,213.23,1
3475,0,14.0,Mobile Phone,1,27.0,Cash on Delivery,Male,4.0,4.0,Fashion,2,Divorced,6.0,0,21.0,3.5,6.0,3.0,228.22,0
3476,0,1.0,Computer,1,15.0,Debit Card,Male,3.0,5.5,Mobile Phone,3,Divorced,3.0,0,20.0,2.0,2.0,3.0,171.21,3
3477,0,29.0,Computer,1,9.0,Debit Card,Male,4.0,4.0,Fashion,4,Divorced,5.0,0,19.0,2.0,2.0,3.0,234.76,1
3478,0,2.0,Mobile Phone,1,17.0,UPI,Female,3.0,4.0,Laptop & Accessory,3,Single,5.0,0,14.0,2.0,2.0,8.0,161.6,3
3479,1,8.0,Mobile Phone,2,7.0,Credit Card,Male,4.0,5.0,Fashion,5,Divorced,11.0,0,15.0,3.0,4.0,3.0,229.82,1
3480,0,7.0,Mobile Phone,1,12.0,Debit Card,Male,3.0,5.0,Fashion,2,Married,6.0,0,16.0,1.0,2.0,3.0,196.19,1
3481,1,1.0,Mobile Phone,3,11.0,Cash on Delivery,Male,3.0,4.0,Fashion,5,Single,2.0,1,23.0,3.5,5.0,3.0,220.82,0
3482,1,1.0,Computer,1,36.0,Credit Card,Female,3.0,5.0,Laptop & Accessory,3,Single,3.0,0,23.0,3.5,4.0,9.0,170.08,0
3483,0,2.0,Mobile Phone,1,22.0,Debit Card,Male,3.0,4.0,Mobile Phone,3,Married,3.0,0,17.0,3.0,3.0,3.0,147.07,3
3484,0,8.0,Computer,1,10.0,Debit Card,Male,3.0,4.0,Laptop & Accessory,2,Single,2.0,0,18.0,2.0,2.0,5.0,202.56,3
3485,0,11.0,Mobile Phone,3,17.0,Debit Card,Female,3.0,5.0,Laptop & Accessory,2,Married,4.0,1,15.0,1.0,2.0,1.0,191.94,3
3486,1,1.0,Mobile Phone,1,11.0,Cash on Delivery,Male,3.0,4.0,Mobile Phone,2,Divorced,3.0,1,16.0,3.5,6.0,7.0,161.91,0
3487,1,1.0,Mobile Phone,1,28.0,Credit Card,Male,3.0,4.0,Mobile Phone,3,Married,3.0,0,21.0,2.0,2.0,1.0,148.77,3
3488,1,1.0,Mobile Phone,1,32.0,Credit Card,Male,3.0,5.0,Mobile Phone,4,Single,6.0,1,21.0,1.0,3.0,3.0,148.13,3
3489,0,16.0,Mobile Phone,1,9.0,Credit Card,Male,3.0,4.0,Grocery,5,Divorced,2.0,0,15.0,3.5,6.0,8.0,272.32625,0
3490,1,1.0,Computer,1,5.0,Credit Card,Male,3.0,5.0,Mobile Phone,4,Married,3.0,0,16.0,1.0,2.0,1.0,150.96,3
3491,1,14.0,Computer,3,7.0,UPI,Male,3.0,4.0,Laptop & Accessory,3,Single,5.0,1,15.0,1.0,2.0,1.0,172.28,3
3492,0,7.0,Computer,3,14.0,Debit Card,Female,2.0,4.0,Laptop & Accessory,4,Divorced,2.0,0,18.0,2.0,2.0,3.0,168.02,2
3493,0,8.0,Computer,1,10.0,Debit Card,Male,3.0,5.0,Mobile Phone,2,Divorced,5.0,0,18.0,2.0,2.0,1.0,154.79,3
3494,0,22.0,Computer,1,7.0,Credit Card,Male,3.0,2.0,Grocery,2,Single,4.0,0,15.0,1.0,3.0,2.0,272.32625,1
3495,0,19.0,Computer,3,16.0,Debit Card,Female,4.0,5.0,Laptop & Accessory,3,Divorced,3.0,0,14.0,1.0,5.0,13.0,180.93,0
3496,0,26.0,Mobile Phone,1,14.0,Debit Card,Male,3.0,4.0,Fashion,4,Single,9.0,0,20.0,3.5,5.0,3.0,229.45,1
3497,0,12.0,Mobile Phone,3,17.0,E wallet,Male,4.0,5.0,Fashion,3,Married,2.0,1,15.0,3.0,3.0,3.0,212.4,0
3498,0,3.0,Mobile Phone,1,35.0,Debit Card,Female,4.0,4.0,Mobile Phone,2,Married,6.0,0,23.0,1.0,2.0,8.0,150.14,3
3499,0,2.0,Mobile Phone,1,10.0,Credit Card,Female,4.0,4.0,Fashion,4,Married,2.0,0,18.0,1.0,2.0,8.0,201.55,3
3500,0,20.0,Mobile Phone,3,10.0,E wallet,Male,3.0,4.0,Grocery,3,Divorced,5.0,0,15.0,2.0,5.0,10.0,272.32625,1
3501,0,12.0,Mobile Phone,3,9.0,E wallet,Male,3.0,4.0,Fashion,4,Single,9.0,0,17.0,2.0,2.0,1.0,198.51,1
3502,0,17.0,Computer,1,34.0,Debit Card,Female,3.0,4.0,Fashion,5,Divorced,10.0,0,12.0,1.0,2.0,2.0,233.2,1
3503,1,3.0,Computer,1,9.0,Debit Card,Male,3.0,4.0,Grocery,2,Married,9.0,0,12.0,3.5,2.0,6.0,246.69,1
3504,0,14.0,Mobile Phone,1,21.0,Credit Card,Male,3.0,5.0,Others,3,Single,3.0,0,15.0,3.5,5.0,10.0,272.32625,0
3505,0,1.0,Mobile Phone,1,7.0,Cash on Delivery,Female,4.0,5.0,Mobile Phone,4,Single,3.0,1,12.0,1.0,3.0,3.0,145.7,3
3506,0,13.0,Computer,1,16.0,Debit Card,Male,4.0,4.0,Laptop & Accessory,4,Single,12.0,0,16.0,2.0,2.0,4.0,192.82,3
3507,0,10.0,Computer,1,25.0,Debit Card,Male,4.0,4.0,Laptop & Accessory,2,Single,4.0,0,21.0,2.0,2.0,10.0,202.79,3
3508,0,5.0,Computer,3,27.0,Debit Card,Male,4.0,2.0,Mobile Phone,2,Divorced,2.0,0,13.0,2.0,3.0,3.0,152.91,3
3509,0,2.0,Mobile Phone,1,9.0,Debit Card,Male,4.0,5.0,Mobile Phone,4,Divorced,2.0,0,18.0,1.0,2.0,5.0,157.01,3
3510,0,9.0,Computer,3,18.0,E wallet,Male,3.0,4.0,Laptop & Accessory,2,Married,3.0,0,12.0,1.0,2.0,3.0,174.68,3
3511,0,23.0,Mobile Phone,3,15.0,Cash on Delivery,Male,3.0,5.0,Grocery,4,Divorced,8.0,0,18.0,2.0,2.0,4.0,256.2,1
3512,0,8.0,Computer,1,9.0,Debit Card,Male,4.0,4.0,Laptop & Accessory,3,Single,4.0,0,12.0,2.0,2.0,3.0,165.33,3
3513,0,3.0,Computer,1,17.0,Debit Card,Female,4.0,4.0,Mobile Phone,4,Married,2.0,0,15.0,2.0,2.0,2.0,157.91,3
3514,0,16.0,Mobile Phone,1,36.0,Credit Card,Male,3.0,5.5,Laptop & Accessory,2,Single,6.0,0,20.0,2.0,2.0,1.0,167.72,3
3515,0,3.0,Mobile Phone,1,15.0,Credit Card,Male,4.0,5.0,Laptop & Accessory,2,Divorced,3.0,1,14.0,1.0,2.0,3.0,175.56,3
3516,0,12.0,Mobile Phone,2,7.0,UPI,Male,3.0,2.0,Mobile Phone,3,Divorced,3.0,0,14.0,2.0,6.0,1.0,153.44,0
3517,0,5.0,Computer,1,13.0,Debit Card,Male,3.0,5.0,Mobile Phone,3,Married,3.0,1,15.0,2.0,2.0,3.0,152.03,3
3518,1,1.0,Computer,1,15.0,Credit Card,Male,4.0,4.0,Mobile Phone,3,Single,3.0,0,13.0,1.0,2.0,1.0,144.04,3
3519,1,1.0,Mobile Phone,3,16.0,E wallet,Female,4.0,4.0,Laptop & Accessory,5,Single,2.0,1,18.0,1.0,2.0,4.0,207.24,3
3520,0,15.0,Mobile Phone,1,19.0,Debit Card,Male,3.0,4.0,Mobile Phone,2,Divorced,5.0,1,12.0,2.0,2.0,1.0,172.66,3
3521,1,1.0,Computer,1,22.0,Credit Card,Male,4.0,4.0,Mobile Phone,3,Divorced,3.0,0,13.0,3.0,3.0,3.0,151.1,3
3522,0,11.0,Mobile Phone,1,32.0,Credit Card,Female,3.0,5.0,Laptop & Accessory,2,Married,9.0,0,14.0,1.0,2.0,4.0,182.31,3
3523,0,1.0,Mobile Phone,1,13.0,Debit Card,Male,3.0,5.0,Mobile Phone,3,Divorced,3.0,0,14.0,3.0,3.0,3.0,150.39,3
3524,0,8.0,Mobile Phone,3,16.0,Debit Card,Female,4.0,4.0,Laptop & Accessory,3,Divorced,3.0,0,21.0,2.0,2.0,4.0,182.14,3
3525,0,9.0,Mobile Phone,2,15.0,Cash on Delivery,Male,4.0,4.0,Mobile Phone,3,Single,3.0,0,18.0,1.0,2.0,5.0,168.23,3
3526,1,1.0,Mobile Phone,3,30.0,Debit Card,Female,3.0,5.0,Fashion,5,Divorced,3.0,0,14.0,1.0,4.0,11.0,198.36,0
3527,0,14.0,Computer,1,16.0,Credit Card,Female,3.0,4.0,Fashion,3,Single,11.0,0,18.0,1.0,2.0,14.0,259.99,1
3528,1,6.0,Computer,3,19.0,Debit Card,Male,3.0,4.0,Grocery,5,Single,2.0,1,13.0,1.0,6.0,14.5,262.58,0
3529,0,16.0,Mobile Phone,3,11.0,E wallet,Male,3.0,4.0,Laptop & Accessory,5,Single,9.0,0,14.0,2.0,2.0,6.0,176.55,1
3530,0,9.0,Mobile Phone,1,7.0,Credit Card,Male,3.0,5.0,Mobile Phone,3,Divorced,8.0,0,13.0,2.0,2.0,8.0,147.58,3
3531,0,1.0,Mobile Phone,1,31.0,Credit Card,Male,3.0,4.0,Mobile Phone,4,Single,10.0,0,23.0,2.0,2.0,3.0,160.97,3
3532,1,1.0,Mobile Phone,1,19.0,Debit Card,Female,4.0,4.0,Mobile Phone,2,Divorced,3.0,1,12.0,2.0,2.0,1.0,150.15,3
3533,0,1.0,Mobile Phone,1,10.0,Credit Card,Male,3.0,2.0,Mobile Phone,2,Divorced,3.0,0,23.0,2.0,2.0,8.0,169.2,2
3534,0,4.0,Mobile Phone,3,17.0,E wallet,Male,4.0,5.0,Laptop & Accessory,3,Divorced,3.0,0,19.0,2.0,2.0,5.0,190.78,3
3535,0,14.0,Computer,1,33.0,Credit Card,Female,4.0,5.0,Laptop & Accessory,2,Divorced,5.0,1,14.0,2.0,2.0,1.0,169.22,3
3536,0,9.0,Mobile Phone,1,9.0,Debit Card,Male,3.0,5.0,Fashion,4,Married,4.0,0,19.0,3.5,6.0,3.0,227.74,0
3537,0,8.0,Computer,1,7.0,Credit Card,Male,4.0,5.0,Laptop & Accessory,5,Single,2.0,0,21.0,2.0,5.0,10.0,178.43,0
3538,0,9.0,Computer,1,11.0,UPI,Male,3.0,5.0,Mobile Phone,2,Divorced,3.0,0,14.0,3.0,3.0,3.0,148.76,3
3539,1,7.0,Mobile Phone,3,16.0,E wallet,Female,3.0,5.5,Laptop & Accessory,3,Single,10.0,0,14.0,2.0,2.0,4.0,178.46,3
3540,0,6.0,Computer,3,9.0,Debit Card,Female,4.0,4.0,Mobile Phone,5,Married,3.0,0,13.0,1.0,2.0,1.0,153.27,3
3541,0,30.0,Mobile Phone,1,11.0,Cash on Delivery,Female,4.0,4.0,Others,5,Married,6.0,0,14.0,1.0,5.0,3.0,272.32625,1
3542,0,3.0,Mobile Phone,1,13.0,Credit Card,Female,3.0,4.0,Mobile Phone,2,Divorced,3.0,0,14.0,1.0,2.0,9.0,156.31,3
3543,0,1.0,Mobile Phone,1,16.0,Debit Card,Male,3.0,4.0,Mobile Phone,5,Single,3.0,0,25.5,1.0,2.0,1.0,150.52,3
3544,0,19.0,Mobile Phone,1,14.0,Credit Card,Female,3.0,4.0,Mobile Phone,3,Divorced,6.0,1,20.0,2.0,2.0,3.0,169.77,1
3545,0,11.0,Mobile Phone,1,7.0,Debit Card,Female,3.0,5.0,Laptop & Accessory,2,Divorced,3.0,0,14.0,3.5,4.0,12.0,189.74,0
3546,0,1.0,Mobile Phone,1,10.0,Debit Card,Male,3.0,5.0,Mobile Phone,3,Single,3.0,0,13.0,1.0,2.0,3.0,155.33,3
3547,1,8.0,Mobile Phone,1,17.0,Debit Card,Male,4.0,4.0,Mobile Phone,3,Single,3.0,1,12.0,2.0,2.0,3.0,154.36,3
3548,0,27.0,Mobile Phone,1,14.0,Credit Card,Female,3.0,4.0,Others,3,Married,5.0,0,15.0,3.5,5.0,8.0,272.32625,0
3549,0,3.0,Mobile Phone,1,22.0,Debit Card,Female,4.0,5.5,Mobile Phone,2,Divorced,2.0,1,19.0,2.0,2.0,4.0,146.68,3
3550,1,1.0,Computer,1,10.0,Debit Card,Male,3.0,5.0,Mobile Phone,2,Divorced,2.0,1,12.0,1.0,2.0,1.0,153.53,3
3551,0,20.0,Mobile Phone,3,9.0,E wallet,Female,4.0,4.0,Grocery,5,Divorced,10.0,0,15.0,3.5,6.0,10.0,272.32625,0
3552,0,18.0,Computer,1,24.0,Debit Card,Male,4.0,5.5,Mobile Phone,3,Single,4.0,0,14.0,2.0,2.0,1.0,147.9,3
3553,0,7.0,Mobile Phone,2,9.0,UPI,Male,3.0,4.0,Mobile Phone,3,Divorced,3.0,0,14.0,1.0,2.0,5.0,161.0,3
3554,1,5.0,Computer,1,12.0,Debit Card,Male,4.0,5.0,Mobile Phone,5,Married,8.0,0,18.0,2.0,2.0,1.0,146.07,3
3555,0,4.0,Mobile Phone,3,36.0,Debit Card,Male,4.0,4.0,Laptop & Accessory,5,Married,10.0,0,20.0,2.0,2.0,4.0,166.15,3
3556,0,14.0,Computer,3,9.0,Credit Card,Male,4.0,4.0,Laptop & Accessory,4,Divorced,7.0,0,13.0,2.0,2.0,1.0,168.27,3
3557,0,24.0,Computer,1,9.0,Credit Card,Female,2.0,4.0,Grocery,5,Divorced,4.0,0,15.0,3.0,3.0,3.0,272.32625,1
3558,0,2.0,Mobile Phone,1,26.0,Credit Card,Male,4.0,5.0,Mobile Phone,5,Divorced,3.0,0,13.0,2.0,4.0,4.0,156.96,3
3559,0,20.0,Mobile Phone,1,22.0,Debit Card,Male,3.0,4.0,Others,4,Divorced,7.0,0,15.0,2.0,2.0,4.0,272.32625,1
3560,0,9.0,Mobile Phone,3,24.0,Debit Card,Male,4.0,4.0,Laptop & Accessory,5,Divorced,5.0,1,16.0,2.0,2.0,3.0,214.66,3
3561,1,1.0,Mobile Phone,1,24.0,Debit Card,Female,4.0,4.0,Mobile Phone,4,Divorced,3.0,0,14.0,1.0,2.0,1.0,147.1,3
3562,0,7.0,Computer,3,32.0,Credit Card,Female,3.0,4.0,Laptop & Accessory,3,Divorced,3.0,0,13.0,1.0,2.0,2.0,170.39,3
3563,0,10.0,Mobile Phone,1,13.0,Debit Card,Male,3.0,5.5,Mobile Phone,3,Married,3.0,0,15.0,1.0,2.0,8.0,152.41,3
3564,0,4.0,Mobile Phone,1,14.0,Debit Card,Male,3.0,4.0,Laptop & Accessory,3,Married,3.0,0,14.0,3.5,6.0,10.0,159.91,0
3565,0,18.0,Mobile Phone,1,36.0,UPI,Male,3.0,4.0,Laptop & Accessory,2,Single,3.0,0,25.5,2.0,2.0,14.5,170.41,0
3566,0,1.0,Mobile Phone,3,28.0,E wallet,Male,3.0,2.0,Mobile Phone,2,Single,3.0,0,18.0,1.0,3.0,3.0,151.78,2
3567,0,20.0,Mobile Phone,1,9.0,Cash on Delivery,Male,3.0,4.0,Laptop & Accessory,2,Married,4.0,0,12.0,2.0,2.0,5.0,198.79,1
3568,0,16.0,Computer,2,9.0,Credit Card,Male,4.0,2.0,Laptop & Accessory,5,Divorced,9.0,0,17.0,1.0,2.0,4.0,187.72,1
3569,0,30.0,Mobile Phone,3,14.0,E wallet,Male,3.0,2.0,Laptop & Accessory,2,Married,2.0,1,19.0,1.0,2.0,10.0,177.2,1
3570,0,6.0,Computer,1,20.0,UPI,Female,4.0,5.0,Mobile Phone,4,Divorced,3.0,0,21.0,1.0,3.0,3.0,152.43,3
3571,0,6.0,Computer,1,9.0,Debit Card,Female,3.0,4.0,Laptop & Accessory,3,Single,6.0,1,15.0,2.0,2.0,8.0,174.98,3
3572,0,10.0,Mobile Phone,1,7.0,Cash on Delivery,Female,4.0,5.5,Fashion,5,Married,4.0,1,22.0,3.5,6.0,3.0,227.52,0
3573,0,7.0,Mobile Phone,1,16.0,Credit Card,Male,3.0,4.0,Mobile Phone,2,Divorced,2.0,0,14.0,2.0,5.0,11.0,152.81,0
3574,0,14.0,Mobile Phone,3,17.0,Cash on Delivery,Female,3.0,5.0,Laptop & Accessory,4,Married,9.0,0,13.0,2.0,2.0,4.0,193.52,1
3575,0,1.0,Mobile Phone,3,17.0,Debit Card,Male,3.0,4.0,Laptop & Accessory,2,Single,2.0,0,15.0,1.0,2.0,2.0,174.5,3
3576,0,4.0,Mobile Phone,1,7.0,Credit Card,Male,4.0,4.0,Mobile Phone,4,Divorced,2.0,1,22.0,2.0,6.0,8.0,160.79,0
3577,0,16.0,Computer,1,33.0,Credit Card,Female,3.0,4.0,Fashion,5,Divorced,5.0,1,18.0,1.0,2.0,1.0,256.91,1
3578,0,9.0,Computer,3,15.0,E wallet,Female,4.0,5.0,Fashion,2,Divorced,6.0,1,12.0,3.0,5.0,3.0,228.77,0
3579,0,1.0,Mobile Phone,1,21.0,Debit Card,Male,3.0,4.0,Mobile Phone,5,Divorced,3.0,1,15.0,3.0,6.0,9.0,147.35,0
3580,0,28.0,Computer,1,7.0,Debit Card,Female,3.0,4.0,Fashion,3,Married,9.0,0,18.0,2.0,2.0,3.0,230.02,1
3581,0,18.0,Mobile Phone,1,9.0,Debit Card,Female,4.0,2.0,Mobile Phone,2,Divorced,3.0,0,14.0,3.5,6.0,8.0,145.11,0
3582,1,1.0,Computer,1,17.0,Credit Card,Female,4.0,5.0,Mobile Phone,4,Single,3.0,1,25.5,2.0,2.0,1.0,143.59,3
3583,0,3.0,Mobile Phone,1,7.0,Debit Card,Female,4.0,4.0,Mobile Phone,2,Married,3.0,0,16.0,1.0,2.0,3.0,162.6,3
3584,0,28.0,Mobile Phone,1,10.0,Debit Card,Male,3.0,4.0,Grocery,2,Divorced,5.0,0,15.0,2.0,2.0,10.0,272.32625,1
3585,0,5.0,Mobile Phone,1,18.0,Credit Card,Male,4.0,4.0,Laptop & Accessory,5,Divorced,3.0,1,13.0,1.0,2.0,2.0,193.33,3
3586,0,5.0,Mobile Phone,1,31.0,Credit Card,Female,4.0,5.0,Laptop & Accessory,5,Single,3.0,0,20.0,1.0,2.0,9.0,193.12,3
3587,0,30.0,Mobile Phone,3,10.0,Debit Card,Female,3.0,5.0,Laptop & Accessory,2,Single,7.0,0,18.0,1.0,2.0,6.0,176.71,1
3588,0,17.0,Mobile Phone,1,10.0,Debit Card,Male,4.0,5.5,Others,2,Divorced,5.0,0,15.0,2.0,2.0,8.0,272.32625,1
3589,0,23.0,Mobile Phone,1,11.0,Credit Card,Male,3.0,5.0,Others,3,Divorced,4.0,0,15.0,1.0,2.0,1.0,272.32625,1
3590,0,10.0,Computer,1,10.0,Cash on Delivery,Male,3.0,4.0,Mobile Phone,4,Divorced,3.0,0,13.0,2.0,2.0,8.0,161.92,3
3591,0,22.0,Mobile Phone,1,9.0,Cash on Delivery,Male,4.0,2.0,Mobile Phone,4,Single,7.0,0,12.0,1.0,2.0,1.0,150.59,2
3592,0,1.0,Mobile Phone,1,11.0,Debit Card,Male,4.0,4.0,Mobile Phone,3,Married,3.0,0,12.0,2.0,2.0,4.0,150.17,3
3593,0,3.0,Mobile Phone,1,14.0,Debit Card,Male,3.0,4.0,Laptop & Accessory,2,Married,3.0,1,12.0,1.0,2.0,1.0,191.23,3
3594,0,22.0,Mobile Phone,1,7.0,Debit Card,Male,4.0,5.0,Others,2,Single,8.0,0,15.0,2.0,2.0,1.0,272.32625,1
3595,0,3.0,Mobile Phone,1,7.0,Debit Card,Female,3.0,5.0,Grocery,2,Married,5.0,0,15.0,1.0,2.0,8.0,272.32625,1
3596,0,8.0,Mobile Phone,1,27.0,Cash on Delivery,Female,3.0,2.0,Mobile Phone,3,Divorced,2.0,0,18.0,2.0,2.0,1.0,150.85,2
3597,0,18.0,Mobile Phone,3,12.0,E wallet,Male,3.0,4.0,Others,4,Divorced,9.0,0,15.0,2.0,4.0,11.0,272.32625,1
3598,0,7.0,Mobile Phone,3,17.0,E wallet,Male,3.0,2.0,Fashion,3,Married,2.0,1,15.0,2.0,2.0,9.0,208.8,1
3599,0,1.0,Mobile Phone,1,32.0,Debit Card,Female,3.0,2.0,Mobile Phone,2,Single,3.0,1,13.0,2.0,2.0,2.0,154.94,2
3600,0,1.0,Mobile Phone,1,7.0,Debit Card,Male,3.0,4.0,Mobile Phone,3,Divorced,3.0,0,23.0,1.0,2.0,2.0,137.23,3
3601,1,1.0,Computer,3,31.0,Debit Card,Male,4.0,5.5,Mobile Phone,2,Single,3.0,1,15.0,2.0,2.0,1.0,136.18,3
3602,0,1.0,Mobile Phone,1,11.0,Debit Card,Male,3.0,4.0,Mobile Phone,2,Single,3.0,1,21.0,1.0,3.0,3.0,153.75,3
3603,1,9.0,Mobile Phone,3,9.0,E wallet,Female,4.0,5.5,Others,4,Single,4.0,1,15.0,1.0,2.0,12.0,272.32625,3
3604,0,29.0,Computer,1,15.0,Credit Card,Male,3.0,5.0,Grocery,4,Married,3.0,1,16.0,3.5,6.0,1.0,260.77,0
3605,1,1.0,Computer,1,17.0,Debit Card,Female,3.0,5.0,Mobile Phone,3,Single,3.0,0,21.0,3.0,3.0,3.0,151.25,3
3606,0,20.0,Mobile Phone,3,11.0,E wallet,Female,3.0,5.0,Others,4,Divorced,4.0,0,15.0,2.0,2.0,9.0,272.32625,1
3607,0,8.0,Mobile Phone,3,9.0,E wallet,Female,3.0,4.0,Laptop & Accessory,5,Single,2.0,1,13.0,2.0,2.0,3.0,170.38,3
3608,0,25.0,Computer,3,16.0,Debit Card,Male,3.0,4.0,Others,4,Married,6.0,1,25.0,3.0,6.0,11.0,272.32625,0
3609,0,30.0,Mobile Phone,1,25.0,Credit Card,Male,4.0,4.0,Fashion,2,Single,8.0,0,13.0,2.0,6.0,3.0,230.12,1
3610,0,8.0,Computer,1,26.0,Credit Card,Female,3.0,4.0,Laptop & Accessory,4,Married,6.0,0,14.0,3.5,6.0,11.0,169.44,0
3611,0,2.0,Computer,1,7.0,Credit Card,Male,3.0,4.0,Mobile Phone,3,Single,2.0,1,12.0,1.0,2.0,3.0,146.54,3
3612,0,18.0,Mobile Phone,1,11.0,Debit Card,Male,4.0,2.0,Others,5,Married,3.0,0,15.0,2.0,6.0,14.0,272.32625,0
3613,0,8.0,Computer,2,18.0,Debit Card,Male,3.0,5.0,Laptop & Accessory,4,Divorced,6.0,0,12.0,1.0,2.0,9.0,169.9,3
3614,0,9.0,Mobile Phone,1,13.0,Debit Card,Male,4.0,4.0,Mobile Phone,3,Divorced,2.0,1,15.0,2.0,3.0,3.0,160.06,3
3615,0,16.0,Mobile Phone,1,14.0,Credit Card,Female,4.0,2.0,Laptop & Accessory,4,Divorced,8.0,1,17.0,1.0,2.0,1.0,148.72,1
3616,0,17.0,Mobile Phone,3,11.0,E wallet,Female,3.0,5.0,Fashion,2,Single,5.0,0,15.0,3.5,6.0,3.0,227.31,0
3617,0,10.0,Mobile Phone,1,9.0,Debit Card,Female,3.0,4.0,Laptop & Accessory,4,Single,11.0,1,12.0,3.5,6.0,13.0,179.1,0
3618,1,8.0,Mobile Phone,1,22.0,Credit Card,Female,4.0,4.0,Fashion,2,Divorced,3.0,0,12.0,1.0,2.0,6.0,204.78,1
3619,0,2.0,Computer,1,9.0,Debit Card,Male,3.0,5.0,Mobile Phone,2,Divorced,3.0,1,13.0,3.0,3.0,3.0,163.67,3
3620,0,25.0,Computer,1,13.0,Credit Card,Female,3.0,5.0,Mobile Phone,3,Single,2.0,0,15.0,3.5,6.0,8.0,153.38,0
3621,0,4.0,Computer,1,16.0,Credit Card,Female,4.0,4.0,Laptop & Accessory,3,Single,9.0,1,19.0,2.0,2.0,8.0,171.95,3
3622,1,1.0,Mobile Phone,1,14.0,Cash on Delivery,Female,3.0,4.0,Mobile Phone,3,Married,5.0,1,14.0,2.0,6.0,8.0,158.39,0
3623,0,2.0,Mobile Phone,1,7.0,Cash on Delivery,Male,3.0,4.0,Mobile Phone,5,Single,4.0,0,12.0,1.0,2.0,3.0,145.8,3
3624,0,1.0,Mobile Phone,1,7.0,Credit Card,Female,3.0,4.0,Mobile Phone,4,Single,3.0,0,19.0,2.0,3.0,2.0,145.96,3
3625,0,6.0,Mobile Phone,3,15.0,Credit Card,Male,3.0,2.0,Laptop & Accessory,2,Divorced,3.0,0,16.0,1.0,2.0,9.0,187.09,2
3626,0,19.0,Computer,1,32.0,Credit Card,Female,3.0,4.0,Others,4,Single,5.0,0,15.0,2.0,2.0,1.0,272.32625,1
3627,0,13.0,Mobile Phone,1,20.0,Credit Card,Female,4.0,5.0,Grocery,4,Married,8.0,1,15.0,3.5,6.0,3.0,272.32625,0
3628,0,30.0,Mobile Phone,1,30.0,Debit Card,Male,3.0,4.0,Mobile Phone,3,Married,3.0,0,13.0,3.0,3.0,3.0,148.72,1
3629,1,1.0,Mobile Phone,1,14.0,Debit Card,Male,4.0,4.0,Laptop & Accessory,3,Divorced,3.0,0,19.0,2.0,2.0,2.0,173.83,3
3630,1,3.0,Mobile Phone,1,30.0,Credit Card,Male,4.0,4.0,Mobile Phone,5,Single,2.0,0,14.0,1.0,2.0,4.0,164.04,3
3631,0,4.0,Mobile Phone,1,13.0,Cash on Delivery,Female,3.0,5.0,Laptop & Accessory,2,Divorced,2.0,0,13.0,3.5,6.0,8.0,171.27,0
3632,0,10.0,Mobile Phone,1,17.0,Cash on Delivery,Female,4.0,4.0,Fashion,3,Divorced,5.0,0,13.0,1.0,2.0,8.0,195.94,1
3633,0,20.0,Mobile Phone,2,7.0,Debit Card,Female,3.0,4.0,Mobile Phone,5,Single,8.0,0,13.0,3.5,6.0,8.0,159.23,0
3634,0,2.0,Computer,1,7.0,Debit Card,Female,3.0,5.5,Laptop & Accessory,2,Divorced,2.0,0,12.0,3.5,6.0,6.0,191.74,0
3635,0,24.0,Mobile Phone,1,35.0,Debit Card,Female,3.0,4.0,Grocery,5,Divorced,6.0,1,15.0,1.0,2.0,3.0,272.32625,1
3636,1,4.0,Mobile Phone,3,32.0,E wallet,Male,3.0,5.0,Fashion,4,Single,4.0,1,13.0,1.0,2.0,3.0,215.94,3
3637,1,16.0,Mobile Phone,3,12.0,Debit Card,Male,4.0,4.0,Fashion,4,Single,11.0,1,20.0,3.5,6.0,3.0,209.46,0
3638,0,4.0,Mobile Phone,1,24.0,Credit Card,Female,4.0,4.0,Fashion,5,Divorced,3.0,1,24.0,1.0,2.0,9.0,244.16000000000003,1
3639,0,13.0,Mobile Phone,1,25.0,Debit Card,Male,3.0,4.0,Laptop & Accessory,3,Single,2.0,0,12.0,1.0,2.0,8.0,170.34,3
3640,0,5.0,Computer,3,9.0,Debit Card,Female,3.0,4.0,Fashion,3,Married,3.0,1,20.0,3.5,6.0,3.0,223.52,0
3641,0,15.0,Computer,3,17.0,Credit Card,Male,3.0,5.5,Laptop & Accessory,4,Single,3.0,0,14.0,3.5,6.0,10.0,186.51,0
3642,1,1.0,Computer,3,7.0,Debit Card,Female,3.0,4.0,Mobile Phone,4,Single,3.0,1,12.0,2.0,3.0,3.0,148.02,3
3643,1,8.0,Mobile Phone,1,10.0,Debit Card,Male,3.0,4.0,Mobile Phone,5,Divorced,6.0,0,13.0,2.0,2.0,3.0,148.62,3
3644,0,16.0,Computer,1,9.0,Debit Card,Male,3.0,4.0,Grocery,3,Divorced,2.0,1,15.0,1.0,3.0,11.0,272.32625,1
3645,0,29.0,Mobile Phone,1,9.0,Credit Card,Female,3.0,5.5,Others,3,Divorced,6.0,0,15.0,3.5,6.0,12.0,272.32625,0
3646,0,30.0,Mobile Phone,2,15.0,Debit Card,Male,3.0,4.0,Others,4,Single,8.0,0,15.0,2.0,6.0,8.0,272.32625,1
3647,0,14.0,Computer,1,23.0,Debit Card,Male,4.0,4.0,Mobile Phone,3,Married,11.0,0,17.0,2.0,2.0,1.0,160.44,3
3648,0,8.0,Mobile Phone,1,16.0,Debit Card,Male,3.0,4.0,Fashion,2,Married,2.0,0,12.0,2.0,2.0,3.0,210.0,1
3649,0,14.0,Mobile Phone,1,9.0,Debit Card,Male,4.0,4.0,Laptop & Accessory,2,Single,3.0,0,14.0,3.5,6.0,9.0,171.61,0
3650,0,15.0,Computer,3,7.0,E wallet,Female,4.0,4.0,Laptop & Accessory,5,Married,2.0,0,18.0,1.0,2.0,8.0,166.03,3
3651,0,9.0,Computer,1,11.0,Debit Card,Male,3.0,4.0,Laptop & Accessory,3,Single,3.0,1,12.0,2.0,2.0,2.0,167.49,3
3652,0,25.0,Mobile Phone,2,12.0,Debit Card,Male,3.0,4.0,Grocery,4,Married,3.0,1,12.0,1.0,2.0,11.0,265.26,1
3653,0,12.0,Mobile Phone,3,9.0,Debit Card,Female,3.0,4.0,Laptop & Accessory,5,Married,5.0,0,16.0,1.0,2.0,8.0,193.93,1
3654,0,8.0,Mobile Phone,3,22.0,Credit Card,Female,4.0,4.0,Laptop & Accessory,5,Single,3.0,0,13.0,2.0,6.0,7.0,186.25,0
3655,0,1.0,Mobile Phone,1,26.0,Credit Card,Male,4.0,4.0,Mobile Phone,2,Divorced,5.0,0,12.0,2.0,2.0,3.0,161.69,3
3656,1,21.0,Mobile Phone,1,14.0,Credit Card,Female,3.0,5.0,Fashion,5,Divorced,9.0,1,15.0,3.5,6.0,3.0,225.08,1
3657,0,14.0,Mobile Phone,1,7.0,Debit Card,Male,3.0,4.0,Mobile Phone,4,Divorced,5.0,0,23.0,2.0,2.0,4.0,148.87,3
3658,0,10.0,Computer,3,14.0,E wallet,Female,3.0,2.0,Laptop & Accessory,5,Divorced,4.0,0,17.0,3.5,6.0,14.0,171.39,0
3659,0,22.0,Mobile Phone,1,11.0,Debit Card,Male,3.0,4.0,Fashion,2,Single,3.0,0,12.0,2.0,2.0,9.0,203.98,1
3660,0,1.0,Mobile Phone,3,18.0,Credit Card,Female,4.0,2.0,Mobile Phone,2,Divorced,10.0,0,15.0,2.0,2.0,1.0,150.34,3
3661,0,25.0,Mobile Phone,1,18.0,Cash on Delivery,Female,3.0,5.0,Grocery,4,Single,5.0,0,17.0,1.0,2.0,4.0,256.42,1
3662,0,1.0,Computer,1,7.0,Debit Card,Female,4.0,4.0,Mobile Phone,2,Single,3.0,0,16.0,2.0,2.0,1.0,141.11,3
3663,0,9.0,Mobile Phone,1,7.0,Credit Card,Female,3.0,5.0,Laptop & Accessory,2,Divorced,2.0,0,13.0,2.0,2.0,1.0,178.63,3
3664,0,1.0,Computer,3,9.0,Debit Card,Male,3.0,5.5,Laptop & Accessory,2,Single,5.0,0,21.0,2.0,2.0,1.0,175.71,3
3665,1,19.0,Mobile Phone,3,20.0,E wallet,Male,3.0,2.0,Grocery,3,Single,8.0,1,18.0,1.0,4.0,9.0,261.95,1
3666,0,30.0,Mobile Phone,1,30.0,Debit Card,Male,4.0,4.0,Grocery,4,Divorced,6.0,1,13.0,3.5,2.0,10.0,259.02,1
3667,0,8.0,Computer,1,33.0,Cash on Delivery,Female,4.0,5.0,Mobile Phone,3,Married,3.0,0,21.0,2.0,2.0,1.0,145.29,3
3668,0,14.0,Mobile Phone,1,9.0,Credit Card,Female,3.0,2.0,Laptop & Accessory,3,Married,7.0,0,21.0,3.5,6.0,9.0,188.77,0
3669,0,8.0,Mobile Phone,1,36.0,Credit Card,Male,3.0,4.0,Laptop & Accessory,3,Divorced,6.0,0,14.0,1.0,6.0,8.0,179.29,0
3670,1,1.0,Computer,3,9.0,Debit Card,Female,3.0,5.0,Mobile Phone,2,Single,9.0,0,15.0,1.0,2.0,1.0,152.85,3
3671,1,1.0,Computer,3,25.0,E wallet,Female,4.0,4.0,Laptop & Accessory,3,Divorced,2.0,1,19.0,3.5,4.0,3.0,171.14,3
3672,0,12.0,Computer,1,14.0,Debit Card,Male,3.0,2.0,Mobile Phone,3,Married,3.0,0,12.0,1.0,2.0,4.0,151.1,2
3673,0,8.0,Mobile Phone,1,9.0,Cash on Delivery,Female,4.0,4.0,Laptop & Accessory,2,Single,3.0,0,12.0,2.0,5.0,12.0,191.87,0
3674,0,2.0,Mobile Phone,3,33.0,Debit Card,Male,3.0,5.0,Laptop & Accessory,5,Divorced,3.0,0,12.0,2.0,2.0,5.0,172.24,3
3675,1,1.0,Mobile Phone,1,29.0,Credit Card,Male,4.0,4.0,Laptop & Accessory,3,Divorced,3.0,1,16.0,3.5,6.0,8.0,186.79,0
3676,0,13.0,Mobile Phone,3,28.0,Debit Card,Male,3.0,5.0,Laptop & Accessory,2,Divorced,5.0,1,13.0,1.0,2.0,5.0,186.2,3
3677,0,25.0,Computer,3,9.0,E wallet,Male,3.0,4.0,Fashion,4,Divorced,4.0,0,12.0,1.0,4.0,3.0,230.96,1
3678,0,15.0,Computer,1,29.0,Debit Card,Female,4.0,4.0,Laptop & Accessory,2,Married,5.0,1,15.0,1.0,4.0,4.0,179.67,3
3679,0,11.0,Mobile Phone,1,11.0,Debit Card,Male,3.0,4.0,Mobile Phone,3,Divorced,9.0,1,16.0,2.0,2.0,4.0,154.96,3
3680,0,7.0,Computer,3,12.0,Debit Card,Male,4.0,4.0,Laptop & Accessory,2,Divorced,8.0,0,14.0,2.0,2.0,3.0,224.98,3
3681,0,6.0,Mobile Phone,3,9.0,E wallet,Male,3.0,4.0,Laptop & Accessory,4,Divorced,2.0,1,14.0,1.0,2.0,3.0,165.78,3
3682,0,13.0,Computer,1,32.0,Debit Card,Male,4.0,4.0,Fashion,3,Divorced,5.0,0,22.0,1.0,2.0,6.0,234.2,1
3683,0,1.0,Mobile Phone,3,25.0,Debit Card,Male,4.0,2.0,Laptop & Accessory,3,Divorced,4.0,0,12.0,1.0,2.0,3.0,187.32,3
3684,0,26.0,Computer,1,35.0,Credit Card,Female,3.0,2.0,Grocery,3,Divorced,4.0,1,12.0,1.0,2.0,3.0,257.47,1
3685,0,17.0,Mobile Phone,1,13.0,Credit Card,Female,4.0,5.0,Laptop & Accessory,3,Single,3.0,1,15.0,2.0,2.0,9.0,165.81,3
3686,0,1.0,Mobile Phone,3,17.0,E wallet,Female,4.0,5.0,Laptop & Accessory,2,Divorced,3.0,1,12.0,3.0,5.0,5.0,182.69,0
3687,1,1.0,Mobile Phone,1,24.0,Debit Card,Female,3.0,4.0,Mobile Phone,3,Single,3.0,1,14.0,3.5,6.0,8.0,148.94,0
3688,0,1.0,Mobile Phone,1,9.0,Credit Card,Male,3.0,5.0,Mobile Phone,2,Single,2.0,0,13.0,1.0,2.0,2.0,164.04,3
3689,0,16.0,Mobile Phone,2,17.0,UPI,Female,3.0,4.0,Grocery,5,Divorced,2.0,0,15.0,1.0,2.0,10.0,272.32625,1
3690,0,26.0,Mobile Phone,1,15.0,UPI,Female,3.0,4.0,Mobile Phone,5,Divorced,11.0,0,14.0,2.0,2.0,5.0,154.5,1
3691,0,11.0,Mobile Phone,1,18.0,Credit Card,Female,4.0,4.0,Mobile Phone,3,Single,6.0,0,19.0,1.0,2.0,3.0,161.29,3
3692,0,9.0,Computer,1,25.0,Debit Card,Male,3.0,4.0,Fashion,2,Single,4.0,0,12.0,1.0,3.0,3.0,218.62,1
3693,0,1.0,Mobile Phone,1,7.0,Cash on Delivery,Male,3.0,4.0,Mobile Phone,2,Divorced,6.0,0,12.0,2.0,2.0,3.0,157.29,3
3694,0,1.0,Mobile Phone,1,14.0,UPI,Male,4.0,2.0,Mobile Phone,5,Single,2.0,0,13.0,2.0,2.0,8.0,160.78,3
3695,0,3.0,Mobile Phone,2,24.0,UPI,Male,3.0,5.0,Fashion,5,Single,3.0,0,14.0,1.0,2.0,10.0,204.88,3
3696,1,1.0,Computer,1,35.0,Debit Card,Male,4.0,5.0,Laptop & Accessory,5,Single,5.0,0,21.0,1.0,2.0,4.0,167.84,3
3697,1,1.0,Computer,1,21.0,UPI,Female,3.0,4.0,Fashion,2,Single,2.0,1,13.0,3.0,6.0,8.0,200.53,0
3698,0,28.0,Mobile Phone,1,7.0,Credit Card,Female,3.0,4.0,Grocery,2,Single,8.0,0,15.0,3.5,6.0,8.0,272.32625,0
3699,0,30.0,Mobile Phone,1,7.0,Credit Card,Female,4.0,4.0,Others,5,Divorced,5.0,1,15.0,2.0,2.0,6.0,272.32625,1
3700,0,29.0,Mobile Phone,1,7.0,Credit Card,Male,3.0,2.0,Grocery,2,Married,4.0,0,14.0,1.0,2.0,1.0,272.32,1
3701,0,10.0,Mobile Phone,3,10.0,E wallet,Female,3.0,4.0,Laptop & Accessory,4,Single,5.0,1,17.0,1.0,2.0,3.0,217.78,3
3702,1,1.0,Computer,3,7.0,Debit Card,Female,3.0,5.5,Mobile Phone,3,Single,3.0,0,13.0,2.0,2.0,1.0,138.59,3
3703,0,4.0,Mobile Phone,3,14.0,E wallet,Female,4.0,4.0,Laptop & Accessory,5,Married,9.0,0,15.0,2.0,2.0,3.0,172.79,3
3704,0,5.0,Mobile Phone,1,15.0,Debit Card,Female,4.0,4.0,Grocery,4,Single,5.0,0,12.0,1.0,2.0,1.0,272.32625,1
3705,0,8.0,Computer,1,7.0,UPI,Male,4.0,4.0,Mobile Phone,5,Married,7.0,0,15.0,2.0,2.0,4.0,154.96,3
3706,1,1.0,Mobile Phone,1,15.0,Debit Card,Female,3.0,5.0,Mobile Phone,4,Single,3.0,0,13.0,1.0,2.0,1.0,137.61,3
3707,0,1.0,Mobile Phone,1,18.0,Debit Card,Male,4.0,4.0,Mobile Phone,5,Divorced,2.0,0,15.0,2.0,2.0,5.0,145.99,3
3708,0,10.0,Mobile Phone,1,11.0,Debit Card,Male,3.0,5.0,Laptop & Accessory,2,Single,3.0,0,17.0,2.0,2.0,9.0,183.1,3
3709,0,10.0,Mobile Phone,3,23.0,E wallet,Female,4.0,5.0,Laptop & Accessory,5,Divorced,6.0,0,14.0,2.0,2.0,3.0,181.47,3
3710,0,21.0,Mobile Phone,1,7.0,Cash on Delivery,Male,4.0,4.0,Mobile Phone,2,Divorced,9.0,0,13.0,2.0,2.0,3.0,159.2,3
3711,1,1.0,Mobile Phone,3,16.0,Debit Card,Male,4.0,5.0,Mobile Phone,5,Divorced,5.0,0,13.0,2.0,3.0,3.0,169.0,3
3712,0,11.0,Computer,1,12.0,Cash on Delivery,Male,3.0,2.0,Mobile Phone,3,Single,2.0,0,15.0,2.0,2.0,4.0,160.0,2
3713,0,30.0,Mobile Phone,1,7.0,Debit Card,Female,3.0,4.0,Mobile Phone,5,Divorced,4.0,0,23.0,2.0,2.0,1.0,145.66,1
3714,0,21.0,Mobile Phone,1,9.0,Credit Card,Female,3.0,4.0,Grocery,3,Divorced,5.0,0,15.0,3.5,6.0,7.0,272.32625,0
3715,0,1.0,Mobile Phone,3,11.0,Credit Card,Female,3.0,4.0,Laptop & Accessory,3,Divorced,3.0,1,13.0,2.0,2.0,4.0,166.62,3
3716,0,6.0,Mobile Phone,3,14.0,E wallet,Male,4.0,4.0,Laptop & Accessory,2,Divorced,6.0,0,13.0,2.0,2.0,3.0,217.04,3
3717,0,8.0,Mobile Phone,1,7.0,Debit Card,Female,3.0,5.0,Mobile Phone,4,Divorced,7.0,0,18.0,2.0,2.0,3.0,157.94,3
3718,0,15.0,Mobile Phone,1,12.0,Credit Card,Male,3.0,2.0,Mobile Phone,3,Divorced,4.0,1,13.0,2.0,2.0,4.0,146.27,2
3719,0,14.0,Computer,1,16.0,UPI,Male,3.0,4.0,Laptop & Accessory,3,Married,5.0,0,12.0,2.0,2.0,8.0,164.75,3
3720,0,5.0,Mobile Phone,3,15.0,Debit Card,Male,3.0,4.0,Fashion,2,Married,3.0,0,19.0,3.0,2.0,10.0,232.93,0
3721,1,10.0,Mobile Phone,3,16.0,E wallet,Male,3.0,4.0,Fashion,1,Married,6.0,0,12.0,1.0,5.0,3.0,225.96,1
3722,1,3.0,Computer,1,9.0,Debit Card,Female,3.0,5.0,Mobile Phone,5,Single,4.0,1,24.0,1.0,2.0,1.0,161.46,3
3723,1,1.0,Computer,1,7.0,Debit Card,Female,4.0,2.0,Fashion,4,Single,3.0,0,12.0,3.5,5.0,8.0,199.46,0
3724,0,19.0,Mobile Phone,1,27.0,Credit Card,Male,4.0,5.5,Fashion,5,Married,4.0,1,19.0,1.0,2.0,8.0,233.51,1
3725,0,5.0,Mobile Phone,2,15.0,Credit Card,Female,4.0,2.0,Mobile Phone,4,Single,11.0,0,19.0,1.0,2.0,3.0,146.09,3
3726,1,1.0,Computer,1,9.0,Debit Card,Male,4.0,4.0,Mobile Phone,1,Divorced,8.0,1,14.0,3.0,3.0,3.0,162.22,3
3727,0,19.0,Mobile Phone,1,36.0,Cash on Delivery,Male,3.0,4.0,Fashion,1,Divorced,6.0,1,19.0,2.0,2.0,3.0,218.8,1
3728,0,22.0,Mobile Phone,3,14.0,E wallet,Male,4.0,4.0,Laptop & Accessory,5,Married,6.0,0,12.0,2.0,3.0,3.0,179.86,1
3729,1,1.0,Mobile Phone,2,16.0,Cash on Delivery,Female,3.0,4.0,Mobile Phone,3,Divorced,3.0,0,16.0,2.0,3.0,3.0,152.42,3
3730,0,14.0,Computer,1,15.0,Credit Card,Male,3.0,5.0,Fashion,4,Married,4.0,0,12.0,1.0,5.0,9.0,262.57,1
3731,0,2.0,Mobile Phone,3,12.0,Credit Card,Male,3.0,4.0,Laptop & Accessory,5,Single,2.0,0,19.0,2.0,2.0,3.0,209.63,3
3732,0,18.0,Computer,1,12.0,Debit Card,Male,3.0,5.0,Mobile Phone,3,Single,5.0,0,15.0,1.0,2.0,4.0,156.62,3
3733,0,27.0,Mobile Phone,1,9.0,Credit Card,Male,3.0,2.0,Grocery,4,Single,6.0,0,13.0,1.0,6.0,9.0,272.32625,1
3734,0,23.0,Mobile Phone,1,12.0,Cash on Delivery,Male,4.0,4.0,Laptop & Accessory,3,Divorced,4.0,0,15.0,1.0,2.0,3.0,191.51,1
3735,0,14.0,Mobile Phone,1,9.0,Credit Card,Male,4.0,4.0,Mobile Phone,3,Married,4.0,0,15.0,1.0,2.0,3.0,148.45,3
3736,0,18.0,Mobile Phone,1,27.0,Debit Card,Male,3.0,4.0,Mobile Phone,4,Single,3.0,0,14.0,2.0,2.0,4.0,159.2,3
3737,0,7.0,Computer,3,14.0,Credit Card,Male,3.0,4.0,Laptop & Accessory,5,Divorced,2.0,0,15.0,1.0,2.0,4.0,168.73,3
3738,0,8.0,Mobile Phone,3,10.0,UPI,Male,3.0,5.5,Laptop & Accessory,5,Single,5.0,0,19.0,3.0,4.0,13.0,172.59,0
3739,0,4.0,Mobile Phone,3,23.0,Debit Card,Male,4.0,4.0,Laptop & Accessory,3,Divorced,10.0,0,16.0,1.0,3.0,3.0,178.01,3
3740,0,16.0,Computer,1,16.0,Credit Card,Female,4.0,4.0,Mobile Phone,1,Single,3.0,0,14.0,3.5,6.0,9.0,161.73,0
3741,0,18.0,Computer,3,7.0,E wallet,Female,4.0,4.0,Laptop & Accessory,3,Divorced,9.0,0,13.0,2.0,2.0,1.0,172.68,1
3742,0,4.0,Computer,1,14.0,Cash on Delivery,Male,4.0,4.0,Mobile Phone,3,Married,3.0,0,14.0,1.0,2.0,1.0,137.74,3
3743,0,30.0,Mobile Phone,1,7.0,Debit Card,Male,4.0,2.0,Laptop & Accessory,3,Divorced,2.0,0,25.0,2.0,3.0,9.0,174.0,1
3744,0,23.0,Mobile Phone,1,14.0,Debit Card,Male,3.0,4.0,Fashion,4,Married,5.0,0,15.0,1.0,2.0,3.0,229.66,1
3745,0,8.0,Computer,1,22.0,Credit Card,Male,4.0,4.0,Grocery,5,Married,9.0,0,15.0,3.0,6.0,10.0,272.32625,0
3746,1,1.0,Computer,3,7.0,Cash on Delivery,Male,4.0,4.0,Mobile Phone,3,Divorced,5.0,0,16.0,2.0,2.0,3.0,154.09,3
3747,1,1.0,Computer,3,20.0,Cash on Delivery,Female,3.0,4.0,Laptop & Accessory,4,Single,7.0,0,12.0,1.0,2.0,1.0,182.65,3
3748,1,1.0,Mobile Phone,3,31.0,Credit Card,Female,3.0,5.0,Laptop & Accessory,4,Single,2.0,1,24.0,3.0,6.0,11.0,170.99,0
3749,0,9.0,Mobile Phone,3,14.0,Debit Card,Male,4.0,4.0,Mobile Phone,3,Divorced,3.0,0,14.0,2.0,2.0,1.0,149.04,3
3750,1,1.0,Computer,1,16.0,Credit Card,Male,3.0,4.0,Mobile Phone,5,Single,4.0,1,12.0,1.0,2.0,1.0,156.72,3
3751,0,1.0,Computer,3,20.0,Debit Card,Female,4.0,4.0,Mobile Phone,4,Divorced,3.0,0,14.0,1.0,2.0,1.0,145.33,3
3752,0,18.0,Computer,1,9.0,Credit Card,Male,3.0,4.0,Fashion,3,Single,7.0,1,19.0,1.0,3.0,3.0,227.09,1
3753,0,3.0,Mobile Phone,3,26.0,Debit Card,Male,4.0,5.0,Laptop & Accessory,3,Married,3.0,0,15.0,2.0,2.0,3.0,211.2,3
3754,0,4.0,Mobile Phone,2,7.0,Debit Card,Male,3.0,4.0,Mobile Phone,3,Married,2.0,0,22.0,1.0,2.0,4.0,145.64,3
3755,0,29.0,Mobile Phone,1,11.0,Debit Card,Male,2.0,4.0,Laptop & Accessory,3,Divorced,2.0,1,17.0,1.0,2.0,3.0,165.35,1
3756,0,7.0,Mobile Phone,1,11.0,Credit Card,Female,3.0,5.0,Mobile Phone,4,Divorced,10.0,0,12.0,1.0,2.0,3.0,163.38,3
3757,0,21.0,Mobile Phone,3,21.0,Credit Card,Female,4.0,4.0,Laptop & Accessory,3,Divorced,5.0,1,18.0,2.0,2.0,3.0,170.91,1
3758,1,1.0,Computer,1,9.0,Credit Card,Male,3.0,5.0,Mobile Phone,5,Single,9.0,0,12.0,1.0,2.0,1.0,150.61,3
3759,0,2.0,Mobile Phone,1,7.0,Debit Card,Male,4.0,5.0,Mobile Phone,3,Married,3.0,0,15.0,1.0,2.0,1.0,140.63,3
3760,0,2.0,Computer,3,14.0,Debit Card,Male,3.0,4.0,Laptop & Accessory,5,Single,2.0,0,15.0,2.0,2.0,4.0,173.98,3
3761,0,23.0,Mobile Phone,1,10.0,Credit Card,Female,3.0,5.0,Laptop & Accessory,5,Divorced,6.0,0,25.5,2.0,2.0,3.0,172.89,1
3762,0,3.0,Computer,1,9.0,Debit Card,Female,4.0,4.0,Mobile Phone,4,Divorced,2.0,0,14.0,1.0,2.0,3.0,156.8,3
3763,0,2.0,Mobile Phone,1,36.0,Debit Card,Male,4.0,5.5,Laptop & Accessory,4,Divorced,3.0,0,15.0,2.0,2.0,8.0,190.49,3
3764,0,7.0,Mobile Phone,1,15.0,Debit Card,Male,4.0,4.0,Laptop & Accessory,3,Single,4.0,1,18.0,1.0,2.0,1.0,188.88,3
3765,0,6.0,Mobile Phone,1,17.0,Credit Card,Male,1.0,4.0,Fashion,1,Single,4.0,0,25.5,1.0,2.0,1.0,237.44,1
3766,0,28.0,Computer,1,18.0,Credit Card,Female,3.0,4.0,Grocery,1,Married,5.0,0,21.0,1.0,2.0,13.0,272.32625,1
3767,1,1.0,Mobile Phone,1,7.0,Cash on Delivery,Male,4.0,5.0,Mobile Phone,5,Single,8.0,0,14.0,1.0,2.0,8.0,148.62,3
3768,0,18.0,Mobile Phone,1,35.0,Debit Card,Male,3.0,4.0,Grocery,5,Divorced,5.0,0,14.0,1.0,6.0,14.5,272.32625,0
3769,0,13.0,Mobile Phone,1,13.0,Debit Card,Female,3.0,4.0,Fashion,4,Single,6.0,0,19.0,1.0,3.0,3.0,208.76,1
3770,0,20.0,Mobile Phone,3,10.0,Debit Card,Female,3.0,4.0,Grocery,4,Divorced,10.0,0,13.0,1.0,6.0,2.0,272.32625,1
3771,0,9.0,Mobile Phone,1,23.0,Debit Card,Female,4.0,5.0,Fashion,4,Single,3.0,0,20.0,2.0,4.0,3.0,211.06,3
3772,0,1.0,Mobile Phone,1,27.0,Debit Card,Male,4.0,4.0,Laptop & Accessory,3,Single,2.0,0,15.0,2.0,2.0,3.0,147.72,3
3773,1,4.0,Mobile Phone,1,16.0,Debit Card,Male,3.0,4.0,Mobile Phone,5,Single,5.0,0,15.0,2.0,2.0,1.0,145.18,3
3774,0,8.0,Mobile Phone,3,7.0,Cash on Delivery,Male,4.0,5.0,Fashion,3,Divorced,3.0,1,15.0,3.5,6.0,7.0,195.83,0
3775,1,1.0,Computer,1,10.0,Debit Card,Female,3.0,4.0,Mobile Phone,3,Single,3.0,0,13.0,3.5,6.0,8.0,165.84,0
3776,0,24.0,Computer,1,29.0,Credit Card,Male,3.0,5.5,Grocery,1,Single,3.0,1,14.0,1.0,6.0,10.0,269.11,1
3777,0,8.0,Mobile Phone,3,14.0,Cash on Delivery,Male,3.0,4.0,Mobile Phone,3,Married,2.0,1,25.5,1.0,6.0,8.0,148.08,0
3778,0,16.0,Mobile Phone,1,9.0,Credit Card,Male,4.0,5.0,Mobile Phone,4,Married,6.0,0,15.0,2.0,2.0,1.0,173.41,3
3779,0,11.0,Mobile Phone,1,20.0,Credit Card,Male,3.0,4.0,Laptop & Accessory,1,Married,3.0,0,18.0,1.0,4.0,8.0,167.85,0
3780,0,3.0,Mobile Phone,1,15.0,UPI,Female,3.0,5.5,Laptop & Accessory,5,Married,5.0,0,14.0,1.0,2.0,3.0,222.15,3
3781,0,7.0,Mobile Phone,1,32.0,Debit Card,Male,3.0,5.0,Laptop & Accessory,4,Single,3.0,0,14.0,1.0,2.0,3.0,168.2,3
3782,0,19.0,Mobile Phone,1,35.0,Cash on Delivery,Male,4.0,4.0,Mobile Phone,1,Married,6.0,0,21.0,2.0,2.0,4.0,146.32,3
3783,0,16.0,Computer,1,9.0,Debit Card,Male,3.0,4.0,Fashion,1,Married,4.0,1,15.0,3.5,6.0,3.0,226.24,0
3784,0,14.0,Mobile Phone,3,16.0,Credit Card,Male,3.0,4.0,Laptop & Accessory,5,Married,2.0,0,13.0,3.0,6.0,2.0,179.73,0
3785,0,7.0,Mobile Phone,1,35.0,Debit Card,Male,4.0,4.0,Laptop & Accessory,3,Married,3.0,1,13.0,2.0,6.0,8.0,177.07,0
3786,0,14.0,Mobile Phone,2,13.0,Credit Card,Male,3.0,4.0,Grocery,1,Single,3.0,1,22.0,1.0,6.0,8.0,272.32625,0
3787,0,1.0,Mobile Phone,1,28.0,Cash on Delivery,Male,3.0,5.0,Mobile Phone,5,Married,2.0,0,15.0,1.0,2.0,1.0,147.96,3
3788,0,14.0,Computer,1,15.0,Debit Card,Male,4.0,4.0,Laptop & Accessory,1,Married,5.0,1,19.0,3.0,3.0,3.0,165.69,3
3789,0,19.0,Mobile Phone,1,7.0,Cash on Delivery,Male,4.0,4.0,Fashion,4,Married,3.0,0,13.0,3.5,6.0,8.0,199.41,0
3790,0,9.0,Mobile Phone,3,7.0,Debit Card,Female,4.0,5.0,Mobile Phone,3,Married,2.0,0,24.0,3.0,5.0,3.0,149.3,3
3791,0,6.0,Mobile Phone,1,12.0,Debit Card,Female,4.0,5.0,Laptop & Accessory,4,Married,5.0,0,13.0,2.0,3.0,6.0,183.78,3
3792,0,10.0,Mobile Phone,3,9.0,Debit Card,Male,4.0,4.0,Mobile Phone,1,Single,5.0,1,22.0,1.0,2.0,3.0,151.44,3
3793,0,22.0,Mobile Phone,3,23.0,Debit Card,Female,4.0,4.0,Laptop & Accessory,3,Married,10.0,0,15.0,2.0,6.0,8.0,189.39,0
3794,0,3.0,Mobile Phone,1,16.0,Debit Card,Male,4.0,2.0,Mobile Phone,3,Married,8.0,0,19.0,2.0,2.0,1.0,149.51,3
3795,0,7.0,Mobile Phone,3,15.0,Debit Card,Male,3.0,4.0,Laptop & Accessory,5,Married,4.0,0,14.0,3.0,3.0,3.0,188.92,3
3796,1,1.0,Mobile Phone,3,7.0,Debit Card,Male,4.0,5.0,Laptop & Accessory,5,Married,3.0,0,12.0,3.5,6.0,3.0,222.14,0
3797,0,12.0,Computer,2,17.0,UPI,Male,4.0,4.0,Laptop & Accessory,3,Married,5.0,0,12.0,1.0,2.0,3.0,185.77,3
3798,0,9.0,Mobile Phone,1,7.0,Credit Card,Male,4.0,5.0,Mobile Phone,5,Single,3.0,0,20.0,1.0,2.0,3.0,149.5,3
3799,0,4.0,Mobile Phone,3,36.0,Cash on Delivery,Male,3.0,4.0,Fashion,4,Married,5.0,0,13.0,1.0,2.0,3.0,217.5,1
3800,1,1.0,Mobile Phone,1,9.0,Debit Card,Female,4.0,4.0,Mobile Phone,5,Married,3.0,1,13.0,2.0,2.0,1.0,145.74,3
3801,1,17.0,Mobile Phone,1,9.0,Cash on Delivery,Female,4.0,5.0,Fashion,1,Married,2.0,0,17.0,2.0,2.0,3.0,226.69,1
3802,1,2.0,Mobile Phone,1,9.0,Credit Card,Male,3.0,4.0,Laptop & Accessory,4,Married,6.0,0,12.0,1.0,2.0,5.0,173.55,3
3803,0,6.0,Computer,1,7.0,Cash on Delivery,Male,4.0,4.0,Laptop & Accessory,5,Married,6.0,0,15.0,2.0,2.0,3.0,165.87,3
3804,0,22.0,Mobile Phone,1,22.0,UPI,Female,4.0,4.0,Mobile Phone,5,Married,10.0,0,13.0,3.5,6.0,7.0,148.67,0
3805,0,8.0,Mobile Phone,1,14.0,Credit Card,Male,3.0,4.0,Mobile Phone,1,Single,3.0,0,14.0,1.0,2.0,1.0,154.72,3
3806,0,29.0,Mobile Phone,3,33.0,E wallet,Male,3.0,5.0,Others,1,Married,3.0,0,15.0,3.0,3.0,14.0,272.32625,0
3807,0,8.0,Mobile Phone,1,7.0,Debit Card,Male,3.0,4.0,Laptop & Accessory,1,Married,11.0,0,18.0,2.0,3.0,2.0,179.84,3
3808,0,1.0,Mobile Phone,1,10.0,Debit Card,Female,3.0,4.0,Mobile Phone,1,Married,3.0,0,22.0,2.0,2.0,1.0,145.61,3
3809,0,12.0,Mobile Phone,3,21.0,Debit Card,Male,4.0,4.0,Laptop & Accessory,4,Married,2.0,0,12.0,3.5,6.0,3.0,224.24,0
3810,0,12.0,Mobile Phone,3,23.0,Debit Card,Female,3.0,4.0,Laptop & Accessory,4,Single,4.0,0,13.0,1.0,2.0,3.0,166.98,3
3811,0,10.0,Mobile Phone,3,7.0,Debit Card,Female,4.0,4.0,Laptop & Accessory,3,Single,8.0,0,14.0,2.0,2.0,1.0,193.15,3
3812,0,3.0,Mobile Phone,1,10.0,Credit Card,Male,3.0,4.0,Mobile Phone,5,Single,3.0,1,19.0,1.0,2.0,6.0,172.23,3
3813,0,9.0,Mobile Phone,1,17.0,Credit Card,Female,3.0,4.0,Laptop & Accessory,3,Single,5.0,1,17.0,2.0,2.0,5.0,186.42,3
3814,0,13.0,Mobile Phone,3,13.0,Credit Card,Male,3.0,2.0,Fashion,3,Married,4.0,0,12.0,3.5,6.0,7.0,207.37,0
3815,0,3.0,Computer,1,9.0,Debit Card,Male,3.0,4.0,Laptop & Accessory,1,Married,3.0,0,20.0,1.0,2.0,3.0,213.53,3
3816,0,24.0,Mobile Phone,3,6.0,E wallet,Male,3.0,4.0,Others,3,Married,6.0,1,15.0,1.0,2.0,1.0,272.32625,1
3817,0,1.0,Mobile Phone,1,17.0,Cash on Delivery,Male,3.0,2.0,Mobile Phone,3,Married,4.0,0,17.0,3.0,3.0,3.0,145.73,3
3818,0,10.0,Computer,1,13.0,Debit Card,Male,4.0,2.0,Laptop & Accessory,5,Married,5.0,1,14.0,2.0,2.0,3.0,180.62,3
3819,0,16.0,Mobile Phone,1,16.0,UPI,Male,4.0,5.0,Others,1,Single,10.0,0,15.0,2.0,2.0,2.0,272.32625,3
3820,0,9.0,Mobile Phone,1,35.0,Debit Card,Male,3.0,2.0,Laptop & Accessory,3,Married,3.0,0,18.0,3.5,6.0,9.0,159.07,0
3821,0,8.0,Computer,1,17.0,Cash on Delivery,Male,4.0,5.0,Laptop & Accessory,3,Married,3.0,0,15.0,3.0,6.0,8.0,175.63,0
3822,0,14.0,Mobile Phone,3,21.0,Debit Card,Female,3.0,4.0,Laptop & Accessory,5,Married,3.0,0,16.0,1.0,2.0,3.0,171.39,3
3823,0,17.0,Mobile Phone,1,34.0,Cash on Delivery,Male,3.0,2.0,Mobile Phone,4,Married,7.0,0,13.0,2.0,2.0,3.0,173.76,2
3824,0,9.0,Mobile Phone,1,14.0,Debit Card,Male,4.0,5.0,Mobile Phone,1,Married,3.0,0,19.0,2.0,2.0,2.0,151.9,3
3825,0,20.0,Mobile Phone,3,7.0,Debit Card,Male,3.0,2.0,Grocery,5,Single,3.0,0,15.0,2.0,2.0,13.0,272.32625,1
3826,1,1.0,Mobile Phone,1,31.0,Credit Card,Male,3.0,4.0,Mobile Phone,4,Married,3.0,1,18.0,1.0,2.0,1.0,149.08,3
3827,0,1.0,Computer,1,33.0,UPI,Female,3.0,5.0,Mobile Phone,3,Married,3.0,1,15.0,1.0,2.0,4.0,153.14,3
3828,0,24.0,Computer,1,27.0,Credit Card,Male,3.0,4.0,Grocery,3,Married,4.0,1,16.0,3.5,2.0,14.0,237.45,1
3829,0,6.0,Mobile Phone,1,12.0,UPI,Female,3.0,2.0,Mobile Phone,1,Married,5.0,0,18.0,2.0,2.0,3.0,158.12,2
3830,0,18.0,Mobile Phone,1,14.0,Credit Card,Female,3.0,4.0,Others,1,Married,2.0,1,15.0,2.0,2.0,11.0,272.32625,1
3831,0,4.0,Mobile Phone,1,14.0,Credit Card,Male,3.0,5.0,Mobile Phone,4,Married,3.0,0,13.0,1.0,2.0,2.0,146.41,3
3832,0,19.0,Mobile Phone,1,12.0,Credit Card,Female,3.0,5.5,Laptop & Accessory,5,Single,3.0,1,15.0,2.0,2.0,5.0,182.69,3
3833,0,19.0,Computer,3,33.0,E wallet,Male,3.0,5.0,Laptop & Accessory,5,Married,3.0,0,16.0,1.0,5.0,6.0,168.85,0
3834,0,5.0,Computer,3,9.0,UPI,Male,3.0,4.0,Laptop & Accessory,5,Single,9.0,0,14.0,1.0,2.0,4.0,178.32,3
3835,0,10.0,Mobile Phone,1,19.0,Debit Card,Female,4.0,4.0,Laptop & Accessory,3,Married,11.0,1,13.0,1.0,2.0,2.0,171.63,3
3836,0,8.0,Computer,1,17.0,Debit Card,Male,3.0,2.0,Laptop & Accessory,1,Married,3.0,0,14.0,3.5,6.0,3.0,172.24,0
3837,0,23.0,Mobile Phone,1,32.0,Debit Card,Female,3.0,4.0,Mobile Phone,5,Married,3.0,0,15.0,1.0,2.0,5.0,157.11,1
3838,0,13.0,Mobile Phone,1,17.0,Credit Card,Male,4.0,4.0,Laptop & Accessory,5,Married,4.0,0,14.0,3.5,6.0,8.0,178.77,0
3839,0,1.0,Mobile Phone,1,26.0,UPI,Male,4.0,5.0,Mobile Phone,5,Married,3.0,0,12.0,1.0,2.0,8.0,165.66,3
3840,0,9.0,Mobile Phone,1,25.0,Debit Card,Male,3.0,2.0,Laptop & Accessory,5,Married,3.0,0,12.0,1.0,2.0,11.0,177.08,2
3841,0,2.0,Mobile Phone,1,34.0,Credit Card,Female,3.0,5.5,Laptop & Accessory,5,Married,2.0,0,22.0,2.0,2.0,1.0,69.83625,3
3842,0,1.0,Mobile Phone,1,12.0,Credit Card,Male,4.0,4.0,Mobile Phone,1,Single,3.0,0,19.0,2.0,3.0,3.0,156.17,3
3843,1,1.0,Computer,3,10.0,Credit Card,Female,4.0,4.0,Mobile Phone,1,Single,3.0,1,13.0,1.0,2.0,1.0,140.69,3
3844,0,21.0,Mobile Phone,2,33.0,Debit Card,Female,4.0,4.0,Others,3,Married,5.0,0,15.0,2.0,2.0,1.0,272.32625,1
3845,0,13.0,Mobile Phone,1,10.0,Credit Card,Male,4.0,5.0,Laptop & Accessory,3,Married,2.0,0,16.0,1.0,2.0,8.0,155.69,3
3846,0,14.0,Mobile Phone,1,22.0,Debit Card,Female,4.0,5.0,Fashion,3,Married,3.0,0,14.0,2.0,6.0,3.0,229.35,0
3847,0,9.0,Computer,1,15.0,Debit Card,Female,3.0,4.0,Laptop & Accessory,3,Married,3.0,0,13.0,3.0,3.0,10.0,166.48,0
3848,0,11.0,Mobile Phone,1,26.0,Debit Card,Male,3.0,4.0,Laptop & Accessory,3,Married,5.0,0,18.0,1.0,2.0,3.0,182.68,3
3849,0,13.0,Computer,1,11.0,Credit Card,Female,3.0,4.0,Laptop & Accessory,3,Single,2.0,0,14.0,3.5,4.0,9.0,175.42,0
3850,0,19.0,Mobile Phone,1,9.0,UPI,Female,3.0,5.0,Laptop & Accessory,1,Married,3.0,0,20.0,3.0,4.0,10.0,182.7,0
3851,0,12.0,Mobile Phone,1,9.0,Credit Card,Female,3.0,5.0,Fashion,3,Married,5.0,1,20.0,2.0,2.0,3.0,202.56,1
3852,1,1.0,Mobile Phone,3,17.0,Credit Card,Male,3.0,5.0,Fashion,5,Married,11.0,0,18.0,3.5,6.0,3.0,228.06,0
3853,0,11.0,Mobile Phone,1,17.0,Credit Card,Female,4.0,4.0,Mobile Phone,4,Married,3.0,0,12.0,2.0,6.0,8.0,164.36,0
3854,0,14.0,Mobile Phone,1,23.0,Debit Card,Female,3.0,4.0,Fashion,1,Single,8.0,1,16.0,2.0,4.0,4.0,204.45,1
3855,0,18.0,Computer,2,7.0,UPI,Male,3.0,4.0,Laptop & Accessory,1,Married,6.0,1,12.0,2.0,2.0,3.0,182.43,1
3856,0,22.0,Computer,1,11.0,Credit Card,Male,3.0,5.0,Grocery,1,Married,4.0,0,25.5,1.0,3.0,3.0,272.32625,1
3857,1,1.0,Mobile Phone,3,22.0,Credit Card,Male,3.0,5.5,Laptop & Accessory,1,Married,8.0,1,15.0,2.0,3.0,3.0,179.4,3
3858,0,1.0,Computer,1,9.0,Cash on Delivery,Female,3.0,4.0,Mobile Phone,1,Single,3.0,1,14.0,2.0,2.0,4.0,162.6,3
3859,0,1.0,Mobile Phone,1,15.0,Credit Card,Female,3.0,2.0,Mobile Phone,3,Married,9.0,0,18.0,1.0,2.0,3.0,160.17,2
3860,0,1.0,Computer,1,9.0,Credit Card,Male,3.0,4.0,Mobile Phone,1,Single,4.0,0,14.0,1.0,2.0,3.0,150.8,3
3861,1,4.0,Mobile Phone,1,14.0,Debit Card,Male,4.0,4.0,Mobile Phone,5,Single,5.0,1,15.0,1.0,2.0,4.0,146.66,3
3862,0,3.0,Mobile Phone,3,17.0,Credit Card,Male,3.0,5.0,Laptop & Accessory,3,Single,11.0,0,12.0,2.0,2.0,5.0,183.69,3
3863,0,10.0,Mobile Phone,1,12.0,Debit Card,Female,3.0,4.0,Fashion,5,Married,6.0,0,13.0,2.0,2.0,3.0,205.08,1
3864,0,1.0,Computer,1,9.0,Debit Card,Male,4.0,2.0,Laptop & Accessory,3,Married,3.0,0,18.0,1.0,2.0,8.0,177.06,3
3865,0,13.0,Mobile Phone,1,19.0,Credit Card,Male,4.0,4.0,Laptop & Accessory,4,Married,6.0,0,22.0,2.0,2.0,1.0,177.95,3
3866,0,23.0,Mobile Phone,1,29.0,UPI,Female,4.0,4.0,Grocery,4,Married,5.0,0,17.0,1.0,2.0,3.0,272.32625,1
3867,0,24.0,Mobile Phone,1,24.0,Debit Card,Female,3.0,5.0,Fashion,5,Married,7.0,0,16.0,2.0,2.0,12.0,257.69,1
3868,0,1.0,Mobile Phone,3,9.0,Credit Card,Female,3.0,4.0,Mobile Phone,3,Single,3.0,0,20.0,1.0,3.0,3.0,152.83,3
3869,0,8.0,Mobile Phone,1,10.0,Debit Card,Female,4.0,4.0,Laptop & Accessory,4,Married,3.0,0,13.0,3.5,6.0,10.0,179.33,0
3870,0,10.0,Mobile Phone,1,14.0,Debit Card,Male,4.0,4.0,Mobile Phone,4,Single,4.0,0,12.0,1.0,2.0,4.0,145.13,3
3871,0,23.0,Mobile Phone,1,13.0,Debit Card,Female,3.0,5.0,Grocery,3,Married,4.0,1,20.0,1.0,3.0,13.0,264.66,1
3872,0,10.0,Computer,1,7.0,Credit Card,Female,3.0,5.0,Laptop & Accessory,3,Married,2.0,0,16.0,2.0,2.0,3.0,168.74,3
3873,0,10.0,Mobile Phone,1,10.0,Debit Card,Male,4.0,2.0,Laptop & Accessory,5,Married,8.0,0,21.0,2.0,2.0,5.0,193.42,1
3874,0,28.0,Mobile Phone,1,29.0,Credit Card,Female,4.0,4.0,Grocery,3,Married,5.0,0,15.0,3.0,5.0,8.0,272.32625,1
3875,0,17.0,Mobile Phone,1,22.0,Debit Card,Male,4.0,5.0,Grocery,3,Married,3.0,0,15.0,3.5,6.0,12.0,272.32625,0
3876,1,1.0,Computer,3,19.0,UPI,Male,3.0,4.0,Laptop & Accessory,1,Single,5.0,1,25.0,3.5,6.0,8.0,170.81,0
3877,0,12.0,Computer,1,7.0,Debit Card,Male,3.0,4.0,Laptop & Accessory,1,Married,9.0,0,16.0,3.0,3.0,10.0,172.35,0
3878,0,3.0,Mobile Phone,3,12.0,Credit Card,Male,3.0,5.0,Laptop & Accessory,4,Married,3.0,1,14.0,1.0,2.0,10.0,166.87,3
3879,0,7.0,Mobile Phone,3,9.0,Credit Card,Male,4.0,4.0,Laptop & Accessory,1,Married,3.0,0,15.0,2.0,2.0,5.0,180.05,3
3880,0,6.0,Mobile Phone,1,9.0,Credit Card,Male,3.0,4.0,Laptop & Accessory,4,Married,2.0,0,14.0,1.0,2.0,7.0,179.7,3
3881,0,5.0,Mobile Phone,3,12.0,Debit Card,Female,4.0,4.0,Laptop & Accessory,1,Married,3.0,0,12.0,1.0,2.0,3.0,179.76,3
3882,0,23.0,Mobile Phone,1,23.0,Credit Card,Female,4.0,4.0,Mobile Phone,5,Married,6.0,1,17.0,2.0,3.0,3.0,150.87,3
3883,0,12.0,Computer,1,9.0,Credit Card,Female,3.0,5.0,Mobile Phone,4,Single,3.0,0,23.0,2.0,4.0,4.0,149.4,3
3884,0,21.0,Mobile Phone,3,9.0,Debit Card,Female,3.0,2.0,Grocery,4,Married,8.0,0,15.0,1.0,2.0,3.0,272.32625,1
3885,0,23.0,Mobile Phone,1,7.0,Debit Card,Male,3.0,4.0,Grocery,3,Single,6.0,0,15.0,1.0,2.0,1.0,272.32625,1
3886,0,15.0,Mobile Phone,3,30.0,Debit Card,Male,4.0,4.0,Fashion,3,Single,5.0,1,17.0,1.0,2.0,3.0,195.82,1
3887,0,1.0,Mobile Phone,3,16.0,Debit Card,Male,3.0,4.0,Mobile Phone,5,Single,3.0,0,12.0,1.0,2.0,3.0,152.28,3
3888,0,7.0,Computer,3,23.0,Debit Card,Female,3.0,4.0,Laptop & Accessory,1,Married,3.0,1,25.5,1.0,2.0,3.0,178.68,3
3889,0,10.0,Mobile Phone,1,33.0,Debit Card,Male,4.0,4.0,Laptop & Accessory,3,Married,8.0,0,15.0,2.0,2.0,3.0,178.47,3
3890,0,18.0,Mobile Phone,2,7.0,Debit Card,Female,3.0,4.0,Mobile Phone,1,Married,6.0,1,19.0,3.0,3.0,3.0,156.95,3
3891,1,1.0,Mobile Phone,1,15.0,Credit Card,Male,4.0,5.0,Mobile Phone,3,Single,3.0,1,12.0,2.0,2.0,3.0,164.89,3
3892,0,12.0,Mobile Phone,1,11.0,Credit Card,Female,3.0,4.0,Mobile Phone,3,Married,9.0,0,20.0,1.0,2.0,1.0,158.06,3
3893,0,27.0,Mobile Phone,1,31.0,Credit Card,Male,3.0,2.0,Fashion,1,Married,5.0,0,16.0,1.0,2.0,3.0,195.05,1
3894,1,12.0,Computer,3,14.0,Credit Card,Female,4.0,4.0,Mobile Phone,3,Married,4.0,1,12.0,3.5,6.0,8.0,151.55,0
3895,1,1.0,Mobile Phone,1,9.0,Debit Card,Male,4.0,4.0,Mobile Phone,4,Single,3.0,0,13.0,2.0,2.0,1.0,138.93,3
3896,0,1.0,Computer,1,14.0,Credit Card,Male,4.0,4.0,Mobile Phone,1,Single,3.0,0,21.0,3.5,6.0,8.0,150.7,0
3897,0,29.0,Mobile Phone,1,29.0,Cash on Delivery,Male,4.0,5.0,Mobile Phone,4,Married,7.0,0,13.0,2.0,2.0,3.0,160.37,1
3898,0,8.0,Mobile Phone,1,12.0,Credit Card,Male,3.0,5.0,Laptop & Accessory,1,Married,3.0,0,15.0,3.5,5.0,14.0,164.86,0
3899,0,30.0,Mobile Phone,1,7.0,Credit Card,Male,4.0,5.5,Fashion,1,Married,5.0,0,21.0,1.0,2.0,1.0,233.82999999999998,1
3900,0,7.0,Mobile Phone,1,28.0,Credit Card,Male,4.0,2.0,Mobile Phone,4,Married,3.0,0,19.0,3.0,3.0,14.0,145.28,0
3901,0,11.0,Computer,3,7.0,Credit Card,Male,3.0,5.5,Laptop & Accessory,1,Married,3.0,0,15.0,1.0,2.0,3.0,220.25,3
3902,0,8.0,Mobile Phone,1,26.0,Debit Card,Female,3.0,5.0,Mobile Phone,1,Married,3.0,0,13.0,3.5,6.0,8.0,154.29,0
3903,1,1.0,Mobile Phone,3,14.0,Debit Card,Male,3.0,4.0,Mobile Phone,1,Married,3.0,1,22.0,2.0,2.0,3.0,147.75,3
3904,0,18.0,Mobile Phone,1,9.0,Debit Card,Female,4.0,2.0,Fashion,1,Married,3.0,1,20.0,3.5,6.0,8.0,203.79,0
3905,0,9.0,Computer,1,9.0,Credit Card,Male,4.0,5.0,Mobile Phone,1,Single,2.0,1,15.0,2.0,2.0,5.0,174.3,3
3906,0,17.0,Mobile Phone,3,9.0,Credit Card,Male,4.0,4.0,Laptop & Accessory,1,Married,3.0,1,18.0,1.0,6.0,9.0,203.47,0
3907,0,1.0,Mobile Phone,1,16.0,Credit Card,Male,4.0,2.0,Mobile Phone,3,Married,3.0,0,17.0,1.0,2.0,5.0,169.01,3
3908,0,15.0,Mobile Phone,3,13.0,E wallet,Male,3.0,4.0,Fashion,3,Single,3.0,0,13.0,3.5,6.0,3.0,217.41,0
3909,0,3.0,Mobile Phone,1,16.0,Credit Card,Female,3.0,4.0,Mobile Phone,3,Married,11.0,0,18.0,2.0,2.0,3.0,154.74,3
3910,0,10.0,Mobile Phone,3,9.0,Debit Card,Female,3.0,4.0,Laptop & Accessory,1,Single,5.0,0,16.0,3.5,6.0,8.0,170.02,0
3911,0,19.0,Computer,1,7.0,Debit Card,Male,4.0,5.0,Fashion,3,Married,5.0,0,24.0,3.5,2.0,5.0,232.48000000000002,1
3912,1,1.0,Mobile Phone,2,29.0,UPI,Male,3.0,5.5,Mobile Phone,3,Married,3.0,0,12.0,1.0,2.0,1.0,140.55,3
3913,1,11.0,Computer,3,16.0,Debit Card,Male,3.0,5.5,Grocery,3,Married,9.0,0,12.0,2.0,2.0,11.0,254.36,1
3914,0,1.0,Mobile Phone,1,24.0,Credit Card,Male,4.0,5.5,Mobile Phone,3,Married,3.0,0,16.0,1.0,2.0,3.0,148.05,3
3915,0,19.0,Mobile Phone,1,35.0,Cash on Delivery,Female,3.0,5.0,Grocery,4,Single,3.0,0,15.0,3.5,6.0,7.0,272.32625,0
3916,0,6.0,Computer,1,17.0,Debit Card,Male,3.0,4.0,Mobile Phone,3,Married,8.0,0,14.0,1.0,2.0,4.0,159.33,3
3917,0,5.0,Mobile Phone,1,9.0,Debit Card,Male,4.0,4.0,Mobile Phone,3,Married,3.0,0,15.0,1.0,2.0,4.0,159.77,3
3918,0,15.0,Computer,2,11.0,UPI,Male,3.0,5.5,Laptop & Accessory,4,Married,8.0,0,20.0,1.0,2.0,3.0,189.3,3
3919,0,14.0,Mobile Phone,1,15.0,Debit Card,Female,4.0,4.0,Laptop & Accessory,5,Married,4.0,1,17.0,1.0,2.0,1.0,190.16,3
3920,0,1.0,Mobile Phone,1,36.0,Credit Card,Male,4.0,4.0,Mobile Phone,5,Married,3.0,0,14.0,2.0,2.0,3.0,164.07,3
3921,0,20.0,Mobile Phone,1,20.0,Debit Card,Male,3.0,4.0,Laptop & Accessory,4,Single,8.0,0,15.0,2.0,2.0,10.0,180.62,1
3922,0,9.0,Mobile Phone,1,34.0,Debit Card,Male,3.0,4.0,Laptop & Accessory,3,Married,4.0,0,17.0,1.0,2.0,8.0,193.83,3
3923,0,4.0,Mobile Phone,1,23.0,Debit Card,Male,3.0,4.0,Mobile Phone,1,Married,3.0,0,13.0,1.0,2.0,9.0,153.62,3
3924,0,21.0,Computer,3,9.0,E wallet,Male,3.0,4.0,Laptop & Accessory,4,Married,9.0,0,12.0,1.0,2.0,1.0,174.78,1
3925,0,20.0,Mobile Phone,3,9.0,Debit Card,Male,4.0,4.0,Fashion,1,Married,6.0,1,13.0,1.0,2.0,3.0,228.68,1
3926,1,1.0,Mobile Phone,3,20.0,E wallet,Male,4.0,5.0,Laptop & Accessory,5,Married,7.0,1,14.0,3.0,3.0,3.0,186.34,3
3927,1,1.0,Mobile Phone,3,7.0,Debit Card,Male,3.0,5.5,Laptop & Accessory,4,Single,8.0,0,16.0,1.0,2.0,1.0,192.35,3
3928,0,1.0,Mobile Phone,1,11.0,Credit Card,Female,3.0,4.0,Mobile Phone,4,Single,3.0,0,14.0,2.0,2.0,3.0,157.95,3
3929,0,5.0,Computer,1,31.0,Cash on Delivery,Female,2.0,4.0,Laptop & Accessory,1,Single,4.0,0,21.0,2.0,2.0,5.0,177.38,3
3930,0,13.0,Computer,1,7.0,Debit Card,Male,4.0,4.0,Laptop & Accessory,1,Married,3.0,1,16.0,3.5,6.0,9.0,189.72,0
3931,0,6.0,Mobile Phone,3,26.0,Debit Card,Male,4.0,5.5,Fashion,3,Married,5.0,0,14.0,2.0,2.0,3.0,221.1,3
3932,0,14.0,Mobile Phone,3,14.0,Credit Card,Male,3.0,4.0,Others,4,Single,3.0,0,15.0,2.0,6.0,9.0,272.32625,0
3933,0,19.0,Mobile Phone,2,11.0,Debit Card,Female,3.0,5.5,Fashion,3,Married,6.0,0,22.0,2.0,2.0,3.0,222.56,1
3934,0,4.0,Computer,1,9.0,Cash on Delivery,Female,4.0,5.0,Mobile Phone,5,Single,2.0,0,17.0,1.0,2.0,8.0,174.68,3
3935,0,1.0,Computer,2,17.0,Credit Card,Male,3.0,4.0,Mobile Phone,1,Married,2.0,0,15.0,2.0,3.0,2.0,146.45,3
3936,1,1.0,Computer,2,15.0,UPI,Female,4.0,5.0,Mobile Phone,1,Married,8.0,0,12.0,2.0,2.0,3.0,146.8,3
3937,0,5.0,Mobile Phone,3,12.0,Cash on Delivery,Male,3.0,4.0,Laptop & Accessory,3,Married,3.0,0,20.0,1.0,2.0,3.0,208.46,3
3938,0,1.0,Mobile Phone,1,15.0,Credit Card,Female,4.0,4.0,Mobile Phone,1,Single,3.0,0,12.0,2.0,2.0,5.0,159.45,3
3939,1,1.0,Mobile Phone,3,16.0,E wallet,Female,3.0,5.5,Mobile Phone,4,Single,3.0,0,14.0,2.0,3.0,3.0,152.6,3
3940,0,3.0,Computer,1,7.0,Debit Card,Male,4.0,2.0,Laptop & Accessory,3,Single,10.0,1,13.0,1.0,2.0,3.0,187.94,3
3941,0,4.0,Mobile Phone,3,22.0,E wallet,Male,4.0,5.0,Fashion,5,Married,4.0,0,12.0,1.0,2.0,8.0,196.4,3
3942,0,8.0,Mobile Phone,1,9.0,Credit Card,Male,4.0,2.0,Mobile Phone,1,Married,2.0,1,15.0,1.0,2.0,3.0,154.32,2
3943,0,7.0,Computer,3,9.0,E wallet,Female,4.0,4.0,Laptop & Accessory,4,Single,10.0,0,16.0,1.0,2.0,8.0,176.47,3
3944,0,23.0,Mobile Phone,3,18.0,E wallet,Female,4.0,4.0,Laptop & Accessory,1,Single,5.0,0,13.0,1.0,2.0,5.0,170.07,1
3945,1,1.0,Mobile Phone,3,23.0,Debit Card,Female,4.0,4.0,Fashion,5,Single,4.0,1,21.0,1.0,2.0,3.0,210.64,3
3946,0,12.0,Computer,1,9.0,Credit Card,Female,4.0,5.0,Mobile Phone,4,Married,6.0,0,15.0,1.0,2.0,6.0,149.68,3
3947,1,1.0,Mobile Phone,3,23.0,E wallet,Male,4.0,4.0,Fashion,3,Married,4.0,0,14.0,2.0,2.0,1.0,206.61,3
3948,0,3.0,Mobile Phone,1,11.0,Cash on Delivery,Female,4.0,5.0,Mobile Phone,5,Married,3.0,0,14.0,1.0,2.0,1.0,146.09,3
3949,0,1.0,Mobile Phone,1,23.0,Debit Card,Male,3.0,2.0,Laptop & Accessory,3,Married,5.0,0,17.0,2.0,2.0,8.0,177.94,2
3950,0,6.0,Computer,1,12.0,Cash on Delivery,Male,4.0,4.0,Mobile Phone,4,Single,4.0,0,15.0,2.0,2.0,8.0,152.18,3
3951,0,12.0,Mobile Phone,1,25.0,Credit Card,Male,3.0,5.5,Laptop & Accessory,1,Married,5.0,1,17.0,1.0,2.0,1.0,183.11,3
3952,1,7.0,Computer,1,24.0,Cash on Delivery,Male,3.0,5.0,Mobile Phone,3,Married,11.0,1,17.0,2.0,2.0,1.0,149.37,3
3953,0,16.0,Mobile Phone,1,19.0,Credit Card,Male,3.0,4.0,Mobile Phone,4,Married,10.0,0,23.0,2.0,2.0,5.0,152.66,3
3954,0,29.0,Mobile Phone,1,9.0,Credit Card,Male,3.0,5.0,Others,5,Married,10.0,0,15.0,1.0,2.0,1.0,272.32625,1
3955,0,7.0,Computer,1,11.0,Cash on Delivery,Male,3.0,4.0,Laptop & Accessory,4,Married,7.0,0,16.0,1.0,2.0,8.0,155.55,3
3956,0,15.0,Mobile Phone,1,16.0,Debit Card,Male,4.0,4.0,Mobile Phone,5,Married,3.0,0,21.0,2.0,2.0,5.0,147.89,3
3957,0,8.0,Computer,3,17.0,Debit Card,Male,3.0,4.0,Laptop & Accessory,3,Married,3.0,1,15.0,2.0,2.0,8.0,165.01,3
3958,0,27.0,Computer,1,7.0,Credit Card,Female,3.0,5.0,Grocery,3,Married,6.0,1,21.0,1.0,2.0,3.0,254.64999999999998,1
3959,0,17.0,Mobile Phone,2,9.0,Debit Card,Male,4.0,4.0,Mobile Phone,1,Single,2.0,0,14.0,1.0,2.0,9.0,160.39,3
3960,0,8.0,Mobile Phone,3,10.0,Debit Card,Female,3.0,5.5,Laptop & Accessory,1,Single,7.0,0,13.0,2.0,3.0,3.0,185.29,3
3961,1,1.0,Mobile Phone,3,14.0,E wallet,Male,3.0,4.0,Mobile Phone,4,Single,3.0,0,14.0,2.0,2.0,1.0,151.79,3
3962,0,12.0,Mobile Phone,1,13.0,UPI,Female,3.0,5.0,Mobile Phone,3,Married,3.0,0,12.0,1.0,2.0,5.0,162.02,3
3963,1,1.0,Mobile Phone,1,15.0,Credit Card,Female,4.0,4.0,Mobile Phone,5,Married,3.0,1,18.0,1.0,2.0,1.0,148.98,3
3964,0,5.0,Mobile Phone,3,36.0,E wallet,Female,4.0,5.0,Laptop & Accessory,1,Married,3.0,0,15.0,3.0,6.0,8.0,179.68,0
3965,0,25.0,Mobile Phone,1,10.0,Cash on Delivery,Female,3.0,4.0,Fashion,3,Married,4.0,0,12.0,3.0,2.0,3.0,256.16,1
3966,0,11.0,Mobile Phone,3,16.0,E wallet,Male,3.0,5.0,Laptop & Accessory,4,Married,3.0,0,15.0,1.0,2.0,4.0,166.89,3
3967,0,20.0,Mobile Phone,1,9.0,Credit Card,Male,3.0,4.0,Others,1,Married,9.0,1,15.0,2.0,3.0,3.0,272.32625,1
3968,0,10.0,Mobile Phone,1,17.0,Debit Card,Male,3.0,4.0,Fashion,5,Married,9.0,1,14.0,2.0,6.0,8.0,208.21,0
3969,1,8.0,Computer,1,7.0,Credit Card,Male,3.0,4.0,Mobile Phone,4,Married,3.0,1,13.0,2.0,3.0,4.0,148.42,3
3970,0,11.0,Mobile Phone,2,15.0,UPI,Male,3.0,4.0,Laptop & Accessory,4,Married,4.0,0,14.0,3.5,5.0,8.0,165.71,0
3971,1,1.0,Mobile Phone,3,34.0,Debit Card,Male,3.0,4.0,Laptop & Accessory,1,Single,3.0,1,19.0,1.0,6.0,8.0,183.13,0
3972,0,7.0,Mobile Phone,1,15.0,Debit Card,Male,3.0,2.0,Mobile Phone,5,Married,8.0,0,20.0,3.5,6.0,7.0,156.43,0
3973,0,2.0,Mobile Phone,1,7.0,Debit Card,Male,3.0,4.0,Mobile Phone,1,Married,3.0,0,12.0,1.0,2.0,4.0,145.44,3
3974,0,13.0,Mobile Phone,1,17.0,Credit Card,Male,4.0,4.0,Fashion,3,Single,9.0,0,22.0,3.0,2.0,3.0,259.64,1
3975,0,20.0,Computer,3,33.0,Debit Card,Male,4.0,5.0,Laptop & Accessory,4,Single,10.0,0,16.0,3.0,3.0,3.0,204.91,3
3976,0,14.0,Mobile Phone,1,9.0,Debit Card,Female,3.0,4.0,Mobile Phone,5,Married,6.0,0,18.0,2.0,2.0,3.0,158.77,3
3977,0,16.0,Mobile Phone,1,20.0,Credit Card,Male,4.0,2.0,Laptop & Accessory,5,Married,7.0,0,19.0,2.0,2.0,1.0,180.38,1
3978,0,9.0,Computer,1,9.0,Credit Card,Male,3.0,4.0,Laptop & Accessory,1,Married,4.0,0,15.0,1.0,2.0,8.0,182.62,3
3979,0,12.0,Computer,2,9.0,UPI,Male,4.0,4.0,Mobile Phone,4,Married,7.0,0,14.0,3.5,4.0,9.0,150.92,0
3980,1,1.0,Computer,1,16.0,Debit Card,Male,4.0,4.0,Laptop & Accessory,5,Married,6.0,0,18.0,1.0,2.0,8.0,178.46,3
3981,1,1.0,Mobile Phone,1,17.0,Credit Card,Male,3.0,4.0,Laptop & Accessory,5,Single,3.0,0,16.0,1.0,2.0,9.0,167.13,3
3982,0,13.0,Computer,3,27.0,Debit Card,Male,3.0,4.0,Laptop & Accessory,1,Married,4.0,0,19.0,2.0,3.0,3.0,166.27,3
3983,0,17.0,Computer,1,16.0,Debit Card,Male,3.0,4.0,Mobile Phone,3,Single,6.0,0,14.0,1.0,2.0,3.0,149.38,3
3984,0,15.0,Mobile Phone,1,12.0,Debit Card,Male,3.0,2.0,Laptop & Accessory,4,Single,5.0,0,13.0,2.0,2.0,3.0,193.7,2
3985,0,15.0,Mobile Phone,3,11.0,E wallet,Female,3.0,4.0,Fashion,3,Married,2.0,1,14.0,1.0,6.0,3.0,229.47,1
3986,0,4.0,Mobile Phone,1,17.0,Credit Card,Female,4.0,4.0,Fashion,3,Single,11.0,0,15.0,1.0,2.0,3.0,221.67,1
3987,1,1.0,Mobile Phone,2,27.0,Credit Card,Female,4.0,4.0,Mobile Phone,4,Married,2.0,1,12.0,1.0,2.0,5.0,146.48,3
3988,1,10.0,Mobile Phone,1,28.0,Credit Card,Female,4.0,4.0,Laptop & Accessory,4,Married,6.0,0,23.0,2.0,4.0,3.0,214.26,3
3989,0,14.0,Mobile Phone,1,7.0,Debit Card,Female,3.0,4.0,Laptop & Accessory,1,Married,6.0,0,18.0,1.0,2.0,4.0,190.13,1
3990,0,8.0,Mobile Phone,3,15.0,Cash on Delivery,Male,4.0,2.0,Laptop & Accessory,3,Married,3.0,0,22.0,1.0,5.0,9.0,192.99,0
3991,0,30.0,Computer,3,9.0,Credit Card,Male,3.0,4.0,Grocery,4,Married,6.0,0,23.0,3.5,6.0,14.5,69.83625,0
3992,0,9.0,Mobile Phone,1,30.0,Credit Card,Male,4.0,5.5,Mobile Phone,3,Married,2.0,0,17.0,2.0,2.0,4.0,152.05,3
3993,0,21.0,Mobile Phone,1,11.0,Debit Card,Female,4.0,5.0,Fashion,4,Married,10.0,1,13.0,3.0,6.0,3.0,228.33,1
3994,0,14.0,Mobile Phone,1,19.0,Debit Card,Female,3.0,4.0,Laptop & Accessory,5,Married,4.0,0,13.0,3.5,6.0,8.0,169.48,0
3995,0,28.0,Mobile Phone,1,14.0,Credit Card,Female,4.0,4.0,Laptop & Accessory,1,Married,6.0,0,16.0,2.0,2.0,8.0,193.54,1
3996,0,5.0,Computer,3,14.0,E wallet,Female,4.0,4.0,Fashion,5,Married,4.0,0,15.0,3.0,3.0,3.0,221.37,0
3997,0,2.0,Mobile Phone,1,7.0,Credit Card,Female,4.0,4.0,Mobile Phone,5,Married,3.0,0,25.5,2.0,2.0,3.0,160.91,3
3998,0,12.0,Mobile Phone,3,9.0,E wallet,Female,4.0,5.5,Laptop & Accessory,1,Married,4.0,1,21.0,1.0,2.0,4.0,179.05,3
3999,0,1.0,Mobile Phone,3,17.0,Credit Card,Male,3.0,4.0,Laptop & Accessory,1,Single,3.0,0,14.0,1.0,2.0,3.0,171.84,3
4000,0,30.0,Computer,1,22.0,Debit Card,Male,3.0,4.0,Grocery,3,Married,4.0,1,15.0,1.0,3.0,3.0,272.32625,1
4001,0,1.0,Computer,1,21.0,Credit Card,Female,3.0,4.0,Mobile Phone,3,Single,3.0,0,17.0,2.0,2.0,1.0,140.14,3
4002,1,1.0,Mobile Phone,2,25.0,UPI,Male,3.0,2.0,Mobile Phone,5,Married,2.0,0,18.0,2.0,2.0,1.0,154.56,2
4003,1,1.0,Mobile Phone,2,20.0,UPI,Male,3.0,5.0,Mobile Phone,5,Married,6.0,1,16.0,2.0,3.0,1.0,148.35,3
4004,0,19.0,Computer,3,9.0,Debit Card,Female,4.0,4.0,Laptop & Accessory,3,Married,6.0,0,23.0,3.5,6.0,8.0,176.54,0
4005,0,10.0,Mobile Phone,1,9.0,UPI,Female,4.0,4.0,Laptop & Accessory,4,Married,6.0,1,23.0,1.0,2.0,1.0,194.62,3
4006,0,17.0,Computer,3,9.0,Debit Card,Male,4.0,4.0,Laptop & Accessory,1,Married,3.0,0,21.0,3.5,6.0,8.0,181.75,0
4007,0,1.0,Computer,1,12.0,Debit Card,Female,3.0,4.0,Mobile Phone,1,Single,2.0,1,15.0,2.0,2.0,3.0,148.79,3
4008,0,3.0,Computer,1,27.0,Credit Card,Male,3.0,4.0,Mobile Phone,1,Married,3.0,0,14.0,2.0,4.0,11.0,163.12,0
4009,0,6.0,Computer,3,17.0,E wallet,Male,4.0,4.0,Laptop & Accessory,1,Single,10.0,0,14.0,2.0,2.0,1.0,171.48,3
4010,0,16.0,Computer,1,17.0,Cash on Delivery,Male,3.0,4.0,Mobile Phone,3,Married,5.0,0,23.0,2.0,4.0,4.0,154.36,3
4011,0,21.0,Mobile Phone,1,16.0,Debit Card,Female,4.0,4.0,Mobile Phone,3,Single,6.0,0,13.0,2.0,3.0,1.0,146.05,3
4012,0,20.0,Mobile Phone,1,9.0,Debit Card,Male,3.0,4.0,Fashion,1,Married,5.0,0,15.0,2.0,5.0,3.0,210.78,1
4013,0,2.0,Computer,2,7.0,Debit Card,Male,3.0,4.0,Mobile Phone,1,Married,3.0,0,16.0,1.0,3.0,3.0,152.06,3
4014,0,3.0,Mobile Phone,1,36.0,Debit Card,Male,4.0,5.5,Laptop & Accessory,3,Married,10.0,0,18.0,2.0,2.0,7.0,188.84,3
4015,0,16.0,Mobile Phone,1,15.0,Debit Card,Male,3.0,4.0,Mobile Phone,3,Single,6.0,0,14.0,2.0,2.0,1.0,164.68,3
4016,1,1.0,Mobile Phone,3,9.0,E wallet,Male,3.0,5.0,Laptop & Accessory,4,Single,9.0,1,13.0,3.0,3.0,3.0,224.07,3
4017,0,20.0,Mobile Phone,3,10.0,Cash on Delivery,Female,3.0,2.0,Grocery,5,Married,4.0,0,13.0,2.0,2.0,9.0,257.25,1
4018,0,1.0,Mobile Phone,3,30.0,Credit Card,Female,3.0,5.0,Laptop & Accessory,3,Married,3.0,0,22.0,3.5,6.0,9.0,160.4,0
4019,0,3.0,Mobile Phone,2,13.0,Credit Card,Male,3.0,5.0,Mobile Phone,4,Married,3.0,0,12.0,2.0,2.0,1.0,153.04,3
4020,0,17.0,Mobile Phone,1,13.0,Credit Card,Female,3.0,5.0,Others,3,Married,9.0,0,15.0,3.5,6.0,14.5,272.32625,0
4021,0,22.0,Mobile Phone,1,17.0,Debit Card,Male,4.0,5.0,Others,4,Married,6.0,0,15.0,3.5,6.0,10.0,272.32625,0
4022,1,1.0,Computer,1,31.0,Debit Card,Male,4.0,5.0,Mobile Phone,1,Single,3.0,1,25.0,2.0,2.0,1.0,149.39,3
4023,1,10.0,Mobile Phone,3,17.0,Debit Card,Female,4.0,4.0,Fashion,4,Married,7.0,0,22.0,1.0,2.0,8.0,198.14,1
4024,0,1.0,Computer,1,22.0,Debit Card,Female,4.0,5.0,Mobile Phone,5,Married,2.0,0,20.0,3.5,6.0,4.0,172.74,0
4025,0,13.0,Mobile Phone,1,26.0,UPI,Male,3.0,4.0,Laptop & Accessory,1,Married,10.0,0,15.0,2.0,3.0,3.0,164.02,3
4026,0,29.0,Mobile Phone,1,9.0,Cash on Delivery,Male,4.0,5.0,Mobile Phone,1,Married,10.0,0,21.0,1.0,2.0,5.0,151.62,1
4027,0,2.0,Mobile Phone,3,10.0,Credit Card,Female,4.0,4.0,Mobile Phone,4,Married,3.0,0,20.0,2.0,2.0,1.0,153.56,3
4028,1,1.0,Mobile Phone,3,16.0,Credit Card,Male,3.0,4.0,Mobile Phone,1,Single,3.0,0,14.0,1.0,2.0,1.0,135.81,3
4029,1,1.0,Mobile Phone,1,14.0,Debit Card,Male,4.0,4.0,Mobile Phone,4,Single,3.0,1,24.0,2.0,2.0,1.0,149.72,3
4030,0,10.0,Mobile Phone,3,17.0,Cash on Delivery,Female,4.0,5.0,Laptop & Accessory,3,Married,3.0,1,14.0,2.0,2.0,8.0,181.73,3
4031,0,5.0,Mobile Phone,1,27.0,Debit Card,Male,3.0,4.0,Laptop & Accessory,3,Married,3.0,0,12.0,1.0,2.0,3.0,166.97,3
4032,0,8.0,Mobile Phone,3,11.0,Debit Card,Male,4.0,4.0,Fashion,1,Married,4.0,1,14.0,1.0,2.0,3.0,222.13,1
4033,0,3.0,Mobile Phone,1,14.0,Debit Card,Male,3.0,4.0,Mobile Phone,5,Single,5.0,0,15.0,1.0,2.0,3.0,145.62,3
4034,0,11.0,Mobile Phone,1,14.0,Credit Card,Male,4.0,4.0,Laptop & Accessory,5,Married,7.0,1,23.0,1.0,2.0,5.0,167.84,3
4035,0,9.0,Mobile Phone,1,23.0,UPI,Female,3.0,5.0,Laptop & Accessory,4,Married,2.0,1,12.0,2.0,2.0,3.0,172.88,3
4036,0,19.0,Mobile Phone,1,32.0,Debit Card,Female,4.0,5.0,Laptop & Accessory,1,Married,2.0,0,14.0,1.0,4.0,9.0,184.06,0
4037,0,10.0,Computer,2,9.0,UPI,Male,4.0,5.0,Laptop & Accessory,1,Single,3.0,0,22.0,2.0,2.0,9.0,163.86,3
4038,0,14.0,Mobile Phone,1,7.0,Debit Card,Male,4.0,4.0,Grocery,5,Married,4.0,0,15.0,3.5,6.0,14.5,272.32625,0
4039,0,1.0,Mobile Phone,1,7.0,Debit Card,Female,3.0,5.0,Mobile Phone,3,Married,3.0,1,14.0,1.0,2.0,1.0,154.33,3
4040,0,1.0,Mobile Phone,3,9.0,Credit Card,Female,3.0,2.0,Laptop & Accessory,3,Single,2.0,0,15.0,1.0,2.0,8.0,190.0,2
4041,0,22.0,Computer,1,29.0,Credit Card,Female,3.0,4.0,Grocery,1,Married,5.0,0,15.0,1.0,5.0,8.0,272.32625,1
4042,0,18.0,Mobile Phone,1,7.0,Debit Card,Male,4.0,2.0,Laptop & Accessory,5,Married,4.0,0,16.0,3.0,3.0,3.0,175.33,0
4043,1,1.0,Computer,1,23.0,Cash on Delivery,Male,3.0,5.5,Mobile Phone,5,Married,3.0,1,24.0,3.5,4.0,1.0,148.07,3
4044,1,20.0,Mobile Phone,1,31.0,Debit Card,Male,4.0,4.0,Mobile Phone,1,Single,3.0,0,17.0,1.0,2.0,1.0,150.87,3
4045,0,10.0,Mobile Phone,3,24.0,E wallet,Male,3.0,5.0,Laptop & Accessory,4,Married,4.0,0,17.0,2.0,2.0,4.0,180.07,3
4046,0,15.0,Mobile Phone,3,15.0,E wallet,Female,3.0,4.0,Laptop & Accessory,4,Married,7.0,0,22.0,2.0,2.0,5.0,168.93,3
4047,0,16.0,Mobile Phone,1,13.0,Credit Card,Male,3.0,4.0,Fashion,5,Married,11.0,0,14.0,3.5,2.0,8.0,258.48,1
4048,0,5.0,Mobile Phone,3,17.0,Credit Card,Female,3.0,4.0,Laptop & Accessory,1,Married,4.0,1,12.0,1.0,2.0,5.0,190.83,3
4049,0,8.0,Mobile Phone,3,10.0,Credit Card,Female,4.0,5.0,Laptop & Accessory,1,Married,5.0,1,13.0,1.0,2.0,2.0,206.03,3
4050,0,5.0,Mobile Phone,1,11.0,Credit Card,Female,4.0,2.0,Mobile Phone,3,Married,10.0,0,13.0,3.0,3.0,3.0,164.78,3
4051,0,1.0,Computer,1,13.0,UPI,Male,4.0,2.0,Mobile Phone,1,Married,2.0,0,19.0,3.0,6.0,8.0,150.44,0
4052,0,19.0,Computer,1,7.0,Credit Card,Male,3.0,4.0,Laptop & Accessory,3,Single,6.0,0,13.0,2.0,2.0,4.0,178.99,1
4053,0,7.0,Mobile Phone,3,17.0,E wallet,Male,3.0,4.0,Laptop & Accessory,3,Single,3.0,0,15.0,1.0,2.0,10.0,179.87,3
4054,0,2.0,Computer,3,7.0,Debit Card,Male,3.0,5.0,Laptop & Accessory,1,Married,3.0,1,13.0,1.0,2.0,8.0,193.34,3
4055,1,1.0,Computer,3,31.0,Cash on Delivery,Male,3.0,2.0,Mobile Phone,5,Single,3.0,0,18.0,2.0,2.0,1.0,135.91,2
4056,0,13.0,Computer,3,28.0,Debit Card,Female,3.0,5.5,Laptop & Accessory,3,Married,8.0,0,20.0,1.0,2.0,3.0,182.36,3
4057,0,1.0,Mobile Phone,1,9.0,Cash on Delivery,Male,3.0,4.0,Mobile Phone,4,Married,3.0,0,12.0,2.0,2.0,3.0,147.26,3
4058,0,8.0,Computer,1,29.0,UPI,Male,3.0,5.0,Laptop & Accessory,1,Married,3.0,1,16.0,3.5,6.0,12.0,182.47,0
4059,1,1.0,Mobile Phone,3,20.0,E wallet,Female,3.0,4.0,Laptop & Accessory,3,Single,5.0,1,12.0,3.0,3.0,3.0,223.54,3
4060,0,21.0,Computer,1,21.0,Cash on Delivery,Male,4.0,4.0,Laptop & Accessory,4,Married,10.0,0,19.0,1.0,2.0,8.0,179.67,1
4061,0,30.0,Mobile Phone,3,18.0,E wallet,Female,3.0,5.0,Laptop & Accessory,5,Married,6.0,0,17.0,1.0,2.0,1.0,178.8,1
4062,0,13.0,Mobile Phone,1,16.0,Credit Card,Male,3.0,4.0,Laptop & Accessory,5,Married,3.0,0,25.5,3.5,6.0,10.0,176.51,0
4063,0,12.0,Computer,1,15.0,Credit Card,Female,3.0,5.0,Laptop & Accessory,4,Married,3.0,1,17.0,2.0,2.0,8.0,146.33,3
4064,0,30.0,Mobile Phone,3,28.0,Debit Card,Female,4.0,4.0,Grocery,1,Married,6.0,1,15.0,2.0,2.0,1.0,272.32625,1
4065,1,1.0,Computer,1,12.0,Debit Card,Female,3.0,2.0,Mobile Phone,3,Single,5.0,1,15.0,1.0,2.0,4.0,149.32,2
4066,0,12.0,Mobile Phone,1,16.0,Debit Card,Male,4.0,4.0,Mobile Phone,1,Married,4.0,0,20.0,2.0,2.0,4.0,172.71,3
4067,0,23.0,Computer,1,9.0,Debit Card,Male,3.0,4.0,Others,1,Married,5.0,0,15.0,3.0,5.0,4.0,272.32625,0
4068,0,16.0,Mobile Phone,3,19.0,E wallet,Male,4.0,4.0,Laptop & Accessory,1,Married,5.0,1,13.0,1.0,2.0,1.0,175.87,3
4069,1,1.0,Computer,2,29.0,UPI,Female,3.0,5.0,Mobile Phone,4,Married,3.0,0,13.0,2.0,2.0,1.0,153.63,3
4070,0,9.0,Mobile Phone,3,25.0,Credit Card,Male,4.0,4.0,Laptop & Accessory,5,Married,2.0,0,17.0,1.0,2.0,5.0,69.83625,3
4071,0,2.0,Computer,1,23.0,Credit Card,Male,3.0,4.0,Mobile Phone,3,Single,3.0,0,15.0,1.0,2.0,5.0,146.44,3
4072,0,5.0,Computer,1,10.0,Credit Card,Male,3.0,4.0,Mobile Phone,5,Married,3.0,1,14.0,1.0,3.0,4.0,155.65,3
4073,0,10.0,Computer,1,16.0,Debit Card,Male,4.0,2.0,Mobile Phone,4,Married,3.0,0,23.0,2.0,2.0,3.0,153.1,3
4074,0,8.0,Mobile Phone,3,7.0,E wallet,Male,3.0,4.0,Fashion,1,Single,3.0,0,22.0,2.0,3.0,3.0,223.88,1
4075,0,8.0,Mobile Phone,3,20.0,Credit Card,Male,3.0,4.0,Fashion,3,Married,3.0,0,19.0,2.0,2.0,3.0,211.28,1
4076,0,1.0,Mobile Phone,1,7.0,Credit Card,Male,4.0,4.0,Mobile Phone,5,Single,2.0,0,14.0,3.5,6.0,7.0,153.67,0
4077,0,3.0,Mobile Phone,1,7.0,Debit Card,Male,3.0,4.0,Laptop & Accessory,5,Married,2.0,0,13.0,2.0,2.0,3.0,178.73,3
4078,0,6.0,Computer,1,22.0,Credit Card,Female,3.0,4.0,Laptop & Accessory,1,Married,7.0,0,19.0,1.0,2.0,3.0,191.67,3
4079,0,5.0,Computer,1,7.0,Debit Card,Male,3.0,5.5,Laptop & Accessory,5,Married,3.0,0,22.0,2.0,6.0,8.0,175.03,0
4080,1,1.0,Mobile Phone,1,24.0,Cash on Delivery,Male,3.0,5.0,Mobile Phone,1,Married,7.0,0,13.0,1.0,2.0,4.0,148.67,3
4081,0,12.0,Mobile Phone,3,7.0,Debit Card,Male,3.0,5.0,Mobile Phone,5,Single,6.0,0,15.0,1.0,2.0,1.0,153.58,3
4082,0,9.0,Mobile Phone,3,14.0,Debit Card,Female,3.0,4.0,Laptop & Accessory,1,Married,3.0,1,12.0,2.0,2.0,10.0,177.04,0
4083,0,1.0,Mobile Phone,3,16.0,E wallet,Male,3.0,4.0,Laptop & Accessory,1,Single,3.0,0,15.0,1.0,2.0,8.0,166.05,3
4084,0,6.0,Mobile Phone,1,12.0,Debit Card,Male,3.0,5.0,Laptop & Accessory,1,Single,10.0,0,25.0,1.0,2.0,3.0,221.79,3
4085,1,1.0,Computer,3,33.0,E wallet,Male,4.0,4.0,Laptop & Accessory,1,Married,3.0,1,12.0,1.0,2.0,9.0,181.17,3
4086,1,17.0,Mobile Phone,3,31.0,Debit Card,Male,4.0,4.0,Fashion,5,Single,8.0,1,14.0,3.0,3.0,3.0,229.48,1
4087,0,28.0,Mobile Phone,1,16.0,Debit Card,Female,4.0,4.0,Laptop & Accessory,3,Married,5.0,0,12.0,1.0,3.0,4.0,153.97,1
4088,0,7.0,Computer,1,14.0,Debit Card,Male,3.0,4.0,Laptop & Accessory,3,Married,3.0,0,21.0,3.0,3.0,9.0,184.68,0
4089,0,17.0,Mobile Phone,1,18.0,Debit Card,Male,2.0,4.0,Fashion,3,Married,3.0,0,18.0,2.0,2.0,10.0,200.1,1
4090,0,12.0,Computer,2,7.0,UPI,Male,3.0,4.0,Mobile Phone,4,Married,2.0,1,12.0,2.0,2.0,3.0,154.91,3
4091,0,29.0,Mobile Phone,2,33.0,UPI,Male,4.0,2.0,Others,4,Married,6.0,1,15.0,2.0,2.0,5.0,272.32625,1
4092,0,5.0,Mobile Phone,1,9.0,Credit Card,Female,3.0,5.5,Mobile Phone,1,Married,3.0,1,12.0,2.0,2.0,1.0,136.29,3
4093,0,13.0,Mobile Phone,3,22.0,E wallet,Male,4.0,4.0,Grocery,5,Single,2.0,0,13.0,3.5,2.0,11.0,258.41,0
4094,0,16.0,Computer,1,30.0,Debit Card,Male,3.0,5.0,Laptop & Accessory,3,Single,3.0,0,13.0,3.0,4.0,8.0,168.32,0
4095,0,5.0,Computer,1,17.0,Credit Card,Female,3.0,4.0,Fashion,3,Married,6.0,0,21.0,3.5,2.0,9.0,235.31,0
4096,0,28.0,Mobile Phone,1,17.0,Credit Card,Female,4.0,4.0,Laptop & Accessory,5,Single,8.0,1,20.0,1.0,2.0,5.0,169.4,1
4097,0,1.0,Mobile Phone,1,7.0,Debit Card,Male,3.0,5.0,Laptop & Accessory,3,Single,3.0,0,13.0,2.0,2.0,3.0,171.17,3
4098,0,1.0,Mobile Phone,1,19.0,UPI,Male,4.0,4.0,Mobile Phone,1,Single,3.0,0,14.0,2.0,2.0,5.0,151.47,3
4099,0,14.0,Computer,1,18.0,Cash on Delivery,Female,4.0,4.0,Laptop & Accessory,3,Married,3.0,0,12.0,3.0,6.0,5.0,188.23,0
4100,0,14.0,Mobile Phone,3,9.0,E wallet,Female,4.0,4.0,Laptop & Accessory,4,Married,5.0,0,15.0,2.0,6.0,11.0,181.77,0
4101,0,1.0,Mobile Phone,2,9.0,UPI,Female,3.0,4.0,Mobile Phone,4,Married,6.0,0,15.0,1.0,2.0,3.0,146.87,3
4102,0,4.0,Mobile Phone,1,7.0,Credit Card,Male,4.0,4.0,Mobile Phone,4,Married,3.0,0,14.0,1.0,2.0,8.0,162.48,3
4103,0,1.0,Mobile Phone,1,9.0,UPI,Male,3.0,4.0,Mobile Phone,3,Married,8.0,1,20.0,1.0,2.0,3.0,164.77,3
4104,0,21.0,Mobile Phone,1,32.0,Credit Card,Male,3.0,4.0,Fashion,3,Single,4.0,0,24.0,2.0,6.0,3.0,211.33,0
4105,0,7.0,Computer,1,7.0,Credit Card,Male,3.0,5.0,Mobile Phone,3,Married,3.0,0,13.0,1.0,2.0,1.0,145.08,3
4106,0,12.0,Mobile Phone,3,7.0,Debit Card,Male,3.0,4.0,Laptop & Accessory,4,Married,2.0,0,16.0,3.5,6.0,9.0,169.4,0
4107,0,5.0,Mobile Phone,3,9.0,Debit Card,Male,3.0,4.0,Mobile Phone,3,Married,2.0,0,20.0,2.0,2.0,3.0,155.67,3
4108,0,12.0,Computer,1,13.0,Debit Card,Male,4.0,5.0,Laptop & Accessory,3,Married,4.0,0,12.0,3.0,6.0,8.0,178.21,0
4109,0,16.0,Mobile Phone,1,25.0,Debit Card,Male,3.0,4.0,Laptop & Accessory,5,Married,8.0,1,18.0,1.0,2.0,3.0,179.1,1
4110,0,15.0,Mobile Phone,1,7.0,Debit Card,Male,4.0,4.0,Mobile Phone,1,Married,5.0,0,23.0,1.0,2.0,1.0,152.82,3
4111,0,21.0,Computer,1,7.0,Credit Card,Female,4.0,4.0,Fashion,4,Married,2.0,0,19.0,1.0,2.0,13.0,244.57,1
4112,0,9.0,Mobile Phone,1,18.0,Credit Card,Male,3.0,4.0,Mobile Phone,3,Married,9.0,1,12.0,1.0,3.0,3.0,151.6,3
4113,0,1.0,Mobile Phone,1,7.0,Debit Card,Male,4.0,4.0,Mobile Phone,3,Single,2.0,0,13.0,1.0,2.0,3.0,158.75,3
4114,0,9.0,Mobile Phone,1,16.0,Credit Card,Male,3.0,4.0,Laptop & Accessory,3,Single,3.0,0,20.0,1.0,2.0,9.0,175.98,3
4115,0,7.0,Mobile Phone,1,22.0,Credit Card,Female,4.0,4.0,Laptop & Accessory,1,Married,2.0,1,14.0,3.5,6.0,2.0,69.83625,0
4116,0,6.0,Mobile Phone,1,36.0,Debit Card,Female,3.0,5.0,Mobile Phone,4,Single,3.0,0,14.0,3.5,5.0,2.0,153.37,3
4117,0,14.0,Mobile Phone,1,7.0,Debit Card,Male,3.0,4.0,Mobile Phone,1,Married,10.0,0,20.0,1.0,2.0,1.0,149.06,3
4118,0,6.0,Mobile Phone,3,7.0,Credit Card,Male,4.0,5.0,Mobile Phone,4,Married,2.0,0,15.0,1.0,3.0,3.0,147.69,3
4119,0,13.0,Mobile Phone,1,31.0,Debit Card,Male,3.0,4.0,Laptop & Accessory,1,Single,9.0,0,14.0,2.0,2.0,8.0,166.08,3
4120,0,12.0,Mobile Phone,1,17.0,Credit Card,Female,3.0,5.5,Fashion,3,Married,5.0,0,13.0,2.0,2.0,12.0,257.06,1
4121,0,6.0,Mobile Phone,3,7.0,E wallet,Female,3.0,4.0,Fashion,1,Married,3.0,0,20.0,3.5,6.0,3.0,229.22,0
4122,0,11.0,Mobile Phone,1,17.0,Debit Card,Female,3.0,2.0,Fashion,1,Married,3.0,1,25.5,1.0,6.0,9.0,262.44,0
4123,0,1.0,Mobile Phone,3,15.0,UPI,Female,3.0,4.0,Laptop & Accessory,3,Married,2.0,1,23.0,2.0,2.0,5.0,174.07,3
4124,0,26.0,Computer,3,36.5,Debit Card,Male,3.0,4.0,Mobile Phone,1,Married,4.0,0,16.0,2.0,2.0,1.0,159.82,3
4125,0,18.0,Mobile Phone,1,7.0,Credit Card,Male,3.0,4.0,Mobile Phone,1,Single,8.0,1,13.0,1.0,2.0,3.0,149.36,2
4126,0,1.0,Mobile Phone,3,12.0,Credit Card,Male,3.0,4.0,Mobile Phone,5,Single,3.0,1,12.0,2.0,2.0,3.0,148.8,3
4127,0,13.0,Computer,1,16.0,Debit Card,Male,3.0,4.0,Others,1,Single,4.0,0,15.0,1.0,2.0,4.0,272.32625,3
4128,1,1.0,Computer,3,16.0,E wallet,Male,3.0,4.0,Mobile Phone,5,Married,3.0,0,20.0,2.0,2.0,1.0,142.9,3
4129,0,10.0,Mobile Phone,3,10.0,Credit Card,Female,4.0,5.0,Fashion,1,Married,2.0,0,20.0,3.5,4.0,5.0,201.44,0
4130,0,10.0,Computer,1,11.0,Debit Card,Female,4.0,4.0,Laptop & Accessory,4,Married,9.0,0,14.0,2.0,2.0,3.0,176.31,3
4131,0,30.0,Computer,1,7.0,Debit Card,Male,3.0,4.0,Laptop & Accessory,3,Married,3.0,0,22.0,1.0,2.0,10.0,188.06,1
4132,1,1.0,Mobile Phone,1,7.0,Credit Card,Male,3.0,4.0,Mobile Phone,1,Married,11.0,1,15.0,3.0,3.0,3.0,172.87,3
4133,0,16.0,Mobile Phone,1,9.0,Debit Card,Male,3.0,4.0,Others,3,Married,7.0,0,15.0,2.0,5.0,14.5,272.32625,0
4134,1,20.0,Mobile Phone,1,14.0,Cash on Delivery,Male,4.0,4.0,Mobile Phone,3,Married,10.0,0,12.0,3.5,6.0,9.0,148.39,0
4135,0,15.0,Mobile Phone,1,35.0,Debit Card,Female,3.0,5.0,Grocery,4,Married,2.0,0,24.0,2.0,2.0,11.0,260.7,1
4136,0,8.0,Mobile Phone,3,35.0,E wallet,Female,4.0,5.0,Laptop & Accessory,3,Married,3.0,0,22.0,2.0,2.0,8.0,192.12,3
4137,0,10.0,Computer,3,22.0,E wallet,Male,3.0,5.5,Laptop & Accessory,1,Married,3.0,0,25.0,3.5,6.0,12.0,179.06,0
4138,0,15.0,Mobile Phone,3,10.0,Debit Card,Male,3.0,5.0,Laptop & Accessory,4,Married,4.0,0,12.0,1.0,2.0,3.0,214.38,1
4139,0,6.0,Mobile Phone,1,9.0,Cash on Delivery,Male,4.0,4.0,Mobile Phone,5,Single,3.0,0,15.0,2.0,2.0,3.0,149.39,3
4140,0,9.0,Mobile Phone,2,33.0,Debit Card,Female,3.0,4.0,Fashion,1,Single,3.0,1,17.0,2.0,2.0,3.0,213.37,1
4141,0,12.0,Mobile Phone,3,17.0,Debit Card,Female,4.0,4.0,Laptop & Accessory,1,Married,3.0,0,12.0,1.0,2.0,10.0,178.43,3
4142,1,14.0,Computer,3,7.0,Debit Card,Male,4.0,4.0,Laptop & Accessory,3,Married,9.0,0,13.0,2.0,2.0,2.0,192.28,3
4143,0,10.0,Mobile Phone,3,18.0,E wallet,Female,4.0,5.0,Laptop & Accessory,1,Married,6.0,0,14.0,2.0,2.0,1.0,191.52,3
4144,0,19.0,Mobile Phone,3,27.0,Debit Card,Female,3.0,4.0,Laptop & Accessory,3,Single,10.0,0,16.0,2.0,2.0,2.0,173.5,1
4145,0,14.0,Mobile Phone,1,9.0,Debit Card,Male,3.0,5.0,Mobile Phone,3,Single,4.0,0,15.0,1.0,3.0,3.0,153.09,3
4146,0,9.0,Computer,1,25.0,Debit Card,Male,4.0,4.0,Laptop & Accessory,3,Married,3.0,1,15.0,2.0,2.0,3.0,181.89,3
4147,0,14.0,Mobile Phone,1,9.0,Credit Card,Female,4.0,4.0,Mobile Phone,3,Married,4.0,0,15.0,2.0,2.0,3.0,145.01,3
4148,0,9.0,Mobile Phone,1,7.0,Debit Card,Female,4.0,5.5,Mobile Phone,1,Married,3.0,0,13.0,1.0,2.0,2.0,154.77,3
4149,0,3.0,Mobile Phone,1,20.0,UPI,Male,3.0,5.0,Laptop & Accessory,4,Married,6.0,1,14.0,2.0,2.0,4.0,165.25,3
4150,0,3.0,Mobile Phone,1,35.0,Credit Card,Female,4.0,5.0,Mobile Phone,5,Single,3.0,0,15.0,1.0,2.0,5.0,162.85,3
4151,1,14.0,Mobile Phone,3,35.0,E wallet,Male,3.0,5.0,Fashion,5,Married,6.0,1,14.0,1.0,2.0,1.0,233.54000000000002,1
4152,0,13.0,Mobile Phone,3,31.0,E wallet,Female,3.0,5.0,Grocery,1,Married,2.0,0,12.0,2.0,2.0,7.0,245.31,1
4153,0,5.0,Computer,1,12.0,Credit Card,Male,4.0,4.0,Laptop & Accessory,5,Single,2.0,0,20.0,1.0,2.0,3.0,224.36,3
4154,0,1.0,Mobile Phone,3,12.0,UPI,Female,2.0,5.0,Mobile Phone,3,Single,2.0,0,19.0,1.0,2.0,1.0,154.66,3
4155,0,10.0,Computer,1,30.0,Credit Card,Male,3.0,2.0,Laptop & Accessory,1,Married,6.0,0,18.0,1.0,2.0,4.0,150.71,2
4156,0,13.0,Mobile Phone,1,13.0,Credit Card,Male,3.0,5.0,Fashion,5,Married,6.0,0,16.0,2.0,2.0,3.0,224.91,1
4157,0,1.0,Mobile Phone,1,11.0,Debit Card,Male,3.0,2.0,Laptop & Accessory,4,Married,3.0,1,21.0,2.0,2.0,4.0,186.42,2
4158,0,23.0,Computer,3,9.0,Credit Card,Male,4.0,5.0,Laptop & Accessory,4,Married,4.0,0,15.0,2.0,2.0,9.0,178.9,1
4159,0,8.0,Mobile Phone,1,15.0,Credit Card,Male,3.0,2.0,Laptop & Accessory,3,Married,4.0,0,13.0,1.0,2.0,3.0,169.04,2
4160,1,5.0,Mobile Phone,3,7.0,Debit Card,Female,4.0,4.0,Laptop & Accessory,1,Single,10.0,1,12.0,1.0,2.0,6.0,184.93,3
4161,0,23.0,Computer,1,15.0,Debit Card,Male,4.0,5.0,Laptop & Accessory,4,Married,3.0,0,24.0,1.0,2.0,8.0,176.3,3
4162,1,1.0,Mobile Phone,1,9.0,UPI,Male,4.0,5.0,Mobile Phone,3,Single,8.0,1,16.0,1.0,2.0,1.0,145.9,3
4163,0,7.0,Computer,1,10.0,Debit Card,Female,3.0,4.0,Mobile Phone,3,Married,3.0,1,12.0,3.0,4.0,1.0,154.09,3
4164,0,1.0,Mobile Phone,1,9.0,Credit Card,Male,3.0,4.0,Mobile Phone,4,Married,11.0,0,13.0,2.0,3.0,3.0,159.68,3
4165,0,6.0,Computer,1,9.0,Debit Card,Male,4.0,4.0,Mobile Phone,1,Single,2.0,0,14.0,2.0,4.0,7.0,155.68,3
4166,0,30.0,Mobile Phone,1,10.0,Credit Card,Female,3.0,2.0,Mobile Phone,5,Married,6.0,1,21.0,1.0,2.0,1.0,151.7,2
4167,0,4.0,Mobile Phone,1,31.0,Debit Card,Male,4.0,4.0,Mobile Phone,3,Married,3.0,0,23.0,2.0,2.0,1.0,151.93,3
4168,0,12.0,Computer,1,30.0,Debit Card,Male,3.0,5.0,Fashion,3,Single,2.0,0,22.0,2.0,2.0,3.0,220.26,3
4169,0,10.0,Mobile Phone,1,34.0,Credit Card,Male,4.0,4.0,Laptop & Accessory,3,Married,8.0,0,14.0,1.0,6.0,8.0,177.37,0
4170,0,9.0,Mobile Phone,1,23.0,Credit Card,Male,3.0,2.0,Mobile Phone,4,Married,2.0,0,14.0,2.0,2.0,4.0,149.26,2
4171,0,3.0,Mobile Phone,1,22.0,Debit Card,Female,3.0,5.0,Laptop & Accessory,3,Single,2.0,1,13.0,2.0,2.0,9.0,166.93,3
4172,0,5.0,Mobile Phone,1,33.0,Debit Card,Male,3.0,4.0,Mobile Phone,3,Married,3.0,0,18.0,3.5,5.0,4.0,154.11,0
4173,0,8.0,Mobile Phone,1,26.0,Credit Card,Male,4.0,4.0,Mobile Phone,1,Married,2.0,0,12.0,1.0,2.0,3.0,151.61,3
4174,1,1.0,Mobile Phone,1,31.0,Debit Card,Male,3.0,5.0,Mobile Phone,3,Single,7.0,1,15.0,1.0,2.0,4.0,145.28,3
4175,0,3.0,Mobile Phone,1,28.0,Debit Card,Female,3.0,2.0,Fashion,5,Married,3.0,0,12.0,3.5,6.0,3.0,224.8,0
4176,0,6.0,Mobile Phone,1,12.0,Debit Card,Male,4.0,2.0,Mobile Phone,4,Married,2.0,1,13.0,2.0,2.0,6.0,157.98,3
4177,0,1.0,Computer,1,23.0,Credit Card,Male,4.0,2.0,Mobile Phone,1,Married,3.0,1,14.0,1.0,2.0,1.0,154.35,2
4178,0,27.0,Mobile Phone,3,9.0,Debit Card,Female,4.0,5.0,Grocery,1,Married,4.0,0,17.0,1.0,4.0,8.0,272.32625,1
4179,0,12.0,Mobile Phone,1,9.0,Debit Card,Male,3.0,4.0,Mobile Phone,1,Single,7.0,1,12.0,1.0,2.0,3.0,164.44,3
4180,0,1.0,Computer,1,18.0,UPI,Female,4.0,2.0,Laptop & Accessory,3,Married,2.0,0,19.0,1.0,2.0,4.0,165.11,3
4181,1,1.0,Mobile Phone,3,16.0,Debit Card,Male,3.0,5.0,Mobile Phone,5,Single,9.0,0,24.0,1.0,2.0,4.0,159.07,3
4182,0,8.0,Mobile Phone,1,14.0,Debit Card,Female,3.0,4.0,Fashion,4,Single,2.0,0,12.0,1.0,2.0,12.0,244.94,1
4183,0,1.0,Mobile Phone,1,22.0,Debit Card,Male,4.0,4.0,Mobile Phone,1,Single,3.0,0,15.0,2.0,2.0,1.0,137.32,3
4184,1,1.0,Mobile Phone,1,13.0,Credit Card,Male,3.0,4.0,Mobile Phone,5,Single,4.0,0,12.0,1.0,2.0,4.0,154.6,3
4185,0,27.0,Mobile Phone,1,12.0,UPI,Female,3.0,4.0,Others,3,Married,6.0,0,15.0,2.0,5.0,9.0,272.32625,1
4186,1,1.0,Computer,1,23.0,Debit Card,Female,4.0,5.5,Mobile Phone,5,Single,3.0,1,23.0,1.0,6.0,8.0,164.19,3
4187,0,16.0,Mobile Phone,3,15.0,E wallet,Male,3.0,4.0,Laptop & Accessory,4,Married,2.0,0,12.0,3.0,5.0,3.0,193.25,0
4188,0,18.0,Mobile Phone,1,14.0,Credit Card,Female,3.0,5.0,Fashion,1,Married,5.0,0,15.0,1.0,6.0,3.0,227.48,1
4189,0,20.0,Mobile Phone,3,9.0,E wallet,Female,3.0,4.0,Others,5,Single,5.0,0,15.0,3.0,3.0,2.0,272.32625,1
4190,0,7.0,Mobile Phone,1,9.0,Credit Card,Male,4.0,4.0,Mobile Phone,1,Single,6.0,0,12.0,1.0,2.0,1.0,149.96,3
4191,0,18.0,Mobile Phone,1,17.0,UPI,Male,3.0,4.0,Laptop & Accessory,1,Married,4.0,1,14.0,1.0,2.0,4.0,189.65,1
4192,0,4.0,Mobile Phone,1,16.0,Credit Card,Male,3.0,5.0,Mobile Phone,3,Single,3.0,0,14.0,1.0,2.0,9.0,147.06,3
4193,1,3.0,Mobile Phone,3,12.0,Cash on Delivery,Male,3.0,4.0,Laptop & Accessory,1,Married,5.0,0,15.0,1.0,2.0,1.0,145.86,3
4194,1,1.0,Mobile Phone,1,7.0,Credit Card,Male,4.0,4.0,Mobile Phone,1,Married,4.0,1,17.0,1.0,3.0,1.0,147.93,3
4195,0,17.0,Mobile Phone,1,9.0,Credit Card,Female,4.0,2.0,Mobile Phone,3,Married,3.0,0,13.0,2.0,2.0,5.0,151.45,2
4196,1,14.0,Mobile Phone,3,10.0,E wallet,Male,3.0,5.0,Mobile Phone,3,Married,3.0,1,15.0,2.0,2.0,3.0,151.83,3
4197,0,9.0,Mobile Phone,3,9.0,E wallet,Female,4.0,4.0,Mobile Phone,1,Married,3.0,0,14.0,3.0,3.0,3.0,145.14,3
4198,0,10.0,Mobile Phone,1,12.0,Debit Card,Female,3.0,5.0,Mobile Phone,5,Married,11.0,1,15.0,2.0,2.0,1.0,159.19,3
4199,0,7.0,Computer,3,7.0,Debit Card,Female,3.0,2.0,Laptop & Accessory,5,Married,4.0,0,20.0,1.0,2.0,4.0,178.76,2
4200,0,9.0,Mobile Phone,1,11.0,UPI,Male,4.0,4.0,Mobile Phone,1,Married,3.0,0,13.0,2.0,2.0,1.0,144.51,3
4201,0,1.0,Mobile Phone,1,9.0,Debit Card,Female,3.0,4.0,Mobile Phone,5,Married,3.0,0,14.0,2.0,2.0,1.0,148.41,3
4202,1,1.0,Mobile Phone,1,32.0,Debit Card,Male,3.0,5.5,Mobile Phone,3,Single,3.0,0,13.0,1.0,2.0,2.0,147.93,3
4203,0,1.0,Computer,3,15.0,Debit Card,Male,3.0,4.0,Fashion,3,Single,3.0,0,16.0,2.0,2.0,3.0,212.26,3
4204,0,4.0,Computer,1,7.0,Credit Card,Female,3.0,4.0,Laptop & Accessory,1,Single,3.0,0,24.0,2.0,4.0,8.0,165.11,0
4205,1,5.0,Mobile Phone,1,19.0,Cash on Delivery,Female,3.0,4.0,Others,3,Married,3.0,0,15.0,2.0,6.0,9.0,272.32625,0
4206,0,8.0,Computer,3,30.0,E wallet,Male,4.0,4.0,Laptop & Accessory,3,Single,2.0,0,21.0,1.0,6.0,8.0,170.68,0
4207,0,11.0,Mobile Phone,1,26.0,Debit Card,Male,4.0,4.0,Mobile Phone,4,Married,6.0,0,22.0,1.0,2.0,1.0,155.22,3
4208,0,20.0,Computer,3,12.0,E wallet,Male,4.0,4.0,Laptop & Accessory,1,Single,6.0,1,22.0,2.0,2.0,9.0,182.72,3
4209,0,9.0,Mobile Phone,1,15.0,Debit Card,Male,3.0,2.0,Mobile Phone,1,Married,3.0,0,20.0,2.0,2.0,2.0,147.69,2
4210,1,12.0,Mobile Phone,1,7.0,Debit Card,Male,4.0,5.0,Fashion,3,Single,11.0,1,14.0,1.0,2.0,1.0,178.81,1
4211,1,1.0,Mobile Phone,1,12.0,Cash on Delivery,Male,3.0,4.0,Mobile Phone,3,Single,3.0,1,14.0,1.0,3.0,3.0,159.41,3
4212,0,18.0,Mobile Phone,3,7.0,E wallet,Female,4.0,4.0,Laptop & Accessory,5,Married,7.0,1,22.0,2.0,2.0,4.0,179.54,3
4213,0,9.0,Computer,1,18.0,Credit Card,Male,4.0,5.0,Fashion,5,Married,4.0,1,14.0,2.0,3.0,3.0,223.84,1
4214,0,1.0,Mobile Phone,3,30.0,E wallet,Female,3.0,5.0,Laptop & Accessory,1,Married,9.0,1,20.0,1.0,2.0,1.0,166.57,3
4215,0,7.0,Computer,1,30.0,Debit Card,Female,4.0,4.0,Fashion,1,Single,3.0,1,13.0,3.5,2.0,13.0,259.58,0
4216,0,9.0,Computer,3,6.0,Debit Card,Male,4.0,4.0,Fashion,5,Married,3.0,0,23.0,1.0,2.0,3.0,215.69,3
4217,0,9.0,Mobile Phone,1,30.0,Credit Card,Female,2.0,4.0,Mobile Phone,5,Married,5.0,1,16.0,1.0,3.0,3.0,165.14,2
4218,0,5.0,Mobile Phone,1,14.0,Debit Card,Male,3.0,4.0,Laptop & Accessory,1,Married,5.0,0,23.0,1.0,2.0,8.0,184.15,3
4219,0,11.0,Mobile Phone,1,7.0,Debit Card,Male,3.0,5.0,Laptop & Accessory,3,Married,3.0,0,19.0,1.0,2.0,8.0,184.93,3
4220,0,6.0,Mobile Phone,1,7.0,Credit Card,Male,3.0,4.0,Laptop & Accessory,1,Married,3.0,1,23.0,3.5,6.0,9.0,186.62,0
4221,0,12.0,Computer,1,36.0,Debit Card,Female,3.0,4.0,Laptop & Accessory,1,Single,3.0,0,12.0,3.5,6.0,10.0,149.06,0
4222,0,24.0,Mobile Phone,1,14.0,Credit Card,Female,3.0,5.0,Others,3,Married,7.0,1,15.0,3.5,6.0,9.0,272.32625,0
4223,0,30.0,Mobile Phone,3,32.0,Debit Card,Female,4.5,4.0,Fashion,5,Single,9.0,0,12.0,3.5,6.0,10.0,201.37,0
4224,0,10.0,Mobile Phone,1,15.0,Cash on Delivery,Female,3.0,4.0,Fashion,3,Married,3.0,0,14.0,3.5,6.0,3.0,225.96,0
4225,0,29.0,Mobile Phone,1,15.0,Credit Card,Female,3.0,4.0,Grocery,3,Married,4.0,1,15.0,1.0,2.0,3.0,272.32625,1
4226,0,10.0,Computer,1,18.0,Debit Card,Male,4.0,5.0,Laptop & Accessory,4,Single,3.0,0,14.0,2.0,2.0,4.0,189.99,3
4227,0,19.0,Mobile Phone,1,14.0,Debit Card,Male,3.0,4.0,Fashion,5,Married,4.0,0,18.0,1.0,2.0,3.0,222.24,1
4228,0,9.0,Computer,1,7.0,Credit Card,Male,4.0,4.0,Mobile Phone,5,Married,6.0,0,14.0,1.0,2.0,3.0,146.94,3
4229,1,1.0,Mobile Phone,1,16.0,Credit Card,Male,4.0,5.0,Mobile Phone,3,Married,2.0,1,18.0,2.0,2.0,1.0,158.88,3
4230,0,30.0,Computer,3,7.0,Debit Card,Female,3.0,5.0,Laptop & Accessory,3,Single,9.0,0,12.0,2.0,2.0,4.0,179.73,1
4231,0,3.0,Mobile Phone,1,9.0,Debit Card,Male,4.0,4.0,Mobile Phone,4,Married,2.0,0,24.0,2.0,2.0,5.0,152.03,3
4232,0,5.0,Mobile Phone,1,7.0,Credit Card,Male,3.0,4.0,Mobile Phone,4,Single,3.0,0,18.0,2.0,2.0,1.0,150.01,3
4233,0,6.0,Mobile Phone,1,7.0,Debit Card,Male,4.0,4.0,Laptop & Accessory,4,Married,3.0,0,18.0,2.0,2.0,10.0,187.2,3
4234,0,10.0,Mobile Phone,1,13.0,Debit Card,Female,3.0,2.0,Mobile Phone,1,Married,5.0,0,13.0,1.0,2.0,1.0,155.38,2
4235,0,5.0,Mobile Phone,1,15.0,Debit Card,Female,4.0,4.0,Laptop & Accessory,1,Single,3.0,0,24.0,2.0,2.0,9.0,169.24,3
4236,0,9.0,Mobile Phone,3,7.0,E wallet,Male,3.0,5.0,Laptop & Accessory,5,Single,2.0,0,15.0,2.0,3.0,9.0,168.12,3
4237,0,19.0,Mobile Phone,1,13.0,UPI,Male,3.0,4.0,Fashion,5,Married,6.0,1,15.0,2.0,2.0,1.0,257.45,1
4238,0,11.0,Mobile Phone,1,14.0,Credit Card,Male,2.0,4.0,Fashion,3,Single,6.0,0,14.0,1.0,2.0,3.0,261.64,1
4239,0,20.0,Mobile Phone,2,12.0,Credit Card,Male,4.0,4.0,Laptop & Accessory,4,Married,3.0,1,23.0,2.0,2.0,3.0,175.21,3
4240,0,4.0,Mobile Phone,1,7.0,Debit Card,Male,3.0,5.0,Laptop & Accessory,1,Married,3.0,1,13.0,2.0,4.0,1.0,176.26,3
4241,0,9.0,Mobile Phone,1,7.0,Credit Card,Male,2.0,5.0,Mobile Phone,3,Single,3.0,0,19.0,2.0,2.0,5.0,153.59,3
4242,0,29.0,Mobile Phone,3,7.0,Debit Card,Male,4.0,4.0,Fashion,1,Married,5.0,0,15.0,1.0,2.0,3.0,227.39,1
4243,0,12.0,Computer,1,13.0,Credit Card,Female,4.0,5.5,Laptop & Accessory,1,Married,9.0,1,13.0,1.0,2.0,10.0,178.29,3
4244,0,8.0,Mobile Phone,1,7.0,Credit Card,Male,4.0,4.0,Laptop & Accessory,4,Married,3.0,0,16.0,2.0,2.0,4.0,168.25,3
4245,0,30.0,Mobile Phone,1,14.0,Debit Card,Male,3.0,5.5,Fashion,1,Single,6.0,0,12.0,1.0,2.0,3.0,197.6,1
4246,0,1.0,Mobile Phone,3,9.0,Cash on Delivery,Male,4.0,4.0,Mobile Phone,5,Married,5.0,0,14.0,2.0,2.0,1.0,148.22,3
4247,0,25.0,Mobile Phone,1,16.0,Debit Card,Male,4.0,4.0,Mobile Phone,1,Married,5.0,0,24.0,2.0,2.0,4.0,145.75,3
4248,0,4.0,Mobile Phone,1,9.0,Debit Card,Male,4.5,5.0,Laptop & Accessory,1,Married,3.0,0,20.0,3.5,6.0,9.0,166.52,0
4249,1,10.0,Mobile Phone,3,16.0,Credit Card,Male,4.0,5.0,Fashion,1,Single,3.0,0,17.0,3.5,5.0,3.0,221.19,0
4250,0,14.0,Computer,1,7.0,Debit Card,Male,4.0,5.0,Grocery,4,Married,3.0,0,23.0,3.5,2.0,12.0,260.03,0
4251,0,25.0,Mobile Phone,3,28.0,E wallet,Male,4.0,4.0,Laptop & Accessory,1,Single,2.0,1,23.0,1.0,2.0,1.0,179.41,3
4252,0,4.0,Mobile Phone,3,11.0,Credit Card,Female,4.0,5.0,Laptop & Accessory,4,Married,3.0,1,13.0,3.0,3.0,8.0,177.09,3
4253,0,20.0,Computer,1,7.0,Credit Card,Male,3.0,5.0,Fashion,5,Married,4.0,1,14.0,3.5,2.0,6.0,231.73000000000002,1
4254,0,6.0,Mobile Phone,3,13.0,Credit Card,Male,3.0,4.0,Laptop & Accessory,3,Single,3.0,0,17.0,3.5,6.0,8.0,175.1,0
4255,0,28.0,Mobile Phone,1,9.0,Cash on Delivery,Female,3.0,4.0,Fashion,3,Married,11.0,0,13.0,1.0,2.0,4.0,260.49,1
4256,0,1.0,Mobile Phone,3,10.0,UPI,Female,3.0,4.0,Laptop & Accessory,3,Married,2.0,0,22.0,1.0,2.0,3.0,174.99,3
4257,0,2.0,Computer,3,11.0,Credit Card,Male,3.0,4.0,Laptop & Accessory,3,Married,3.0,0,16.0,1.0,2.0,5.0,167.21,3
4258,0,30.0,Mobile Phone,3,17.0,Credit Card,Male,3.0,4.0,Grocery,3,Single,2.0,0,14.0,1.0,2.0,9.0,263.72,1
4259,0,18.0,Computer,1,30.0,Credit Card,Male,4.0,4.0,Laptop & Accessory,4,Married,6.0,0,13.0,1.0,2.0,3.0,145.42,3
4260,1,1.0,Mobile Phone,2,13.0,UPI,Male,4.0,4.0,Mobile Phone,5,Married,6.0,1,23.0,1.0,2.0,3.0,145.73,3
4261,0,6.0,Mobile Phone,1,7.0,Debit Card,Male,4.0,4.0,Mobile Phone,5,Single,3.0,0,14.0,1.0,2.0,1.0,154.56,3
4262,1,1.0,Computer,1,13.0,Debit Card,Female,4.0,5.0,Mobile Phone,1,Single,3.0,1,19.0,1.0,2.0,1.0,154.26,3
4263,0,8.0,Mobile Phone,1,13.0,UPI,Female,3.0,4.0,Laptop & Accessory,3,Single,3.0,0,15.0,1.0,3.0,11.0,173.09,3
4264,0,11.0,Computer,1,9.0,Debit Card,Male,4.0,5.0,Laptop & Accessory,1,Married,7.0,0,15.0,2.0,2.0,1.0,176.63,3
4265,0,30.0,Computer,2,9.0,UPI,Female,3.0,5.0,Others,1,Married,11.0,0,15.0,1.0,3.0,3.0,272.32625,1
4266,0,24.0,Computer,1,7.0,Debit Card,Female,4.0,4.0,Others,4,Married,5.0,1,15.0,1.0,2.0,8.0,272.32625,1
4267,1,1.0,Mobile Phone,3,12.0,E wallet,Male,3.0,5.0,Laptop & Accessory,3,Single,3.0,1,12.0,1.0,2.0,4.0,182.44,3
4268,0,1.0,Mobile Phone,1,14.0,Credit Card,Male,4.0,5.0,Mobile Phone,1,Married,3.0,0,12.0,1.0,3.0,2.0,153.89,3
4269,0,1.0,Mobile Phone,1,22.0,Credit Card,Female,3.0,4.0,Mobile Phone,1,Single,3.0,0,16.0,2.0,2.0,1.0,153.71,3
4270,0,25.0,Computer,1,7.0,Credit Card,Female,2.0,5.0,Fashion,5,Single,5.0,0,21.0,3.5,6.0,9.0,199.84,0
4271,1,1.0,Computer,1,14.0,Debit Card,Male,4.0,5.5,Laptop & Accessory,3,Single,3.0,1,25.0,2.0,2.0,7.0,185.74,3
4272,0,28.0,Computer,2,33.0,UPI,Female,2.0,2.0,Grocery,1,Single,4.0,1,15.0,3.0,5.0,5.0,272.32625,1
4273,0,1.0,Mobile Phone,1,25.0,Debit Card,Male,3.0,4.0,Mobile Phone,3,Married,2.0,0,13.0,1.0,2.0,3.0,152.74,3
4274,0,8.0,Mobile Phone,1,13.0,Debit Card,Female,3.0,5.0,Laptop & Accessory,4,Married,8.0,0,16.0,2.0,2.0,1.0,170.05,3
4275,0,11.0,Mobile Phone,3,10.0,Debit Card,Male,3.0,4.0,Fashion,1,Single,4.0,0,13.0,1.0,2.0,4.0,199.28,1
4276,0,8.0,Mobile Phone,1,12.0,Credit Card,Female,3.0,5.0,Fashion,5,Single,4.0,0,13.0,3.0,2.0,9.0,241.31,1
4277,0,10.0,Computer,3,18.0,Cash on Delivery,Female,4.0,4.0,Fashion,1,Married,2.0,0,15.0,1.0,3.0,3.0,222.38,1
4278,0,10.0,Mobile Phone,1,10.0,Debit Card,Female,3.0,4.0,Mobile Phone,1,Married,7.0,0,23.0,1.0,2.0,1.0,153.35,3
4279,0,17.0,Computer,3,33.0,Debit Card,Male,4.0,4.0,Grocery,1,Married,3.0,1,15.0,2.0,5.0,13.0,272.32625,0
4280,0,4.0,Computer,1,30.0,Debit Card,Male,4.0,5.5,Mobile Phone,3,Married,3.0,0,25.5,1.0,2.0,10.0,151.13,3
4281,0,7.0,Computer,3,29.0,E wallet,Male,4.0,4.0,Laptop & Accessory,4,Married,2.0,0,14.0,1.0,2.0,8.0,186.46,3
4282,1,20.0,Mobile Phone,1,21.0,Debit Card,Female,4.0,4.0,Mobile Phone,4,Married,11.0,1,19.0,3.5,5.0,4.0,174.63,0
4283,0,25.0,Mobile Phone,1,13.0,Debit Card,Male,3.0,4.0,Others,3,Single,9.0,0,15.0,3.5,6.0,14.5,272.32625,0
4284,1,1.0,Mobile Phone,3,13.0,Debit Card,Male,4.0,5.5,Laptop & Accessory,3,Married,6.0,1,19.0,1.0,6.0,8.0,186.72,3
4285,0,1.0,Mobile Phone,1,13.0,UPI,Female,3.0,5.0,Mobile Phone,4,Married,3.0,0,20.0,3.0,5.0,4.0,148.68,3
4286,1,21.0,Mobile Phone,1,30.0,Credit Card,Female,4.0,4.0,Fashion,1,Married,3.0,0,13.0,3.5,6.0,3.0,228.12,0
4287,1,1.0,Mobile Phone,3,29.0,E wallet,Male,3.0,4.0,Mobile Phone,3,Single,3.0,1,20.0,2.0,2.0,1.0,141.75,3
4288,0,1.0,Mobile Phone,1,9.0,Cash on Delivery,Male,4.0,4.0,Mobile Phone,1,Married,2.0,0,15.0,3.0,3.0,2.0,150.23,3
4289,0,23.0,Mobile Phone,1,27.0,Credit Card,Female,4.0,4.0,Laptop & Accessory,5,Married,3.0,0,15.0,3.5,6.0,12.0,190.67,0
4290,0,17.0,Computer,1,35.0,Credit Card,Female,4.0,2.0,Mobile Phone,3,Single,6.0,0,13.0,1.0,2.0,3.0,172.39,2
4291,0,24.0,Computer,3,19.0,E wallet,Female,4.0,4.0,Fashion,1,Single,6.0,0,12.0,2.0,3.0,3.0,217.08,1
4292,1,1.0,Mobile Phone,3,27.0,Debit Card,Female,4.0,5.5,Laptop & Accessory,3,Married,5.0,1,12.0,1.0,3.0,3.0,170.59,3
4293,0,15.0,Mobile Phone,3,16.0,Debit Card,Male,4.0,4.0,Fashion,3,Married,5.0,1,14.0,1.0,2.0,8.0,206.89,1
4294,0,1.0,Mobile Phone,2,32.0,Debit Card,Female,4.0,4.0,Mobile Phone,3,Married,3.0,0,24.0,3.0,6.0,8.0,154.42,0
4295,0,10.0,Mobile Phone,1,13.0,Credit Card,Male,3.0,4.0,Laptop & Accessory,4,Married,8.0,0,21.0,1.0,2.0,2.0,174.41,3
4296,1,15.0,Computer,1,15.0,Debit Card,Male,3.0,5.5,Fashion,1,Single,4.0,0,16.0,2.0,2.0,4.0,231.5,1
4297,0,13.0,Mobile Phone,3,11.0,Debit Card,Female,3.0,5.0,Laptop & Accessory,3,Married,6.0,0,15.0,3.5,6.0,10.0,184.02,0
4298,0,1.0,Mobile Phone,3,35.0,Debit Card,Male,3.0,5.0,Laptop & Accessory,3,Married,4.0,0,19.0,2.0,3.0,3.0,211.39,3
4299,0,4.0,Mobile Phone,2,16.0,UPI,Male,3.0,4.0,Laptop & Accessory,1,Married,2.0,1,20.0,3.5,5.0,8.0,188.47,0
4300,1,1.0,Mobile Phone,1,16.0,Credit Card,Female,3.0,4.0,Mobile Phone,5,Single,9.0,0,23.0,2.0,2.0,5.0,167.0,3
4301,0,19.0,Mobile Phone,1,36.0,Credit Card,Male,3.0,4.0,Mobile Phone,1,Single,7.0,0,14.0,2.0,2.0,4.0,159.52,3
4302,0,12.0,Mobile Phone,1,10.0,Cash on Delivery,Female,3.0,4.0,Laptop & Accessory,3,Single,5.0,1,21.0,3.0,3.0,3.0,168.17,3
4303,0,4.0,Mobile Phone,1,25.0,Debit Card,Female,4.0,4.0,Mobile Phone,3,Single,3.0,0,15.0,2.0,2.0,5.0,151.32,3
4304,0,6.0,Computer,3,16.0,Credit Card,Male,3.0,5.5,Laptop & Accessory,1,Married,2.0,0,18.0,1.0,2.0,8.0,171.68,3
4305,0,4.0,Mobile Phone,1,12.0,Cash on Delivery,Female,3.0,4.0,Mobile Phone,5,Married,7.0,0,15.0,1.0,3.0,14.5,157.04,3
4306,0,4.0,Mobile Phone,1,9.0,Credit Card,Male,3.0,5.0,Mobile Phone,1,Single,2.0,0,14.0,1.0,2.0,3.0,152.2,3
4307,0,15.0,Computer,1,17.0,Debit Card,Male,4.0,5.0,Grocery,5,Married,6.0,0,15.0,3.0,6.0,8.0,272.32625,0
4308,0,15.0,Mobile Phone,1,16.0,Debit Card,Male,4.0,4.0,Mobile Phone,5,Married,4.0,0,22.0,1.0,2.0,5.0,147.38,3
4309,0,1.0,Mobile Phone,1,10.0,Credit Card,Female,4.0,4.0,Mobile Phone,4,Single,3.0,0,15.0,2.0,2.0,1.0,139.83,3
4310,0,14.0,Computer,1,33.0,Credit Card,Female,3.0,4.0,Laptop & Accessory,4,Married,3.0,0,12.0,1.0,3.0,14.0,181.05,0
4311,0,9.0,Mobile Phone,3,7.0,E wallet,Male,4.0,4.0,Fashion,4,Married,3.0,0,14.0,1.0,2.0,7.0,197.95,1
4312,0,27.0,Mobile Phone,3,13.0,E wallet,Male,3.0,4.0,Laptop & Accessory,3,Married,4.0,1,21.0,1.0,5.0,6.0,148.06,1
4313,0,19.0,Mobile Phone,1,16.0,Debit Card,Male,3.0,4.0,Laptop & Accessory,4,Married,10.0,0,19.0,2.0,2.0,14.5,148.48,1
4314,0,6.0,Computer,3,15.0,E wallet,Female,3.0,4.0,Fashion,1,Single,3.0,0,15.0,3.0,4.0,3.0,214.98,0
4315,0,3.0,Computer,1,7.0,Cash on Delivery,Male,3.0,4.0,Laptop & Accessory,3,Married,3.0,0,14.0,1.0,2.0,10.0,168.19,3
4316,0,25.0,Mobile Phone,1,14.0,Credit Card,Male,3.0,5.0,Laptop & Accessory,3,Married,4.0,0,18.0,2.0,2.0,1.0,186.32,1
4317,0,30.0,Mobile Phone,1,16.0,Credit Card,Female,4.0,5.0,Mobile Phone,4,Married,6.0,1,21.0,2.0,2.0,1.0,158.46,3
4318,0,14.0,Mobile Phone,3,11.0,E wallet,Male,4.0,5.0,Fashion,1,Married,9.0,0,12.0,2.0,2.0,12.0,233.55,1
4319,0,8.0,Computer,3,9.0,E wallet,Female,4.0,4.0,Mobile Phone,3,Married,8.0,0,19.0,1.0,2.0,3.0,147.31,3
4320,0,1.0,Mobile Phone,1,26.0,Credit Card,Male,4.0,4.0,Mobile Phone,1,Married,3.0,0,25.0,3.0,3.0,3.0,148.23,3
4321,0,1.0,Computer,1,16.0,Credit Card,Male,3.0,4.0,Mobile Phone,4,Married,8.0,0,19.0,3.0,3.0,3.0,145.24,3
4322,0,2.0,Mobile Phone,1,28.0,Credit Card,Male,3.0,4.0,Mobile Phone,1,Married,3.0,0,12.0,1.0,2.0,3.0,152.13,3
4323,0,30.0,Mobile Phone,1,31.0,Debit Card,Male,3.0,2.0,Fashion,1,Married,5.0,1,17.0,2.0,2.0,3.0,219.39,1
4324,0,1.0,Computer,1,10.0,Credit Card,Male,4.0,5.0,Mobile Phone,3,Married,3.0,1,16.0,1.0,2.0,2.0,150.66,3
4325,0,24.0,Mobile Phone,1,18.0,Debit Card,Female,3.0,4.0,Others,4,Single,5.0,0,16.0,1.0,5.0,5.0,272.32625,1
4326,0,15.0,Mobile Phone,1,21.0,Debit Card,Male,3.0,4.0,Mobile Phone,3,Married,6.0,0,13.0,2.0,2.0,9.0,149.51,3
4327,0,4.0,Mobile Phone,3,12.0,Debit Card,Female,3.0,4.0,Fashion,1,Married,4.0,0,13.0,2.0,6.0,3.0,219.19,0
4328,0,12.0,Mobile Phone,3,7.0,Debit Card,Female,3.0,5.0,Laptop & Accessory,1,Single,6.0,0,23.0,1.0,2.0,3.0,211.86,3
4329,0,6.0,Mobile Phone,1,13.0,Debit Card,Male,3.0,4.0,Mobile Phone,3,Single,5.0,0,21.0,1.0,2.0,5.0,155.38,3
4330,0,1.0,Mobile Phone,1,24.0,Cash on Delivery,Male,3.0,4.0,Mobile Phone,4,Married,2.0,1,17.0,1.0,2.0,2.0,155.58,3
4331,1,1.0,Computer,3,7.0,Cash on Delivery,Female,4.0,5.5,Mobile Phone,5,Single,2.0,0,22.0,2.0,2.0,1.0,148.25,3
4332,0,10.0,Computer,1,10.0,Credit Card,Male,2.0,4.0,Mobile Phone,4,Single,6.0,0,13.0,3.0,6.0,3.0,145.88,0
4333,0,4.0,Computer,1,16.0,Credit Card,Male,4.0,4.0,Laptop & Accessory,5,Married,3.0,0,12.0,3.5,6.0,11.0,155.72,0
4334,0,19.0,Mobile Phone,3,11.0,Debit Card,Female,2.0,4.0,Laptop & Accessory,5,Married,6.0,1,12.0,1.0,2.0,4.0,175.06,1
4335,0,30.0,Mobile Phone,1,15.0,Debit Card,Female,4.0,4.0,Mobile Phone,5,Married,6.0,1,19.0,3.0,3.0,3.0,167.57,1
4336,0,7.0,Mobile Phone,1,9.0,Debit Card,Male,3.0,4.0,Mobile Phone,1,Single,2.0,0,15.0,2.0,2.0,3.0,150.0,3
4337,1,1.0,Mobile Phone,1,9.0,Debit Card,Male,3.0,5.0,Mobile Phone,1,Single,3.0,0,23.0,2.0,2.0,1.0,136.02,3
4338,0,20.0,Mobile Phone,3,7.0,E wallet,Female,4.0,4.0,Fashion,5,Married,3.0,0,25.5,3.5,6.0,3.0,229.53,0
4339,0,12.0,Mobile Phone,1,16.0,Debit Card,Female,4.0,4.0,Mobile Phone,1,Single,3.0,0,13.0,2.0,3.0,2.0,147.88,3
4340,0,5.0,Mobile Phone,1,19.0,Credit Card,Female,4.0,4.0,Mobile Phone,1,Married,10.0,1,24.0,2.0,2.0,3.0,164.29,3
4341,0,8.0,Mobile Phone,1,34.0,Credit Card,Female,4.0,4.0,Mobile Phone,4,Single,4.0,0,16.0,1.0,2.0,3.0,148.11,3
4342,1,5.0,Mobile Phone,3,27.0,E wallet,Female,4.0,4.0,Mobile Phone,4,Single,3.0,1,23.0,1.0,2.0,3.0,156.4,3
4343,0,24.0,Mobile Phone,1,7.0,Credit Card,Male,3.0,5.0,Mobile Phone,3,Married,4.0,0,16.0,2.0,2.0,3.0,161.9,3
4344,0,27.0,Mobile Phone,1,20.0,Credit Card,Female,3.0,2.0,Laptop & Accessory,5,Married,3.0,0,12.0,2.0,2.0,4.0,169.5,1
4345,0,7.0,Mobile Phone,1,21.0,Credit Card,Female,4.0,4.0,Mobile Phone,4,Married,3.0,0,14.0,2.0,2.0,7.0,152.56,3
4346,0,14.0,Mobile Phone,1,11.0,Credit Card,Female,3.0,4.0,Others,3,Married,3.0,0,15.0,2.0,6.0,10.0,272.32625,0
4347,0,29.0,Mobile Phone,1,21.0,Credit Card,Male,4.0,2.0,Others,4,Single,10.0,0,15.0,3.0,3.0,14.5,272.32625,1
4348,0,8.0,Computer,1,9.0,Debit Card,Male,3.0,5.0,Laptop & Accessory,3,Married,3.0,0,18.0,1.0,2.0,3.0,220.47,3
4349,0,25.0,Mobile Phone,1,10.0,Credit Card,Female,4.0,4.0,Grocery,4,Single,5.0,0,19.0,1.0,2.0,1.0,262.34,1
4350,0,26.0,Mobile Phone,1,7.0,Debit Card,Male,4.0,5.0,Others,3,Married,2.0,0,15.0,3.5,6.0,10.0,272.32625,0
4351,0,1.0,Mobile Phone,1,16.0,Credit Card,Female,4.5,4.0,Mobile Phone,4,Single,3.0,0,17.0,1.0,2.0,4.0,147.79,3
4352,1,1.0,Mobile Phone,1,30.0,Debit Card,Male,3.0,5.0,Laptop & Accessory,3,Married,5.0,1,14.0,2.0,2.0,2.0,184.16,3
4353,0,17.0,Computer,1,14.0,Credit Card,Male,3.0,2.0,Mobile Phone,1,Married,6.0,0,15.0,2.0,3.0,3.0,145.89,2
4354,0,19.0,Computer,1,9.0,Credit Card,Male,4.0,5.0,Grocery,1,Married,11.0,0,15.0,2.0,6.0,9.0,272.32625,1
4355,0,11.0,Mobile Phone,1,28.0,Debit Card,Male,4.0,2.0,Mobile Phone,5,Married,3.0,1,13.0,2.0,2.0,8.0,160.64,3
4356,0,9.0,Computer,1,9.0,Credit Card,Female,3.0,4.0,Laptop & Accessory,4,Single,7.0,0,12.0,1.0,2.0,3.0,169.25,3
4357,0,16.0,Computer,1,28.0,Credit Card,Female,3.0,4.0,Laptop & Accessory,3,Married,4.0,0,17.0,1.0,2.0,3.0,177.65,3
4358,0,12.0,Mobile Phone,1,9.0,Debit Card,Male,3.0,4.0,Laptop & Accessory,3,Married,11.0,0,15.0,2.0,2.0,1.0,190.53,1
4359,0,12.0,Mobile Phone,1,36.0,Cash on Delivery,Male,3.0,4.0,Laptop & Accessory,1,Married,5.0,0,19.0,1.0,2.0,8.0,187.61,3
4360,0,1.0,Computer,1,7.0,Cash on Delivery,Male,3.0,5.0,Laptop & Accessory,5,Married,7.0,0,20.0,3.0,3.0,1.0,167.98,3
4361,0,23.0,Computer,1,25.0,Debit Card,Male,4.0,4.0,Laptop & Accessory,1,Married,3.0,1,16.0,1.0,2.0,8.0,193.04,1
4362,0,8.0,Computer,1,17.0,Credit Card,Male,3.0,4.0,Mobile Phone,3,Married,3.0,1,18.0,3.0,3.0,1.0,163.15,3
4363,0,14.0,Mobile Phone,1,26.0,Credit Card,Male,2.0,4.0,Laptop & Accessory,1,Married,10.0,1,16.0,3.5,4.0,8.0,152.41,0
4364,1,2.0,Mobile Phone,1,36.0,Credit Card,Male,4.0,4.0,Laptop & Accessory,5,Married,9.0,1,20.0,2.0,2.0,1.0,191.73,3
4365,1,1.0,Mobile Phone,3,34.0,E wallet,Female,3.0,4.0,Fashion,1,Married,3.0,0,23.0,1.0,2.0,10.0,201.39,3
4366,0,1.0,Mobile Phone,1,12.0,Debit Card,Male,3.0,2.0,Mobile Phone,4,Married,3.0,1,17.0,3.0,3.0,3.0,148.28,3
4367,0,10.0,Computer,1,25.0,Credit Card,Female,4.0,4.0,Mobile Phone,1,Single,3.0,0,14.0,1.0,2.0,8.0,146.53,3
4368,0,14.0,Computer,1,16.0,Debit Card,Male,4.0,5.0,Laptop & Accessory,1,Married,11.0,0,15.0,1.0,2.0,3.0,173.76,3
4369,0,20.0,Mobile Phone,1,7.0,Credit Card,Male,4.0,4.0,Fashion,5,Married,9.0,0,17.0,1.0,2.0,3.0,218.96,1
4370,1,1.0,Mobile Phone,3,11.0,Credit Card,Male,3.0,5.5,Fashion,1,Married,3.0,0,12.0,3.5,6.0,3.0,229.0,0
4371,0,4.0,Computer,1,7.0,Debit Card,Male,3.0,5.0,Fashion,3,Single,3.0,0,23.0,3.5,6.0,3.0,209.74,0
4372,0,1.0,Computer,3,27.0,Debit Card,Female,3.0,4.0,Laptop & Accessory,3,Single,3.0,0,15.0,2.0,2.0,3.0,224.81,3
4373,0,25.0,Mobile Phone,1,15.0,Debit Card,Male,3.0,5.0,Fashion,4,Married,7.0,0,17.0,3.0,2.0,8.0,249.89999999999998,1
4374,1,1.0,Mobile Phone,1,10.0,Cash on Delivery,Female,3.0,4.0,Mobile Phone,5,Single,7.0,1,12.0,1.0,2.0,5.0,151.57,3
4375,0,15.0,Mobile Phone,3,13.0,Debit Card,Female,4.0,4.0,Fashion,1,Single,5.0,1,19.0,1.0,2.0,1.0,260.91,1
4376,1,1.0,Computer,3,33.0,E wallet,Female,3.0,5.0,Laptop & Accessory,5,Single,7.0,0,16.0,2.0,2.0,2.0,191.96,3
4377,1,1.0,Mobile Phone,1,7.0,Cash on Delivery,Male,3.0,4.0,Mobile Phone,3,Single,2.0,0,15.0,1.0,2.0,6.0,145.58,3
4378,0,19.0,Computer,3,13.0,Credit Card,Female,3.0,5.0,Fashion,1,Single,8.0,0,13.0,3.5,6.0,3.0,213.65,0
4379,0,28.0,Mobile Phone,3,10.0,E wallet,Female,3.0,4.0,Laptop & Accessory,5,Married,4.0,0,15.0,2.0,2.0,6.0,184.4,1
4380,0,10.0,Mobile Phone,1,12.0,Debit Card,Male,4.0,4.0,Laptop & Accessory,4,Single,10.0,0,17.0,3.0,4.0,8.0,184.14,0
4381,0,7.0,Mobile Phone,1,11.0,Credit Card,Female,3.0,5.0,Mobile Phone,4,Married,8.0,0,22.0,1.0,2.0,2.0,151.22,3
4382,0,11.0,Computer,1,18.0,UPI,Male,3.0,4.0,Fashion,1,Married,3.0,1,15.0,2.0,2.0,8.0,246.85000000000002,1
4383,0,12.0,Mobile Phone,3,10.0,Debit Card,Male,4.0,4.0,Fashion,3,Married,2.0,0,13.0,2.0,6.0,3.0,231.08999999999997,0
4384,0,5.0,Computer,1,7.0,Credit Card,Male,3.0,5.5,Laptop & Accessory,3,Married,2.0,0,13.0,1.0,2.0,5.0,168.45,3
4385,0,30.0,Mobile Phone,1,10.0,Debit Card,Male,4.0,5.0,Mobile Phone,1,Married,5.0,0,18.0,1.0,2.0,1.0,146.77,3
4386,0,11.0,Computer,3,11.0,E wallet,Male,3.0,4.0,Mobile Phone,1,Married,6.0,0,18.0,3.5,6.0,9.0,152.93,0
4387,0,3.0,Computer,3,7.0,Credit Card,Female,3.0,4.0,Fashion,1,Married,3.0,0,15.0,3.5,5.0,2.0,204.18,0
4388,0,9.0,Computer,3,7.0,E wallet,Female,4.0,4.0,Fashion,3,Single,3.0,0,15.0,2.0,2.0,3.0,212.89,3
4389,1,1.0,Mobile Phone,1,25.0,Credit Card,Male,3.0,5.0,Mobile Phone,1,Single,3.0,1,14.0,1.0,2.0,2.0,148.89,3
4390,0,26.0,Mobile Phone,1,9.0,Debit Card,Female,3.0,5.0,Mobile Phone,1,Single,9.0,0,16.0,3.0,3.0,3.0,157.12,1
4391,0,16.0,Mobile Phone,1,11.0,Cash on Delivery,Male,3.0,4.0,Others,1,Married,3.0,0,15.0,1.0,6.0,14.5,272.32625,0
4392,0,30.0,Mobile Phone,2,13.0,Credit Card,Male,3.0,4.0,Mobile Phone,3,Married,10.0,0,18.0,1.0,3.0,3.0,147.67,1
4393,0,24.0,Mobile Phone,3,7.0,Credit Card,Female,4.0,4.0,Others,1,Married,5.0,0,15.0,2.0,2.0,7.0,272.32625,1
4394,1,1.0,Mobile Phone,1,21.0,Credit Card,Male,3.0,4.0,Mobile Phone,1,Married,7.0,1,14.0,2.0,2.0,5.0,149.36,3
4395,0,17.0,Mobile Phone,3,23.0,E wallet,Female,4.0,4.0,Grocery,1,Married,7.0,1,23.0,1.0,2.0,10.0,272.32625,1
4396,1,1.0,Mobile Phone,1,9.0,Debit Card,Female,3.0,4.0,Mobile Phone,5,Married,9.0,0,21.0,2.0,2.0,8.0,152.07,3
4397,0,26.0,Computer,3,9.0,Debit Card,Male,4.0,5.0,Others,3,Single,3.0,1,15.0,2.0,6.0,13.0,272.32625,0
4398,0,6.0,Mobile Phone,3,11.0,Debit Card,Female,3.0,4.0,Mobile Phone,4,Married,4.0,0,12.0,2.0,2.0,3.0,164.31,3
4399,1,1.0,Mobile Phone,1,7.0,Debit Card,Male,4.0,5.0,Mobile Phone,3,Single,2.0,1,15.0,1.0,2.0,3.0,162.3,3
4400,0,13.0,Mobile Phone,1,7.0,Credit Card,Female,4.0,4.0,Mobile Phone,3,Married,9.0,0,15.0,2.0,2.0,3.0,147.32,3
4401,0,6.0,Computer,3,33.0,E wallet,Male,4.0,4.0,Laptop & Accessory,1,Married,2.0,0,19.0,3.0,3.0,3.0,169.65,3
4402,0,15.0,Mobile Phone,1,26.0,Debit Card,Male,3.0,4.0,Laptop & Accessory,5,Married,4.0,0,17.0,1.0,2.0,1.0,155.72,3
4403,0,14.0,Mobile Phone,1,31.0,Cash on Delivery,Male,4.0,4.0,Laptop & Accessory,1,Married,3.0,0,18.0,3.0,5.0,8.0,158.19,0
4404,0,19.0,Mobile Phone,1,7.0,UPI,Male,4.0,2.0,Others,1,Married,2.0,0,15.0,2.0,2.0,8.0,272.32625,1
4405,0,5.0,Computer,1,10.0,Credit Card,Male,4.0,4.0,Fashion,3,Married,11.0,0,13.0,1.0,3.0,3.0,261.75,1
4406,0,7.0,Mobile Phone,1,12.0,Debit Card,Female,4.0,5.0,Mobile Phone,1,Married,3.0,0,14.0,1.0,2.0,3.0,154.11,3
4407,0,8.0,Mobile Phone,1,9.0,Debit Card,Male,3.0,5.0,Laptop & Accessory,5,Married,8.0,0,14.0,1.0,6.0,10.0,184.57,0
4408,0,11.0,Mobile Phone,1,7.0,Credit Card,Female,3.0,5.0,Mobile Phone,5,Married,4.0,0,15.0,1.0,2.0,3.0,164.2,3
4409,0,19.0,Computer,1,14.0,Debit Card,Male,4.0,2.0,Laptop & Accessory,3,Married,6.0,0,18.0,2.0,2.0,3.0,189.34,1
4410,1,1.0,Computer,1,17.0,Credit Card,Male,4.0,4.0,Fashion,3,Married,8.0,0,12.0,1.0,2.0,3.0,225.48,3
4411,0,13.0,Computer,1,9.0,Cash on Delivery,Female,4.0,4.0,Fashion,3,Single,2.0,0,25.5,3.5,2.0,9.0,234.38,0
4412,0,3.0,Mobile Phone,1,22.0,Debit Card,Male,3.0,4.0,Mobile Phone,1,Single,3.0,0,20.0,2.0,2.0,6.0,148.4,3
4413,0,16.0,Mobile Phone,1,24.0,Debit Card,Female,3.0,2.0,Laptop & Accessory,5,Single,5.0,1,14.0,2.0,2.0,3.0,190.45,1
4414,0,3.0,Mobile Phone,3,27.0,E wallet,Male,3.0,4.0,Laptop & Accessory,1,Married,4.0,0,15.0,2.0,2.0,3.0,194.31,3
4415,0,1.0,Mobile Phone,1,7.0,Debit Card,Female,4.0,4.0,Laptop & Accessory,3,Married,2.0,0,13.0,2.0,2.0,3.0,173.98,3
4416,0,16.0,Mobile Phone,1,9.0,Credit Card,Female,3.0,5.0,Mobile Phone,5,Married,2.0,1,12.0,3.5,6.0,9.0,150.93,0
4417,0,14.0,Mobile Phone,1,9.0,Credit Card,Male,3.0,4.0,Others,3,Married,2.0,0,15.0,3.5,4.0,10.0,272.32625,0
4418,0,25.0,Mobile Phone,1,7.0,Debit Card,Male,4.0,4.0,Mobile Phone,1,Married,3.0,0,12.0,2.0,2.0,1.0,152.23,3
4419,1,1.0,Computer,1,36.0,Credit Card,Male,4.0,5.0,Mobile Phone,4,Single,2.0,0,12.0,1.0,2.0,5.0,159.79,3
4420,0,6.0,Computer,1,14.0,Debit Card,Male,4.0,2.0,Mobile Phone,4,Married,3.0,0,21.0,1.0,2.0,4.0,152.94,3
4421,0,12.0,Computer,3,9.0,Debit Card,Male,3.0,5.0,Laptop & Accessory,1,Married,5.0,0,19.0,2.0,6.0,6.0,177.49,0
4422,0,6.0,Mobile Phone,1,9.0,Cash on Delivery,Male,3.0,5.0,Laptop & Accessory,5,Single,6.0,0,14.0,1.0,2.0,5.0,146.76,3
4423,0,20.0,Mobile Phone,3,9.0,Cash on Delivery,Female,4.0,5.5,Grocery,4,Married,5.0,1,15.0,3.5,6.0,8.0,272.32625,0
4424,1,1.0,Mobile Phone,1,9.0,Debit Card,Male,4.0,4.0,Mobile Phone,3,Single,4.0,0,12.0,1.0,2.0,1.0,159.85,3
4425,0,3.0,Mobile Phone,3,9.0,Credit Card,Male,4.0,5.0,Laptop & Accessory,4,Married,4.0,0,20.0,2.0,2.0,1.0,191.44,3
4426,0,5.0,Mobile Phone,1,30.0,Credit Card,Male,4.0,5.0,Laptop & Accessory,1,Married,2.0,0,22.0,1.0,6.0,9.0,180.82,0
4427,0,1.0,Computer,1,12.0,Debit Card,Male,3.0,2.0,Laptop & Accessory,5,Married,3.0,0,13.0,2.0,2.0,6.0,165.0,2
4428,0,19.0,Mobile Phone,1,27.0,Credit Card,Male,4.0,4.0,Grocery,1,Married,2.0,1,15.0,3.0,2.0,11.0,259.96,1
4429,0,10.0,Mobile Phone,1,13.0,Debit Card,Male,3.0,4.0,Mobile Phone,1,Married,2.0,0,12.0,2.0,6.0,12.0,157.1,0
4430,0,29.0,Mobile Phone,1,7.0,Credit Card,Male,3.0,4.0,Others,5,Single,2.0,1,15.0,3.5,5.0,14.0,272.32625,0
4431,1,11.0,Computer,1,36.0,Debit Card,Male,3.0,4.0,Fashion,4,Married,3.0,1,13.0,3.5,2.0,10.0,243.49,0
4432,0,2.0,Mobile Phone,1,16.0,Credit Card,Male,4.0,4.0,Mobile Phone,1,Married,3.0,0,24.0,2.0,2.0,5.0,145.7,3
4433,0,11.0,Mobile Phone,3,13.0,Credit Card,Male,4.0,4.0,Laptop & Accessory,1,Married,6.0,0,15.0,2.0,2.0,2.0,190.02,3
4434,0,1.0,Mobile Phone,1,10.0,Credit Card,Male,4.0,5.0,Mobile Phone,3,Single,3.0,0,18.0,2.0,2.0,1.0,157.3,3
4435,0,11.0,Computer,1,7.0,Credit Card,Female,4.0,4.0,Fashion,1,Married,4.0,1,19.0,1.0,2.0,3.0,261.03,1
4436,0,9.0,Mobile Phone,1,29.0,Debit Card,Female,4.0,2.0,Fashion,4,Married,9.0,0,19.0,3.5,2.0,3.0,244.95999999999998,1
4437,0,12.0,Mobile Phone,3,14.0,Credit Card,Female,3.0,2.0,Laptop & Accessory,5,Married,3.0,1,25.0,3.5,6.0,8.0,181.05,0
4438,0,1.0,Computer,1,7.0,Debit Card,Female,3.0,4.0,Laptop & Accessory,4,Married,3.0,0,21.0,2.0,2.0,5.0,188.97,3
4439,0,24.0,Mobile Phone,1,11.0,Debit Card,Male,4.0,4.0,Others,4,Married,5.0,0,15.0,1.0,2.0,7.0,272.32625,1
4440,0,27.0,Mobile Phone,1,10.0,Credit Card,Male,3.0,4.0,Grocery,3,Married,5.0,1,15.0,2.0,2.0,4.0,272.32625,1
4441,0,16.0,Mobile Phone,3,7.0,Debit Card,Male,2.0,4.0,Laptop & Accessory,3,Married,3.0,0,25.5,3.5,6.0,7.0,174.07,0
4442,0,3.0,Computer,3,9.0,Debit Card,Male,3.0,4.0,Laptop & Accessory,1,Single,3.0,0,19.0,1.0,2.0,10.0,170.54,3
4443,0,29.0,Mobile Phone,1,27.0,Cash on Delivery,Male,3.0,4.0,Laptop & Accessory,1,Married,5.0,1,20.0,1.0,2.0,9.0,179.15,1
4444,0,1.0,Computer,1,18.0,Credit Card,Male,3.0,4.0,Laptop & Accessory,5,Married,3.0,1,14.0,2.0,4.0,4.0,172.41,3
4445,0,11.0,Mobile Phone,1,7.0,Debit Card,Female,3.0,4.0,Mobile Phone,1,Single,3.0,0,13.0,2.0,6.0,8.0,146.15,0
4446,1,8.0,Computer,1,31.0,Debit Card,Male,3.0,4.0,Mobile Phone,3,Married,5.0,1,23.0,1.0,2.0,1.0,156.61,3
4447,0,12.0,Mobile Phone,1,30.0,Debit Card,Male,3.0,4.0,Laptop & Accessory,1,Married,11.0,0,15.0,1.0,2.0,3.0,182.45,1
4448,1,1.0,Mobile Phone,1,23.0,Credit Card,Male,3.0,4.0,Mobile Phone,4,Married,4.0,1,14.0,2.0,2.0,3.0,148.73,3
4449,0,2.0,Mobile Phone,1,15.0,Debit Card,Female,4.0,4.0,Mobile Phone,1,Single,3.0,0,22.0,2.0,2.0,3.0,158.1,3
4450,0,23.0,Computer,1,17.0,Debit Card,Female,3.0,4.0,Others,5,Single,11.0,1,15.0,1.0,2.0,3.0,272.32625,1
4451,0,10.0,Mobile Phone,1,10.0,Cash on Delivery,Male,2.0,4.0,Laptop & Accessory,4,Single,6.0,0,13.0,3.0,6.0,8.0,169.85,0
4452,0,5.0,Computer,3,12.0,E wallet,Female,3.0,4.0,Mobile Phone,4,Married,3.0,0,12.0,1.0,3.0,3.0,152.89,3
4453,1,1.0,Mobile Phone,3,11.0,E wallet,Male,3.0,5.0,Laptop & Accessory,1,Single,3.0,1,13.0,3.5,6.0,5.0,183.28,0
4454,0,11.0,Computer,1,16.0,Credit Card,Male,3.0,4.0,Mobile Phone,1,Married,3.0,1,13.0,1.0,2.0,3.0,148.26,2
4455,0,16.0,Computer,3,33.0,E wallet,Female,4.0,4.0,Grocery,4,Married,7.0,0,15.0,3.5,2.0,9.0,260.25,1
4456,1,1.0,Mobile Phone,1,10.0,Debit Card,Male,3.0,4.0,Mobile Phone,3,Single,3.0,0,14.0,2.0,2.0,1.0,139.2,3
4457,0,9.0,Mobile Phone,3,23.0,E wallet,Male,4.0,4.0,Fashion,4,Married,2.0,0,16.0,3.5,6.0,10.0,205.2,0
4458,0,10.0,Computer,1,25.0,Debit Card,Male,3.0,2.0,Mobile Phone,1,Married,6.0,0,19.0,2.0,2.0,1.0,161.88,2
4459,0,25.0,Mobile Phone,1,9.0,Credit Card,Male,3.0,5.5,Laptop & Accessory,4,Married,7.0,0,19.0,1.0,2.0,3.0,179.82,1
4460,0,15.0,Mobile Phone,3,9.0,Debit Card,Male,3.0,4.0,Grocery,4,Single,3.0,0,20.0,1.0,2.0,5.0,272.32625,1
4461,0,1.0,Mobile Phone,3,17.0,Credit Card,Female,4.0,5.0,Mobile Phone,3,Single,3.0,0,13.0,1.0,2.0,1.0,137.0,3
4462,0,2.0,Mobile Phone,1,23.0,Credit Card,Male,4.0,2.0,Laptop & Accessory,5,Single,2.0,0,20.0,1.0,2.0,8.0,181.61,3
4463,0,5.0,Mobile Phone,3,14.0,Cash on Delivery,Male,4.0,2.0,Laptop & Accessory,1,Married,6.0,0,12.0,3.5,6.0,8.0,194.29,0
4464,0,13.0,Mobile Phone,1,7.0,Credit Card,Male,3.0,2.0,Fashion,1,Married,2.0,0,18.0,2.0,4.0,3.0,221.13,1
4465,0,10.0,Computer,1,31.0,Debit Card,Female,3.0,4.0,Laptop & Accessory,4,Married,9.0,0,16.0,2.0,2.0,9.0,181.74,1
4466,0,6.0,Mobile Phone,3,14.0,Debit Card,Male,4.0,5.0,Laptop & Accessory,3,Married,3.0,0,15.0,3.5,5.0,9.0,179.84,0
4467,0,12.0,Mobile Phone,1,32.0,Debit Card,Female,3.0,5.0,Fashion,4,Married,5.0,0,18.0,1.0,2.0,2.0,245.61,1
4468,0,30.0,Computer,1,7.0,Debit Card,Male,3.0,5.5,Laptop & Accessory,3,Married,4.0,1,14.0,2.0,2.0,3.0,181.6,1
4469,0,5.0,Mobile Phone,1,12.0,Cash on Delivery,Male,3.0,4.0,Mobile Phone,1,Married,2.0,1,13.0,2.0,2.0,4.0,173.21,3
4470,0,5.0,Mobile Phone,2,9.0,UPI,Male,4.0,5.0,Laptop & Accessory,5,Married,5.0,0,13.0,1.0,2.0,1.0,189.1,3
4471,0,19.0,Computer,1,14.0,Debit Card,Male,4.0,4.0,Fashion,5,Married,3.0,0,19.0,3.0,6.0,12.0,177.1,0
4472,0,5.0,Mobile Phone,1,9.0,Debit Card,Male,3.0,4.0,Mobile Phone,1,Married,2.0,1,19.0,3.0,3.0,3.0,151.95,3
4473,0,7.0,Computer,1,12.0,Debit Card,Female,4.0,4.0,Fashion,4,Married,8.0,0,12.0,3.5,2.0,9.0,243.77999999999997,1
4474,0,1.0,Mobile Phone,1,17.0,Credit Card,Male,4.0,4.0,Grocery,5,Married,3.0,1,15.0,2.0,6.0,11.0,272.32625,0
4475,0,17.0,Computer,1,17.0,Debit Card,Female,3.0,4.0,Mobile Phone,1,Single,2.0,0,20.0,1.0,2.0,8.0,149.55,3
4476,0,23.0,Mobile Phone,1,7.0,Cash on Delivery,Female,3.0,5.0,Grocery,3,Single,9.0,1,13.0,1.0,2.0,8.0,264.64,1
4477,1,16.0,Mobile Phone,1,15.0,Credit Card,Male,3.0,5.0,Laptop & Accessory,4,Married,4.0,0,16.0,3.5,6.0,8.0,174.41,0
4478,0,1.0,Mobile Phone,1,12.0,Debit Card,Female,3.0,4.0,Mobile Phone,4,Single,3.0,1,13.0,1.0,2.0,3.0,149.78,3
4479,0,6.0,Mobile Phone,3,15.0,Cash on Delivery,Female,4.0,5.0,Laptop & Accessory,4,Married,3.0,1,12.0,3.5,6.0,10.0,177.28,0
4480,0,1.0,Mobile Phone,3,9.0,Debit Card,Male,4.0,4.0,Laptop & Accessory,3,Single,3.0,1,12.0,1.0,2.0,5.0,169.78,3
4481,0,5.0,Mobile Phone,3,14.0,E wallet,Male,4.0,4.0,Laptop & Accessory,1,Married,6.0,0,13.0,1.0,2.0,8.0,200.47,3
4482,0,6.0,Mobile Phone,1,9.0,Credit Card,Female,4.0,2.0,Laptop & Accessory,1,Single,9.0,0,17.0,1.0,2.0,8.0,175.55,3
4483,1,1.0,Mobile Phone,1,9.0,Credit Card,Male,3.0,5.5,Mobile Phone,1,Married,7.0,1,14.0,2.0,3.0,3.0,159.64,3
4484,0,4.0,Mobile Phone,1,35.0,Credit Card,Female,4.0,4.0,Laptop & Accessory,1,Married,3.0,0,14.0,2.0,2.0,10.0,182.75,3
4485,0,5.0,Computer,1,14.0,Debit Card,Female,3.0,5.0,Fashion,3,Married,3.0,0,25.0,3.5,6.0,3.0,214.43,0
4486,0,13.0,Computer,1,14.0,Credit Card,Male,3.0,5.0,Others,1,Married,3.0,0,15.0,3.5,6.0,4.0,272.32625,0
4487,1,3.0,Mobile Phone,3,10.0,Credit Card,Female,3.0,4.0,Laptop & Accessory,3,Married,6.0,1,19.0,2.0,2.0,1.0,177.38,3
4488,0,7.0,Computer,3,17.0,E wallet,Male,3.0,5.0,Laptop & Accessory,1,Single,5.0,0,15.0,2.0,2.0,2.0,171.82,3
4489,0,21.0,Mobile Phone,1,12.0,Debit Card,Male,3.0,4.0,Others,3,Married,6.0,0,15.0,2.0,2.0,2.0,272.32625,1
4490,0,17.0,Computer,1,17.0,Debit Card,Female,3.0,5.0,Laptop & Accessory,3,Married,3.0,0,12.0,2.0,2.0,1.0,177.57,3
4491,0,1.0,Computer,3,7.0,E wallet,Male,4.0,4.0,Laptop & Accessory,4,Married,2.0,1,14.0,1.0,2.0,5.0,188.49,3
4492,0,28.0,Computer,1,27.0,Debit Card,Female,3.0,4.0,Laptop & Accessory,3,Single,5.0,0,13.0,1.0,2.0,4.0,173.69,1
4493,0,17.0,Mobile Phone,1,14.0,Debit Card,Female,3.0,4.0,Fashion,5,Married,10.0,0,17.0,2.0,2.0,3.0,224.85,1
4494,0,19.0,Mobile Phone,1,15.0,UPI,Male,4.0,4.0,Laptop & Accessory,1,Married,11.0,0,15.0,3.5,6.0,9.0,161.97,0
4495,0,14.0,Mobile Phone,3,7.0,Credit Card,Male,3.0,5.5,Laptop & Accessory,1,Married,4.0,1,23.0,2.0,2.0,3.0,199.57,3
4496,1,1.0,Mobile Phone,1,15.0,UPI,Male,4.0,5.5,Mobile Phone,5,Married,3.0,1,12.0,1.0,2.0,8.0,146.19,3
4497,0,3.0,Mobile Phone,1,16.0,UPI,Male,2.0,5.0,Mobile Phone,1,Single,2.0,0,18.0,2.0,3.0,3.0,164.83,3
4498,0,4.0,Mobile Phone,3,12.0,E wallet,Female,2.0,5.0,Laptop & Accessory,3,Married,3.0,0,14.0,2.0,2.0,3.0,186.18,3
4499,0,1.0,Mobile Phone,3,15.0,E wallet,Female,3.0,4.0,Laptop & Accessory,4,Married,3.0,0,19.0,1.0,2.0,8.0,187.14,3
4500,0,11.0,Mobile Phone,1,12.0,Credit Card,Male,4.0,4.0,Laptop & Accessory,1,Married,9.0,0,17.0,2.0,2.0,5.0,188.47,3
4501,0,12.0,Mobile Phone,1,22.0,Debit Card,Male,4.0,5.0,Fashion,1,Married,2.0,1,15.0,3.0,2.0,10.0,240.10000000000002,1
4502,0,5.0,Mobile Phone,1,14.0,Credit Card,Female,3.0,4.0,Fashion,1,Single,3.0,1,15.0,3.5,5.0,11.0,196.43,0
4503,0,3.0,Mobile Phone,3,17.0,E wallet,Female,3.0,5.0,Laptop & Accessory,4,Married,3.0,1,15.0,2.0,2.0,8.0,207.68,3
4504,0,9.0,Mobile Phone,1,12.0,Cash on Delivery,Male,4.0,4.0,Fashion,4,Single,2.0,0,14.0,2.0,2.0,14.0,205.95,0
4505,0,1.0,Mobile Phone,1,33.0,Debit Card,Male,3.0,4.0,Mobile Phone,1,Married,3.0,0,13.0,1.0,2.0,3.0,154.04,3
4506,0,15.0,Mobile Phone,1,13.0,Credit Card,Male,4.0,5.0,Laptop & Accessory,4,Single,8.0,1,16.0,2.0,2.0,3.0,185.32,3
4507,0,21.0,Computer,3,11.0,Credit Card,Male,4.0,4.0,Laptop & Accessory,3,Single,5.0,0,20.0,1.0,2.0,1.0,154.76,3
4508,0,16.0,Mobile Phone,1,30.0,Debit Card,Female,3.0,4.0,Grocery,1,Single,4.0,0,15.0,1.0,2.0,1.0,272.32625,1
4509,0,3.0,Computer,3,9.0,Debit Card,Male,4.0,4.0,Laptop & Accessory,3,Married,3.0,0,15.0,2.0,2.0,3.0,171.49,3
4510,0,16.0,Mobile Phone,2,9.0,Cash on Delivery,Male,3.0,4.0,Mobile Phone,3,Married,2.0,1,12.0,2.0,2.0,1.0,151.96,2
4511,0,6.0,Mobile Phone,1,9.0,Credit Card,Female,4.0,4.0,Mobile Phone,4,Married,3.0,0,14.0,1.0,2.0,8.0,148.7,3
4512,0,22.0,Mobile Phone,3,36.0,Credit Card,Female,4.0,4.0,Fashion,3,Married,5.0,0,22.0,1.0,2.0,1.0,250.04000000000002,1
4513,0,11.0,Mobile Phone,1,13.0,Credit Card,Male,3.0,2.0,Laptop & Accessory,5,Married,6.0,1,14.0,3.5,6.0,8.0,184.74,0
4514,0,4.0,Computer,3,32.0,Cash on Delivery,Female,3.0,4.0,Laptop & Accessory,3,Married,9.0,1,13.0,3.0,3.0,3.0,172.36,3
4515,0,1.0,Mobile Phone,3,7.0,Debit Card,Male,3.0,4.0,Laptop & Accessory,3,Married,3.0,0,18.0,1.0,6.0,8.0,177.96,0
4516,0,16.0,Mobile Phone,1,9.0,UPI,Male,4.0,5.0,Laptop & Accessory,1,Single,5.0,0,24.0,2.0,2.0,1.0,192.81,3
4517,1,1.0,Computer,3,7.0,Cash on Delivery,Female,4.0,5.0,Mobile Phone,4,Single,3.0,1,12.0,2.0,2.0,3.0,146.74,3
4518,0,10.0,Computer,3,7.0,Credit Card,Female,3.0,4.0,Laptop & Accessory,1,Single,6.0,0,16.0,2.0,2.0,1.0,191.53,3
4519,0,10.0,Computer,3,10.0,Credit Card,Male,3.0,5.0,Fashion,1,Married,6.0,0,12.0,1.0,2.0,3.0,221.99,1
4520,0,30.0,Mobile Phone,1,7.0,Credit Card,Male,3.0,4.0,Laptop & Accessory,3,Married,4.0,0,12.0,1.0,2.0,3.0,192.55,1
4521,0,14.0,Mobile Phone,1,17.0,Debit Card,Female,3.0,2.0,Mobile Phone,3,Married,5.0,1,14.0,1.0,2.0,8.0,147.13,2
4522,0,1.0,Computer,3,16.0,Credit Card,Male,3.0,4.0,Mobile Phone,1,Single,3.0,0,25.0,3.0,3.0,3.0,151.1,3
4523,1,1.0,Mobile Phone,3,12.0,E wallet,Female,3.0,4.0,Mobile Phone,3,Single,3.0,1,14.0,1.0,2.0,1.0,153.51,3
4524,0,11.0,Mobile Phone,1,17.0,Credit Card,Female,4.0,4.0,Mobile Phone,5,Married,8.0,0,21.0,2.0,2.0,4.0,159.52,3
4525,0,20.0,Computer,1,14.0,Credit Card,Female,2.0,4.0,Laptop & Accessory,3,Married,4.0,0,15.0,2.0,2.0,1.0,177.58,2
4526,1,5.0,Computer,3,11.0,E wallet,Male,3.0,4.0,Laptop & Accessory,4,Single,3.0,0,19.0,3.5,6.0,3.0,218.55,0
4527,0,24.0,Mobile Phone,1,17.0,Cash on Delivery,Male,4.0,5.0,Fashion,1,Single,8.0,0,16.0,2.0,2.0,3.0,229.96,1
4528,1,4.0,Mobile Phone,3,29.0,E wallet,Male,4.0,5.0,Laptop & Accessory,3,Married,4.0,1,13.0,2.0,2.0,1.0,188.8,3
4529,0,5.0,Mobile Phone,1,16.0,Debit Card,Male,3.0,5.0,Mobile Phone,4,Single,2.0,1,17.0,3.0,3.0,3.0,151.57,3
4530,1,1.0,Mobile Phone,3,19.0,Debit Card,Female,3.0,2.0,Mobile Phone,4,Single,3.0,0,16.0,1.0,2.0,1.0,152.16,2
4531,0,3.0,Mobile Phone,1,30.0,Debit Card,Male,3.0,4.0,Mobile Phone,1,Single,11.0,0,17.0,1.0,2.0,3.0,147.01,3
4532,0,9.0,Mobile Phone,1,16.0,Debit Card,Male,4.0,5.0,Laptop & Accessory,4,Single,11.0,0,20.0,1.0,2.0,1.0,190.4,3
4533,0,1.0,Mobile Phone,1,7.0,Credit Card,Male,3.0,4.0,Mobile Phone,4,Married,3.0,0,12.0,1.0,2.0,5.0,163.16,3
4534,0,2.0,Mobile Phone,3,16.0,Debit Card,Male,4.0,4.0,Laptop & Accessory,1,Single,3.0,0,17.0,2.0,2.0,8.0,177.53,3
4535,0,23.0,Mobile Phone,1,14.0,UPI,Male,3.0,5.0,Fashion,3,Single,10.0,0,25.0,2.0,2.0,1.0,234.64999999999998,1
4536,0,25.0,Mobile Phone,3,21.0,Debit Card,Female,3.0,4.0,Laptop & Accessory,1,Married,6.0,0,12.0,2.0,2.0,8.0,174.36,1
4537,0,10.0,Mobile Phone,1,9.0,Debit Card,Female,4.0,4.0,Mobile Phone,3,Married,6.0,0,14.0,3.0,3.0,3.0,150.43,3
4538,1,1.0,Computer,3,26.0,E wallet,Male,4.0,2.0,Laptop & Accessory,1,Single,10.0,1,14.0,1.0,2.0,5.0,178.04,3
4539,0,29.0,Mobile Phone,1,9.0,Debit Card,Female,4.0,4.0,Grocery,1,Single,4.0,1,14.0,1.0,2.0,3.0,272.32625,1
4540,0,1.0,Mobile Phone,3,17.0,E wallet,Female,4.0,4.0,Laptop & Accessory,3,Married,3.0,1,13.0,1.0,2.0,4.0,167.6,3
4541,0,4.0,Mobile Phone,3,9.0,Cash on Delivery,Male,4.0,4.0,Mobile Phone,4,Married,3.0,0,19.0,2.0,2.0,1.0,149.76,3
4542,1,1.0,Computer,1,10.0,Cash on Delivery,Male,4.0,4.0,Mobile Phone,5,Single,2.0,0,23.0,1.0,2.0,5.0,156.02,3
4543,0,1.0,Mobile Phone,1,18.0,Credit Card,Female,3.0,4.0,Mobile Phone,4,Married,3.0,0,14.0,2.0,2.0,3.0,147.44,3
4544,0,10.0,Mobile Phone,3,9.0,Credit Card,Male,4.0,5.0,Fashion,3,Married,3.0,0,14.0,3.5,6.0,1.0,200.96,0
4545,1,1.0,Computer,1,11.0,Cash on Delivery,Male,3.0,4.0,Mobile Phone,1,Single,11.0,1,24.0,2.0,2.0,1.0,147.85,3
4546,0,11.0,Mobile Phone,1,21.0,Debit Card,Female,4.0,4.0,Mobile Phone,5,Married,3.0,0,13.0,3.5,6.0,14.5,155.34,0
4547,0,14.0,Mobile Phone,3,9.0,E wallet,Female,3.0,4.0,Laptop & Accessory,4,Married,9.0,0,13.0,1.0,2.0,4.0,182.15,1
4548,0,16.0,Mobile Phone,1,7.0,Debit Card,Female,4.0,4.0,Mobile Phone,5,Married,5.0,0,17.0,1.0,2.0,3.0,150.76,3
4549,0,11.0,Mobile Phone,1,17.0,Debit Card,Male,3.0,4.0,Laptop & Accessory,4,Single,4.0,1,13.0,1.0,2.0,2.0,166.97,3
4550,0,17.0,Mobile Phone,1,19.0,Debit Card,Male,3.0,5.0,Grocery,4,Married,3.0,0,12.0,1.0,4.0,10.0,268.36,1
4551,0,14.0,Mobile Phone,1,9.0,Credit Card,Female,4.0,5.0,Laptop & Accessory,3,Married,8.0,0,23.0,2.0,2.0,1.0,159.48,3
4552,0,28.0,Mobile Phone,1,12.0,Credit Card,Male,3.0,4.0,Others,5,Married,6.0,0,15.0,2.0,2.0,3.0,272.32625,1
4553,0,8.0,Computer,3,11.0,E wallet,Female,4.0,4.0,Laptop & Accessory,3,Married,11.0,0,16.0,1.0,2.0,3.0,190.38,3
4554,0,5.0,Mobile Phone,1,14.0,Credit Card,Female,3.0,4.0,Laptop & Accessory,5,Married,3.0,0,13.0,3.5,4.0,13.0,168.06,0
4555,0,17.0,Computer,1,28.0,Credit Card,Male,4.0,4.0,Mobile Phone,1,Married,9.0,0,21.0,2.0,2.0,3.0,147.58,3
4556,0,17.0,Mobile Phone,1,15.0,UPI,Female,4.0,4.0,Laptop & Accessory,3,Married,6.0,1,15.0,2.0,2.0,3.0,170.22,3
4557,0,1.0,Mobile Phone,3,11.0,Debit Card,Female,4.0,5.0,Laptop & Accessory,1,Single,3.0,1,12.0,1.0,2.0,4.0,169.87,3
4558,0,11.0,Computer,1,32.0,Credit Card,Female,4.0,4.0,Laptop & Accessory,3,Married,5.0,1,16.0,3.5,6.0,8.0,169.49,0
4559,0,5.0,Mobile Phone,1,7.0,Debit Card,Male,4.0,5.0,Mobile Phone,5,Married,3.0,0,13.0,3.5,4.0,3.0,147.18,3
4560,0,13.0,Computer,1,7.0,Debit Card,Male,3.0,4.0,Others,3,Married,3.0,1,15.0,1.0,2.0,7.0,272.32625,1
4561,0,30.0,Computer,3,13.0,Debit Card,Female,3.0,2.0,Grocery,5,Married,11.0,0,12.0,3.5,2.0,8.0,257.12,1
4562,0,4.0,Mobile Phone,3,19.0,Cash on Delivery,Female,3.0,4.0,Laptop & Accessory,3,Single,2.0,0,12.0,3.5,5.0,5.0,190.77,0
4563,0,15.0,Mobile Phone,3,7.0,E wallet,Male,3.0,2.0,Fashion,5,Married,3.0,0,17.0,2.0,2.0,8.0,208.92,1
4564,0,2.0,Mobile Phone,1,24.0,Credit Card,Male,4.0,4.0,Laptop & Accessory,5,Married,3.0,0,13.0,1.0,2.0,9.0,170.58,3
4565,1,1.0,Mobile Phone,1,10.0,Credit Card,Male,4.0,4.0,Mobile Phone,5,Married,7.0,0,14.0,2.0,2.0,3.0,165.31,3
4566,0,26.0,Mobile Phone,1,10.0,Credit Card,Male,3.0,5.0,Fashion,3,Married,4.0,1,15.0,2.0,2.0,5.0,204.69,1
4567,0,19.0,Mobile Phone,1,17.0,Debit Card,Male,4.0,4.0,Mobile Phone,1,Married,5.0,0,22.0,1.0,2.0,3.0,151.54,3
4568,0,26.0,Mobile Phone,1,11.0,Debit Card,Female,2.0,4.0,Grocery,1,Married,4.0,0,14.0,1.0,2.0,5.0,272.32625,1
4569,0,16.0,Computer,1,36.0,Debit Card,Female,4.0,4.0,Laptop & Accessory,3,Married,4.0,0,12.0,2.0,2.0,3.0,170.56,3
4570,0,4.0,Mobile Phone,1,9.0,Debit Card,Female,3.0,5.5,Laptop & Accessory,1,Single,4.0,0,21.0,2.0,2.0,3.0,185.91,3
4571,0,30.0,Mobile Phone,1,14.0,Debit Card,Female,3.0,4.0,Others,5,Married,7.0,0,15.0,2.0,6.0,11.0,272.32625,1
4572,0,20.0,Mobile Phone,1,25.0,Credit Card,Female,3.0,4.0,Laptop & Accessory,3,Married,4.0,0,15.0,2.0,2.0,9.0,173.1,1
4573,0,16.0,Computer,1,35.0,Cash on Delivery,Female,3.0,5.0,Laptop & Accessory,1,Married,2.0,0,12.0,1.0,2.0,5.0,170.23,3
4574,1,1.0,Mobile Phone,3,7.0,Cash on Delivery,Female,4.0,4.0,Mobile Phone,4,Single,3.0,1,17.0,1.0,2.0,5.0,157.02,3
4575,1,1.0,Computer,3,13.0,E wallet,Female,3.0,5.5,Mobile Phone,3,Married,2.0,0,17.0,1.0,2.0,1.0,148.51,3
4576,0,12.0,Computer,1,9.0,Debit Card,Male,3.0,4.0,Mobile Phone,1,Married,3.0,1,24.0,2.0,2.0,1.0,142.02,3
4577,0,14.0,Mobile Phone,3,9.0,Debit Card,Female,4.0,4.0,Others,3,Married,2.0,0,15.0,2.0,2.0,13.0,272.32625,0
4578,0,1.0,Mobile Phone,1,30.0,Debit Card,Female,3.0,4.0,Mobile Phone,1,Married,3.0,0,23.0,1.0,2.0,3.0,153.86,3
4579,0,4.0,Computer,1,10.0,Debit Card,Male,3.0,4.0,Mobile Phone,1,Married,6.0,0,16.0,2.0,2.0,5.0,145.97,3
4580,0,3.0,Mobile Phone,1,10.0,Credit Card,Male,4.0,5.0,Fashion,3,Married,3.0,0,19.0,1.0,2.0,8.0,244.35000000000002,1
4581,1,1.0,Mobile Phone,1,32.0,Cash on Delivery,Female,4.0,5.0,Mobile Phone,4,Married,7.0,0,17.0,2.0,2.0,2.0,150.46,3
4582,1,1.0,Mobile Phone,2,9.0,Cash on Delivery,Male,3.0,5.0,Mobile Phone,1,Single,3.0,0,13.0,1.0,2.0,1.0,150.64,3
4583,0,4.0,Computer,3,29.0,UPI,Female,4.0,4.0,Fashion,5,Married,2.0,0,12.0,3.5,6.0,9.0,209.12,0
4584,0,30.0,Mobile Phone,3,36.0,E wallet,Male,3.0,5.0,Grocery,1,Married,5.0,0,13.0,1.0,2.0,1.0,266.18,1
4585,0,24.0,Mobile Phone,1,36.0,Debit Card,Male,3.0,5.0,Grocery,3,Married,2.0,0,15.0,3.5,6.0,8.0,272.32625,0
4586,0,4.0,Computer,1,9.0,Credit Card,Female,3.0,4.0,Mobile Phone,1,Single,2.0,0,15.0,2.0,6.0,8.0,150.64,0
4587,0,30.0,Computer,3,35.0,E wallet,Female,4.0,5.0,Fashion,5,Married,6.0,0,20.0,3.5,6.0,3.0,227.66,0
4588,0,21.0,Mobile Phone,1,9.0,Credit Card,Female,4.0,4.0,Laptop & Accessory,1,Married,7.0,0,14.0,1.0,2.0,5.0,175.7,1
4589,0,20.0,Mobile Phone,1,9.0,Debit Card,Male,3.0,4.0,Grocery,3,Married,8.0,0,15.0,2.0,2.0,2.0,272.32625,1
4590,0,9.0,Mobile Phone,1,29.0,Debit Card,Male,3.0,5.5,Mobile Phone,3,Single,2.0,0,16.0,2.0,5.0,4.0,167.3,3
4591,0,28.0,Mobile Phone,1,6.0,Debit Card,Female,3.0,4.0,Laptop & Accessory,3,Single,9.0,0,12.0,1.0,2.0,1.0,162.8,1
4592,0,8.0,Mobile Phone,1,9.0,Debit Card,Male,4.0,5.0,Mobile Phone,3,Married,5.0,0,13.0,3.5,6.0,8.0,152.68,0
4593,0,6.0,Mobile Phone,3,17.0,E wallet,Female,4.0,5.0,Fashion,1,Married,4.0,1,20.0,1.0,2.0,3.0,215.71,3
4594,0,5.0,Mobile Phone,1,16.0,Debit Card,Male,3.0,4.0,Fashion,4,Married,3.0,0,25.5,1.0,2.0,9.0,231.48000000000002,1
4595,1,1.0,Mobile Phone,1,22.0,Credit Card,Male,3.0,4.0,Fashion,3,Married,9.0,1,13.0,1.0,6.0,8.0,261.1,1
4596,1,1.0,Mobile Phone,1,17.0,Credit Card,Male,3.0,5.5,Mobile Phone,1,Married,9.0,0,14.0,1.0,2.0,4.0,159.08,3
4597,0,4.0,Mobile Phone,3,14.0,E wallet,Male,3.0,4.0,Mobile Phone,4,Single,2.0,0,15.0,1.0,2.0,3.0,154.83,3
4598,0,9.0,Mobile Phone,1,23.0,Debit Card,Male,4.0,4.0,Fashion,3,Married,6.0,1,13.0,1.0,2.0,1.0,201.32,1
4599,1,1.0,Computer,1,27.0,Debit Card,Male,4.0,4.0,Fashion,3,Married,5.0,0,13.0,2.0,2.0,3.0,223.24,3
4600,1,1.0,Computer,2,30.0,UPI,Female,3.0,4.0,Fashion,5,Married,11.0,1,16.0,2.0,2.0,3.0,224.5,1
4601,0,16.0,Computer,1,12.0,UPI,Male,4.0,4.0,Mobile Phone,3,Married,6.0,0,18.0,1.0,3.0,1.0,145.93,3
4602,0,10.0,Computer,3,17.0,Credit Card,Male,3.0,4.0,Fashion,1,Single,3.0,0,15.0,3.5,6.0,3.0,224.8,0
4603,1,1.0,Computer,1,11.0,Cash on Delivery,Male,4.0,5.0,Mobile Phone,3,Single,7.0,0,17.0,1.0,2.0,3.0,163.94,3
4604,0,22.0,Mobile Phone,3,9.0,E wallet,Female,3.0,4.0,Laptop & Accessory,1,Married,4.0,0,15.0,3.5,6.0,8.0,165.51,0
4605,0,29.0,Mobile Phone,3,25.0,Debit Card,Female,3.0,4.0,Grocery,4,Single,5.0,0,15.0,2.0,6.0,9.0,272.32625,1
4606,0,15.0,Computer,3,17.0,Debit Card,Male,3.0,4.0,Laptop & Accessory,1,Single,9.0,0,15.0,1.0,2.0,11.0,187.3,1
4607,0,9.0,Mobile Phone,3,7.0,E wallet,Male,3.0,4.0,Laptop & Accessory,3,Married,11.0,0,12.0,1.0,6.0,10.0,172.17,0
4608,0,14.0,Mobile Phone,1,13.0,Debit Card,Female,4.0,4.0,Grocery,3,Single,9.0,0,16.0,3.5,2.0,14.0,257.37,1
4609,0,13.0,Computer,1,15.0,Debit Card,Female,3.0,4.0,Mobile Phone,3,Married,3.0,0,12.0,2.0,2.0,8.0,162.55,3
4610,0,5.0,Mobile Phone,3,9.0,Debit Card,Male,4.0,4.0,Laptop & Accessory,1,Single,6.0,1,14.0,2.0,2.0,6.0,190.82,3
4611,0,16.0,Mobile Phone,1,31.0,Credit Card,Male,3.0,4.0,Fashion,5,Married,3.0,1,22.0,3.5,6.0,9.0,199.06,0
4612,0,19.0,Mobile Phone,3,9.0,UPI,Male,4.0,4.0,Laptop & Accessory,4,Married,2.0,0,20.0,3.5,4.0,8.0,173.05,0
4613,1,1.0,Computer,2,24.0,Debit Card,Female,3.0,4.0,Mobile Phone,3,Married,2.0,1,12.0,1.0,2.0,1.0,152.41,3
4614,0,3.0,Mobile Phone,1,26.0,Cash on Delivery,Male,3.0,4.0,Laptop & Accessory,1,Married,6.0,0,13.0,2.0,2.0,3.0,167.62,3
4615,0,7.0,Mobile Phone,1,7.0,Credit Card,Female,4.0,2.0,Grocery,3,Married,6.0,0,20.0,1.0,2.0,6.0,272.32625,1
4616,0,5.0,Mobile Phone,3,14.0,Debit Card,Male,3.0,5.0,Fashion,1,Married,11.0,0,22.0,2.0,2.0,2.0,240.57,1
4617,1,1.0,Computer,3,12.0,E wallet,Male,4.0,4.0,Mobile Phone,4,Single,3.0,1,15.0,2.0,2.0,1.0,143.78,3
4618,0,14.0,Computer,3,35.0,UPI,Male,3.0,5.5,Fashion,5,Married,5.0,0,16.0,1.0,2.0,2.0,234.32,1
4619,0,15.0,Computer,1,9.0,UPI,Female,4.0,5.0,Laptop & Accessory,3,Single,4.0,1,18.0,1.0,2.0,8.0,193.11,3
4620,0,1.0,Mobile Phone,3,36.0,Credit Card,Male,3.0,4.0,Laptop & Accessory,3,Married,7.0,0,13.0,1.0,2.0,1.0,168.06,3
4621,0,9.0,Mobile Phone,3,7.0,Credit Card,Female,4.0,4.0,Laptop & Accessory,3,Single,3.0,0,17.0,2.0,2.0,4.0,173.59,3
4622,0,8.0,Mobile Phone,3,28.0,Debit Card,Male,4.0,2.0,Laptop & Accessory,1,Single,3.0,0,13.0,1.0,6.0,8.0,178.37,0
4623,1,1.0,Mobile Phone,1,31.0,Cash on Delivery,Male,4.0,5.5,Mobile Phone,1,Single,3.0,1,19.0,1.0,2.0,1.0,148.4,3
4624,0,11.0,Mobile Phone,1,7.0,Cash on Delivery,Female,3.0,4.0,Fashion,1,Single,6.0,0,18.0,2.0,2.0,3.0,199.91,1
4625,0,20.0,Computer,1,25.0,Credit Card,Female,3.0,4.0,Fashion,3,Married,7.0,0,12.0,1.0,2.0,3.0,230.27,1
4626,0,15.0,Mobile Phone,3,9.0,Debit Card,Female,4.0,4.0,Grocery,5,Married,9.0,0,17.0,1.0,6.0,9.0,272.32625,1
4627,0,11.0,Computer,3,16.0,Credit Card,Male,4.0,4.0,Fashion,4,Married,3.0,0,14.0,2.0,6.0,3.0,213.34,0
4628,0,26.0,Mobile Phone,1,13.0,Cash on Delivery,Male,4.0,4.0,Laptop & Accessory,5,Married,5.0,1,13.0,3.0,6.0,10.0,180.77,0
4629,1,1.0,Computer,3,18.0,UPI,Male,3.0,2.0,Laptop & Accessory,3,Married,10.0,0,13.0,2.0,2.0,3.0,172.07,2
4630,0,1.0,Computer,3,31.0,Credit Card,Male,3.0,4.0,Mobile Phone,1,Married,2.0,0,14.0,2.0,3.0,2.0,149.0,3
4631,0,12.0,Mobile Phone,1,17.0,Credit Card,Female,4.0,4.0,Laptop & Accessory,3,Married,5.0,0,20.0,1.0,2.0,3.0,223.24,3
4632,0,11.0,Mobile Phone,1,7.0,Debit Card,Female,4.0,4.0,Laptop & Accessory,4,Married,8.0,0,13.0,3.5,5.0,4.0,189.47,0
4633,0,23.0,Mobile Phone,1,25.0,Debit Card,Male,3.0,5.0,Others,3,Married,3.0,1,15.0,2.0,2.0,10.0,272.32625,1
4634,0,1.0,Mobile Phone,1,30.0,Credit Card,Male,3.0,2.0,Mobile Phone,1,Married,3.0,1,12.0,1.0,2.0,5.0,152.25,2
4635,0,1.0,Mobile Phone,3,35.0,E wallet,Male,4.0,4.0,Laptop & Accessory,4,Married,3.0,0,21.0,1.0,2.0,5.0,187.72,3
4636,0,1.0,Mobile Phone,1,24.0,UPI,Male,4.0,5.0,Mobile Phone,4,Married,3.0,0,22.0,2.0,2.0,1.0,146.27,3
4637,0,24.0,Computer,2,10.0,Credit Card,Male,4.0,4.0,Others,4,Married,3.0,0,15.0,2.0,6.0,8.0,272.32625,0
4638,0,1.0,Mobile Phone,3,20.0,Credit Card,Male,3.0,4.0,Mobile Phone,3,Married,3.0,0,12.0,2.0,2.0,7.0,145.96,3
4639,1,1.0,Computer,1,14.0,Debit Card,Female,3.0,4.0,Mobile Phone,3,Married,3.0,1,17.0,1.0,2.0,3.0,153.86,3
4640,1,1.0,Computer,3,19.0,Debit Card,Male,4.0,5.0,Mobile Phone,5,Married,3.0,0,19.0,2.0,2.0,1.0,145.33,3
4641,0,8.0,Mobile Phone,1,7.0,Debit Card,Male,3.0,5.0,Mobile Phone,1,Married,3.0,1,14.0,2.0,2.0,4.0,161.22,3
4642,1,1.0,Mobile Phone,3,20.0,Credit Card,Male,3.0,4.0,Laptop & Accessory,5,Married,4.0,0,18.0,1.0,2.0,3.0,167.33,3
4643,0,9.0,Mobile Phone,1,32.0,UPI,Male,3.0,5.0,Laptop & Accessory,1,Single,6.0,0,15.0,2.0,2.0,3.0,161.81,3
4644,0,5.0,Mobile Phone,3,13.0,Credit Card,Male,4.0,2.0,Laptop & Accessory,1,Married,6.0,0,23.0,3.5,6.0,8.0,179.6,0
4645,0,1.0,Mobile Phone,1,13.0,Credit Card,Female,4.0,5.0,Mobile Phone,3,Married,2.0,0,13.0,1.0,2.0,4.0,146.87,3
4646,0,11.0,Mobile Phone,3,9.0,E wallet,Male,4.0,4.0,Laptop & Accessory,3,Married,6.0,1,12.0,1.0,2.0,3.0,221.02,3
4647,0,1.0,Mobile Phone,1,7.0,Debit Card,Female,3.0,5.0,Mobile Phone,4,Single,3.0,0,14.0,1.0,2.0,1.0,153.36,3
4648,0,16.0,Mobile Phone,1,9.0,Debit Card,Female,3.0,4.0,Laptop & Accessory,1,Married,3.0,0,14.0,1.0,3.0,3.0,165.89,2
4649,0,17.0,Mobile Phone,1,13.0,UPI,Male,3.0,5.0,Grocery,1,Married,6.0,1,15.0,1.0,2.0,1.0,272.32625,1
4650,0,12.0,Mobile Phone,1,7.0,Debit Card,Female,3.0,4.0,Mobile Phone,5,Single,5.0,0,18.0,1.0,2.0,1.0,151.19,3
4651,0,17.0,Computer,1,16.0,Credit Card,Male,4.0,4.0,Laptop & Accessory,3,Married,5.0,1,14.0,2.0,5.0,8.0,181.79,0
4652,0,22.0,Mobile Phone,1,7.0,Debit Card,Female,3.0,5.0,Grocery,5,Married,9.0,0,12.0,1.0,2.0,3.0,272.32625,1
4653,0,18.0,Mobile Phone,2,7.0,Debit Card,Female,3.0,5.0,Laptop & Accessory,3,Single,6.0,0,12.0,2.0,2.0,3.0,184.85,1
4654,0,8.0,Mobile Phone,3,21.0,Cash on Delivery,Female,3.0,4.0,Mobile Phone,3,Married,3.0,1,19.0,2.0,2.0,7.0,150.79,3
4655,1,1.0,Mobile Phone,3,9.0,E wallet,Male,3.0,4.0,Mobile Phone,5,Married,2.0,0,12.0,2.0,2.0,3.0,155.41,3
4656,0,1.0,Mobile Phone,3,29.0,Cash on Delivery,Male,3.0,4.0,Mobile Phone,3,Single,3.0,0,12.0,1.0,2.0,3.0,159.47,3
4657,0,18.0,Mobile Phone,1,10.0,UPI,Male,3.0,4.0,Others,1,Married,6.0,1,15.0,1.0,2.0,2.0,272.32625,1
4658,0,1.0,Mobile Phone,1,13.0,Credit Card,Male,4.0,4.0,Mobile Phone,3,Married,2.0,0,21.0,2.0,3.0,3.0,152.73,3
4659,0,7.0,Mobile Phone,3,15.0,E wallet,Male,3.0,4.0,Laptop & Accessory,3,Married,2.0,0,13.0,1.0,2.0,3.0,196.04,3
4660,0,6.0,Mobile Phone,1,16.0,Debit Card,Female,4.0,4.0,Laptop & Accessory,1,Married,3.0,1,13.0,2.0,2.0,6.0,188.22,3
4661,0,4.0,Computer,1,10.0,Credit Card,Female,4.0,4.0,Mobile Phone,3,Married,3.0,0,21.0,2.0,2.0,1.0,145.83,3
4662,0,27.0,Mobile Phone,3,7.0,Credit Card,Female,3.0,4.0,Laptop & Accessory,5,Single,9.0,0,21.0,3.5,6.0,11.0,208.81,0
4663,0,8.0,Mobile Phone,1,7.0,Debit Card,Male,3.0,4.0,Mobile Phone,1,Married,3.0,0,13.0,2.0,6.0,9.0,151.91,0
4664,1,9.0,Computer,3,33.0,Debit Card,Female,4.0,4.0,Laptop & Accessory,5,Married,4.0,0,15.0,1.0,2.0,1.0,167.86,3
4665,0,1.0,Mobile Phone,1,13.0,Debit Card,Female,4.0,4.0,Mobile Phone,1,Married,3.0,1,14.0,1.0,2.0,3.0,81.0,3
4666,0,11.0,Mobile Phone,1,10.0,UPI,Male,3.0,4.0,Fashion,3,Married,3.0,0,16.0,3.5,6.0,3.0,219.34,0
4667,0,3.0,Mobile Phone,3,10.0,Credit Card,Female,4.0,4.0,Laptop & Accessory,3,Married,3.0,0,15.0,1.0,2.0,3.0,180.61,3
4668,0,9.0,Mobile Phone,1,13.0,Debit Card,Male,3.0,5.5,Laptop & Accessory,1,Single,3.0,0,14.0,1.0,6.0,9.0,191.46,0
4669,0,7.0,Computer,1,13.0,Debit Card,Male,2.0,4.0,Laptop & Accessory,1,Married,5.0,0,24.0,3.5,5.0,8.0,202.25,0
4670,0,28.0,Mobile Phone,2,26.0,Credit Card,Male,3.0,4.0,Fashion,4,Married,4.0,0,16.0,3.0,2.0,2.0,232.25,1
4671,0,10.0,Mobile Phone,1,16.0,Credit Card,Male,3.0,5.0,Laptop & Accessory,4,Married,4.0,1,12.0,1.0,2.0,3.0,213.47,3
4672,0,1.0,Mobile Phone,1,10.0,Credit Card,Male,3.0,5.0,Mobile Phone,1,Single,2.0,0,14.0,2.0,2.0,2.0,145.45,3
4673,1,1.0,Mobile Phone,1,17.0,Credit Card,Male,3.0,4.0,Mobile Phone,3,Single,3.0,1,12.0,2.0,2.0,2.0,135.09,3
4674,1,1.0,Computer,1,10.0,Debit Card,Male,4.0,4.0,Mobile Phone,5,Single,3.0,1,12.0,3.5,6.0,8.0,158.48,0
4675,0,9.0,Computer,1,10.0,Debit Card,Male,3.0,5.0,Mobile Phone,3,Married,3.0,0,19.0,2.0,2.0,1.0,137.81,3
4676,0,1.0,Mobile Phone,1,11.0,Credit Card,Male,3.0,2.0,Mobile Phone,5,Married,4.0,0,17.0,1.0,2.0,3.0,153.19,2
4677,0,1.0,Mobile Phone,3,15.0,Debit Card,Male,3.0,2.0,Laptop & Accessory,4,Married,2.0,0,23.0,2.0,2.0,3.0,173.51,2
4678,0,12.0,Mobile Phone,3,14.0,E wallet,Female,3.0,5.0,Laptop & Accessory,1,Single,2.0,0,21.0,2.0,2.0,6.0,165.28,3
4679,0,3.0,Computer,1,7.0,Debit Card,Male,4.0,5.5,Mobile Phone,1,Married,3.0,0,19.0,1.0,3.0,9.0,152.2,3
4680,0,22.0,Mobile Phone,3,9.0,E wallet,Male,3.0,2.0,Laptop & Accessory,4,Married,5.0,0,13.0,1.0,3.0,3.0,206.2,1
4681,0,1.0,Computer,3,10.0,Credit Card,Female,4.0,2.0,Laptop & Accessory,1,Married,3.0,1,21.0,2.0,2.0,5.0,171.47,3
4682,0,11.0,Mobile Phone,1,17.0,Debit Card,Male,4.0,2.0,Mobile Phone,1,Single,5.0,0,18.0,2.0,2.0,1.0,171.8,3
4683,0,24.0,Mobile Phone,1,35.0,Credit Card,Male,4.0,2.0,Mobile Phone,3,Married,3.0,1,12.0,1.0,4.0,9.0,157.21,1
4684,0,8.0,Mobile Phone,1,16.0,Credit Card,Female,3.0,5.0,Fashion,4,Single,3.0,0,15.0,3.5,6.0,3.0,211.21,0
4685,1,1.0,Mobile Phone,3,10.0,Debit Card,Female,4.0,4.0,Laptop & Accessory,3,Single,11.0,0,15.0,2.0,3.0,1.0,170.77,3
4686,0,13.0,Mobile Phone,1,9.0,Cash on Delivery,Female,4.0,5.0,Laptop & Accessory,3,Single,3.0,0,12.0,2.0,6.0,11.0,170.53,0
4687,0,6.0,Mobile Phone,3,17.0,E wallet,Male,3.0,4.0,Laptop & Accessory,1,Single,3.0,0,13.0,2.0,2.0,9.0,178.96,3
4688,1,14.0,Computer,3,15.0,Cash on Delivery,Male,3.0,4.0,Laptop & Accessory,3,Married,5.0,1,15.0,1.0,2.0,4.0,192.96,1
4689,0,12.0,Mobile Phone,1,7.0,Debit Card,Female,3.0,2.0,Laptop & Accessory,1,Single,2.0,0,14.0,1.0,2.0,9.0,201.25,2
4690,0,1.0,Mobile Phone,1,7.0,Debit Card,Female,4.0,4.0,Fashion,5,Married,3.0,0,12.0,1.0,2.0,8.0,199.12,3
4691,0,6.0,Mobile Phone,1,10.0,Debit Card,Female,3.0,4.0,Fashion,1,Single,5.0,0,16.0,3.5,2.0,8.0,236.58999999999997,0
4692,0,21.0,Mobile Phone,3,21.0,E wallet,Male,3.0,4.0,Laptop & Accessory,5,Single,4.0,0,13.0,2.0,2.0,8.0,174.6,1
4693,0,14.0,Computer,3,12.0,Debit Card,Male,3.0,5.0,Fashion,5,Married,7.0,1,22.0,1.0,2.0,3.0,229.75,1
4694,0,27.0,Mobile Phone,1,14.0,Debit Card,Male,3.0,2.0,Grocery,3,Married,5.0,0,20.0,1.0,2.0,4.0,272.32625,1
4695,0,15.0,Mobile Phone,2,17.0,UPI,Male,4.0,5.0,Others,1,Married,5.0,0,15.0,3.5,6.0,7.0,272.32625,0
4696,0,30.0,Mobile Phone,3,23.0,E wallet,Male,3.0,4.0,Laptop & Accessory,5,Single,10.0,0,15.0,3.0,3.0,3.0,179.05,1
4697,0,1.0,Computer,1,17.0,Debit Card,Male,3.0,4.0,Fashion,5,Married,3.0,0,22.0,1.0,2.0,3.0,212.93,3
4698,0,15.0,Mobile Phone,2,7.0,UPI,Male,3.0,5.0,Others,3,Married,3.0,0,15.0,2.0,3.0,11.0,272.32625,0
4699,0,24.0,Mobile Phone,3,15.0,E wallet,Male,3.0,4.0,Mobile Phone,4,Married,9.0,0,16.0,1.0,3.0,3.0,163.75,1
4700,1,1.0,Mobile Phone,1,7.0,Debit Card,Female,4.0,5.5,Mobile Phone,4,Single,9.0,1,14.0,2.0,4.0,8.0,147.16,3
4701,0,10.0,Computer,1,15.0,Debit Card,Female,4.0,2.0,Fashion,5,Married,11.0,0,15.0,1.0,2.0,6.0,242.13,1
4702,0,12.0,Mobile Phone,1,7.0,Debit Card,Female,3.0,4.0,Fashion,3,Single,6.0,1,15.0,1.0,2.0,1.0,203.61,1
4703,0,18.0,Computer,1,31.0,Credit Card,Male,3.0,5.5,Mobile Phone,3,Single,4.0,0,15.0,1.0,2.0,5.0,162.08,3
4704,0,21.0,Computer,3,10.0,Credit Card,Female,3.0,4.0,Grocery,3,Married,11.0,1,13.0,1.0,6.0,14.0,262.7,1
4705,0,4.0,Mobile Phone,3,34.0,E wallet,Male,4.0,4.0,Laptop & Accessory,1,Married,9.0,0,24.0,3.0,6.0,8.0,178.04,0
4706,0,3.0,Mobile Phone,3,17.0,Debit Card,Male,4.0,4.0,Mobile Phone,3,Single,3.0,0,12.0,2.0,2.0,1.0,151.42,3
4707,1,6.0,Computer,1,26.0,Credit Card,Male,3.0,2.0,Mobile Phone,3,Married,8.0,1,13.0,1.0,3.0,3.0,152.59,2
4708,0,17.0,Computer,3,22.0,Debit Card,Male,3.0,5.0,Laptop & Accessory,1,Married,5.0,0,19.0,2.0,3.0,3.0,193.04,3
4709,0,8.0,Mobile Phone,1,15.0,Credit Card,Female,4.0,4.0,Laptop & Accessory,3,Single,5.0,0,12.0,1.0,5.0,4.0,186.42,3
4710,0,1.0,Mobile Phone,1,16.0,Credit Card,Male,3.0,4.0,Mobile Phone,5,Married,3.0,0,15.0,2.0,2.0,3.0,150.0,3
4711,0,13.0,Mobile Phone,2,10.0,UPI,Female,3.0,2.0,Laptop & Accessory,4,Married,11.0,0,16.0,1.0,4.0,7.0,188.89,1
4712,0,30.0,Mobile Phone,1,16.0,Credit Card,Male,3.0,4.0,Grocery,1,Married,9.0,0,12.0,1.0,2.0,2.0,236.02999999999997,1
4713,0,14.0,Mobile Phone,1,9.0,Credit Card,Female,3.0,5.0,Mobile Phone,1,Single,2.0,1,21.0,1.0,3.0,4.0,148.42,3
4714,0,1.0,Mobile Phone,1,14.0,Credit Card,Female,3.0,5.0,Laptop & Accessory,5,Single,10.0,0,20.0,2.0,2.0,8.0,193.11,3
4715,0,3.0,Mobile Phone,3,17.0,E wallet,Male,3.0,4.0,Mobile Phone,4,Married,3.0,0,15.0,3.0,3.0,3.0,147.97,3
4716,0,27.0,Mobile Phone,1,13.0,Debit Card,Male,3.0,4.0,Laptop & Accessory,1,Single,4.0,0,18.0,3.0,3.0,3.0,149.5,1
4717,0,9.0,Computer,1,9.0,Debit Card,Female,4.0,4.0,Laptop & Accessory,5,Married,4.0,0,12.0,2.0,2.0,1.0,175.93,3
4718,0,6.0,Computer,1,31.0,Debit Card,Male,4.0,4.0,Laptop & Accessory,1,Married,3.0,0,16.0,2.0,5.0,8.0,178.09,0
4719,0,12.0,Mobile Phone,1,9.0,Credit Card,Male,4.0,4.0,Mobile Phone,3,Married,8.0,1,14.0,1.0,2.0,2.0,155.57,3
4720,0,8.0,Mobile Phone,1,15.0,Debit Card,Female,3.0,4.0,Laptop & Accessory,5,Married,5.0,0,15.0,2.0,2.0,1.0,176.21,3
4721,0,26.0,Mobile Phone,3,10.0,E wallet,Male,3.0,5.0,Grocery,5,Married,3.0,0,15.0,2.0,2.0,14.5,272.32625,1
4722,1,1.0,Mobile Phone,1,7.0,UPI,Male,4.0,4.0,Mobile Phone,1,Single,3.0,1,14.0,3.5,6.0,9.0,151.86,0
4723,0,1.0,Mobile Phone,3,33.0,Credit Card,Female,3.0,4.0,Laptop & Accessory,1,Single,3.0,0,24.0,1.0,2.0,5.0,186.8,3
4724,0,19.0,Mobile Phone,3,9.0,Cash on Delivery,Male,3.0,5.5,Laptop & Accessory,3,Single,2.0,0,14.0,2.0,4.0,2.0,191.32,3
4725,0,1.0,Mobile Phone,1,17.0,Credit Card,Male,4.0,2.0,Mobile Phone,3,Single,3.0,0,19.0,1.0,2.0,3.0,160.05,3
4726,1,11.0,Computer,3,34.0,Debit Card,Female,4.0,2.0,Laptop & Accessory,3,Single,6.0,1,13.0,1.0,2.0,4.0,188.97,3
4727,0,8.0,Mobile Phone,3,9.0,UPI,Male,3.0,4.0,Laptop & Accessory,1,Single,3.0,0,23.0,1.0,2.0,5.0,187.74,3
4728,1,19.0,Mobile Phone,1,9.0,Credit Card,Male,4.0,4.0,Others,5,Married,7.0,1,14.0,2.0,2.0,5.0,272.32625,1
4729,0,10.0,Computer,3,15.0,Debit Card,Male,4.0,5.0,Fashion,5,Single,3.0,0,16.0,1.0,2.0,10.0,200.87,3
4730,0,26.0,Computer,1,26.0,Credit Card,Male,3.0,4.0,Mobile Phone,1,Married,2.0,0,19.0,2.0,2.0,3.0,167.58,3
4731,0,1.0,Computer,1,7.0,Debit Card,Female,4.0,5.5,Mobile Phone,1,Married,5.0,0,15.0,3.0,3.0,1.0,168.64,3
4732,0,3.0,Mobile Phone,1,34.0,Credit Card,Female,4.0,4.0,Laptop & Accessory,3,Married,6.0,0,13.0,1.0,2.0,2.0,168.35,3
4733,1,1.0,Mobile Phone,3,15.0,Cash on Delivery,Male,3.0,5.0,Laptop & Accessory,5,Single,8.0,0,18.0,1.0,2.0,3.0,178.26,3
4734,0,8.0,Mobile Phone,1,7.0,Debit Card,Female,4.0,2.0,Mobile Phone,1,Single,4.0,0,17.0,2.0,2.0,4.0,157.8,3
4735,0,28.0,Mobile Phone,1,26.0,Credit Card,Female,4.0,4.0,Laptop & Accessory,5,Married,11.0,1,12.0,1.0,2.0,5.0,179.85,1
4736,0,1.0,Computer,3,15.0,E wallet,Male,3.0,4.0,Laptop & Accessory,1,Married,2.0,0,20.0,2.0,2.0,2.0,168.42,3
4737,0,11.0,Mobile Phone,1,17.0,Debit Card,Female,3.0,4.0,Mobile Phone,5,Married,2.0,1,14.0,3.5,5.0,4.0,152.82,0
4738,0,12.0,Computer,1,9.0,Debit Card,Female,4.0,2.0,Laptop & Accessory,5,Single,8.0,1,13.0,1.0,5.0,13.0,184.8,0
4739,0,8.0,Mobile Phone,1,9.0,Credit Card,Female,3.0,5.0,Mobile Phone,5,Single,3.0,0,12.0,2.0,2.0,4.0,168.81,3
4740,0,9.0,Mobile Phone,3,15.0,Debit Card,Female,4.0,4.0,Mobile Phone,1,Married,3.0,0,17.0,2.0,2.0,3.0,150.72,3
4741,0,4.0,Mobile Phone,1,7.0,Debit Card,Male,3.0,5.5,Mobile Phone,3,Married,5.0,0,22.0,2.0,2.0,3.0,163.33,3
4742,0,14.0,Computer,1,9.0,Credit Card,Female,3.0,2.0,Laptop & Accessory,4,Married,3.0,0,25.0,1.0,4.0,8.0,167.44,0
4743,0,8.0,Mobile Phone,3,15.0,Debit Card,Female,4.0,4.0,Laptop & Accessory,5,Married,7.0,0,18.0,2.0,2.0,3.0,190.0,3
4744,0,16.0,Computer,1,15.0,Debit Card,Male,4.0,4.0,Others,1,Married,3.0,0,15.0,3.5,6.0,10.0,272.32625,0
4745,1,1.0,Mobile Phone,1,13.0,Debit Card,Male,4.0,2.0,Mobile Phone,5,Married,3.0,1,22.0,1.0,2.0,1.0,141.01,3
4746,0,1.0,Computer,1,16.0,Debit Card,Male,3.0,5.0,Mobile Phone,4,Married,3.0,0,12.0,1.0,2.0,1.0,151.94,3
4747,0,26.0,Mobile Phone,1,18.0,Debit Card,Female,3.0,4.0,Laptop & Accessory,3,Married,10.0,0,21.0,2.0,2.0,5.0,156.49,1
4748,0,24.0,Mobile Phone,1,9.0,Credit Card,Male,4.0,4.0,Grocery,3,Married,7.0,0,15.0,1.0,2.0,4.0,272.32625,1
4749,1,1.0,Mobile Phone,1,7.0,Debit Card,Female,3.0,5.0,Mobile Phone,5,Married,3.0,1,12.0,1.0,2.0,1.0,148.19,3
4750,0,7.0,Mobile Phone,1,14.0,Credit Card,Male,3.0,4.0,Fashion,3,Married,2.0,0,12.0,2.0,2.0,8.0,241.91000000000003,1
4751,1,1.0,Mobile Phone,3,23.0,E wallet,Female,4.0,4.0,Laptop & Accessory,5,Single,7.0,0,16.0,2.0,2.0,3.0,178.24,3
4752,0,21.0,Mobile Phone,1,9.0,UPI,Female,3.0,4.0,Grocery,1,Married,3.0,1,15.0,3.5,4.0,1.0,272.32625,1
4753,0,10.0,Mobile Phone,1,7.0,UPI,Female,3.0,4.0,Laptop & Accessory,4,Married,2.0,0,16.0,2.0,2.0,6.0,177.28,3
4754,0,3.0,Mobile Phone,1,30.0,Debit Card,Male,3.0,2.0,Mobile Phone,3,Married,3.0,0,25.0,2.0,2.0,8.0,152.0,3
4755,1,21.0,Mobile Phone,1,9.0,Debit Card,Male,3.0,4.0,Others,4,Single,9.0,1,15.0,3.5,6.0,9.0,272.32625,0
4756,0,9.0,Mobile Phone,1,7.0,Debit Card,Female,3.0,2.0,Mobile Phone,3,Single,5.0,0,14.0,3.0,3.0,3.0,150.06,2
4757,0,16.0,Mobile Phone,1,7.0,Debit Card,Female,3.0,5.0,Laptop & Accessory,1,Married,11.0,1,14.0,1.0,2.0,3.0,185.62,1
4758,1,1.0,Mobile Phone,1,9.0,Credit Card,Male,3.0,4.0,Mobile Phone,3,Single,8.0,0,18.0,3.0,3.0,2.0,168.82,3
4759,0,10.0,Mobile Phone,2,20.0,UPI,Male,3.0,4.0,Mobile Phone,4,Married,6.0,0,14.0,2.0,2.0,5.0,146.43,3
4760,0,6.0,Mobile Phone,1,11.0,Debit Card,Female,4.0,5.0,Laptop & Accessory,3,Married,3.0,0,13.0,3.5,6.0,9.0,186.62,0
4761,0,14.0,Computer,1,23.0,Credit Card,Male,3.0,5.0,Laptop & Accessory,3,Single,8.0,0,15.0,1.0,2.0,1.0,175.94,3
4762,0,4.0,Mobile Phone,1,9.0,Credit Card,Female,3.0,5.0,Laptop & Accessory,1,Single,7.0,1,25.0,2.0,2.0,1.0,193.77,3
4763,0,19.0,Mobile Phone,1,9.0,Debit Card,Female,4.0,5.0,Mobile Phone,3,Single,3.0,0,15.0,2.0,2.0,1.0,147.74,3
4764,0,16.0,Mobile Phone,1,36.0,Debit Card,Male,4.0,4.0,Laptop & Accessory,4,Married,3.0,0,14.0,3.5,6.0,9.0,169.34,0
4765,0,12.0,Computer,1,19.0,Debit Card,Male,1.0,5.0,Laptop & Accessory,5,Married,4.0,0,16.0,2.0,2.0,3.0,187.88,2
4766,0,8.0,Computer,1,23.0,Debit Card,Female,4.0,5.0,Mobile Phone,1,Single,3.0,0,17.0,2.0,2.0,4.0,150.53,3
4767,1,13.0,Mobile Phone,3,18.0,E wallet,Female,3.0,4.0,Fashion,1,Married,3.0,0,19.0,1.0,6.0,8.0,201.54,0
4768,1,19.0,Mobile Phone,3,9.0,Credit Card,Male,3.0,4.0,Laptop & Accessory,1,Single,6.0,0,17.0,2.0,6.0,4.0,176.6,0
4769,0,17.0,Mobile Phone,1,21.0,Debit Card,Male,4.0,4.0,Grocery,5,Married,8.0,0,15.0,2.0,2.0,1.0,272.32625,1
4770,0,1.0,Mobile Phone,1,12.0,Cash on Delivery,Male,3.0,5.0,Fashion,1,Married,3.0,1,17.0,2.0,2.0,9.0,253.07999999999998,1
4771,0,9.0,Mobile Phone,1,14.0,UPI,Male,3.0,4.0,Fashion,3,Single,5.0,0,22.0,1.0,2.0,3.0,227.21,1
4772,0,2.0,Mobile Phone,3,9.0,E wallet,Female,3.0,4.0,Laptop & Accessory,4,Married,3.0,1,21.0,3.5,6.0,6.0,172.79,0
4773,0,8.0,Mobile Phone,2,10.0,UPI,Male,3.0,4.0,Mobile Phone,1,Married,2.0,0,20.0,2.0,2.0,3.0,162.37,3
4774,1,1.0,Computer,1,12.0,Credit Card,Female,3.0,5.0,Mobile Phone,3,Married,3.0,1,15.0,1.0,2.0,8.0,148.66,3
4775,0,1.0,Computer,1,10.0,Credit Card,Male,3.0,4.0,Mobile Phone,1,Married,3.0,0,12.0,1.0,2.0,1.0,142.06,3
4776,0,25.0,Mobile Phone,3,33.0,E wallet,Female,4.0,4.0,Grocery,3,Married,4.0,0,15.0,1.0,5.0,14.5,272.32625,1
4777,0,18.0,Mobile Phone,1,11.0,Credit Card,Male,3.0,4.0,Laptop & Accessory,4,Single,11.0,0,13.0,2.0,3.0,4.0,184.33,1
4778,0,1.0,Mobile Phone,1,9.0,Credit Card,Male,4.0,2.0,Mobile Phone,5,Single,9.0,0,14.0,1.0,2.0,2.0,159.24,3
4779,0,7.0,Mobile Phone,3,7.0,Credit Card,Male,3.0,2.0,Laptop & Accessory,5,Married,3.0,0,23.0,1.0,2.0,9.0,165.37,2
4780,0,9.0,Mobile Phone,1,34.0,Credit Card,Female,3.0,5.0,Mobile Phone,5,Single,3.0,0,12.0,1.0,2.0,2.0,150.59,3
4781,0,10.0,Mobile Phone,3,7.0,Debit Card,Male,3.0,4.0,Laptop & Accessory,1,Married,3.0,1,15.0,3.5,5.0,12.0,187.01,0
4782,0,6.0,Mobile Phone,3,20.0,Debit Card,Male,4.0,4.0,Laptop & Accessory,1,Married,4.0,0,12.0,1.0,2.0,4.0,169.03,3
4783,0,4.0,Computer,1,12.0,Debit Card,Male,4.0,5.0,Mobile Phone,1,Married,11.0,0,13.0,1.0,2.0,4.0,162.61,3
4784,0,27.0,Mobile Phone,3,14.0,E wallet,Female,4.0,5.0,Fashion,1,Married,9.0,1,19.0,1.0,2.0,5.0,234.33999999999997,1
4785,0,19.0,Mobile Phone,3,16.0,E wallet,Male,4.0,4.0,Fashion,5,Married,6.0,1,13.0,1.0,2.0,3.0,232.61,1
4786,0,6.0,Mobile Phone,1,15.0,Credit Card,Female,4.0,2.0,Laptop & Accessory,3,Married,7.0,0,13.0,2.0,2.0,4.0,176.75,3
4787,0,26.0,Computer,1,32.0,Credit Card,Female,3.0,5.0,Grocery,1,Married,5.0,0,23.0,1.0,2.0,1.0,263.26,1
4788,0,11.0,Mobile Phone,3,23.0,E wallet,Male,4.0,5.0,Laptop & Accessory,3,Married,6.0,0,20.0,2.0,2.0,1.0,188.34,3
4789,0,2.0,Mobile Phone,2,15.0,Credit Card,Male,4.0,5.0,Mobile Phone,1,Married,3.0,0,14.0,2.0,2.0,5.0,174.36,3
4790,0,1.0,Mobile Phone,1,7.0,Debit Card,Male,3.0,5.0,Laptop & Accessory,1,Married,8.0,0,23.0,3.0,3.0,3.0,172.75,3
4791,0,18.0,Mobile Phone,1,15.0,Debit Card,Male,4.0,2.0,Mobile Phone,1,Married,4.0,1,25.0,2.0,2.0,3.0,153.18,3
4792,0,16.0,Computer,1,9.0,Credit Card,Male,3.0,4.0,Mobile Phone,1,Single,7.0,1,15.0,2.0,3.0,3.0,150.15,3
4793,0,10.0,Mobile Phone,2,15.0,Debit Card,Male,4.0,5.0,Mobile Phone,5,Married,2.0,0,22.0,1.0,2.0,4.0,148.42,3
4794,0,1.0,Mobile Phone,3,10.0,UPI,Male,4.0,4.0,Laptop & Accessory,5,Married,3.0,1,19.0,1.0,2.0,4.0,166.94,3
4795,0,9.0,Mobile Phone,1,16.0,Debit Card,Female,4.0,5.0,Fashion,3,Married,3.0,1,21.0,3.5,2.0,14.5,231.85000000000002,0
4796,1,1.0,Computer,1,32.0,Debit Card,Female,4.0,4.0,Mobile Phone,4,Married,3.0,1,20.0,3.5,6.0,9.0,145.22,0
4797,0,6.0,Computer,1,7.0,Debit Card,Male,4.0,4.0,Mobile Phone,1,Married,2.0,0,13.0,2.0,2.0,3.0,148.14,3
4798,0,1.0,Mobile Phone,3,11.0,E wallet,Male,3.0,5.0,Laptop & Accessory,5,Married,3.0,0,13.0,2.0,2.0,4.0,167.56,3
4799,0,23.0,Mobile Phone,1,7.0,Cash on Delivery,Female,3.0,4.0,Mobile Phone,5,Married,4.0,0,17.0,1.0,2.0,3.0,160.8,2
4800,0,1.0,Computer,1,11.0,Debit Card,Male,3.0,5.0,Mobile Phone,1,Married,2.0,0,18.0,1.0,4.0,5.0,156.62,3
4801,0,6.0,Computer,3,12.0,Debit Card,Male,3.0,4.0,Laptop & Accessory,4,Married,3.0,0,15.0,3.0,6.0,4.0,190.24,0
4802,0,12.0,Mobile Phone,3,16.0,E wallet,Male,4.0,5.0,Mobile Phone,4,Married,2.0,0,20.0,1.0,2.0,3.0,153.99,3
4803,0,16.0,Mobile Phone,1,10.0,Debit Card,Female,4.0,2.0,Laptop & Accessory,1,Married,4.0,1,14.0,2.0,2.0,4.0,177.31,1
4804,0,5.0,Mobile Phone,1,18.0,Debit Card,Male,3.0,4.0,Mobile Phone,1,Married,5.0,1,20.0,1.0,2.0,3.0,148.56,3
4805,1,1.0,Mobile Phone,3,7.0,Credit Card,Female,3.0,5.0,Mobile Phone,3,Married,8.0,1,20.0,2.0,2.0,3.0,153.0,3
4806,0,27.0,Mobile Phone,3,15.0,E wallet,Male,4.0,4.0,Grocery,1,Married,7.0,0,15.0,3.0,2.0,3.0,243.36,1
4807,0,9.0,Mobile Phone,1,32.0,Cash on Delivery,Male,4.0,5.0,Fashion,4,Married,5.0,0,17.0,3.0,2.0,9.0,234.02999999999997,1
4808,0,11.0,Computer,3,28.0,Credit Card,Female,3.0,4.0,Mobile Phone,1,Married,7.0,0,16.0,2.0,2.0,1.0,154.73,3
4809,0,27.0,Mobile Phone,1,30.0,Debit Card,Female,4.0,4.0,Grocery,1,Single,8.0,0,19.0,1.0,4.0,9.0,267.75,1
4810,0,17.0,Computer,1,7.0,Debit Card,Female,3.0,4.0,Laptop & Accessory,1,Married,6.0,0,14.0,2.0,3.0,3.0,180.62,1
4811,0,21.0,Mobile Phone,3,9.0,E wallet,Female,3.0,4.0,Laptop & Accessory,1,Married,2.0,1,23.0,3.5,6.0,8.0,170.37,0
4812,0,11.0,Computer,3,26.0,Credit Card,Male,3.0,4.0,Fashion,4,Single,3.0,1,14.0,1.0,2.0,10.0,201.42,1
4813,0,24.0,Computer,1,9.0,Debit Card,Male,4.0,4.0,Grocery,5,Married,3.0,0,15.0,3.5,6.0,8.0,272.32625,0
4814,0,13.0,Mobile Phone,2,9.0,Debit Card,Female,3.0,5.0,Laptop & Accessory,1,Married,10.0,0,12.0,2.0,2.0,5.0,177.04,1
4815,0,7.0,Mobile Phone,2,10.0,UPI,Male,3.0,4.0,Mobile Phone,4,Married,5.0,1,12.0,1.0,2.0,4.0,147.77,3
4816,1,1.0,Mobile Phone,1,32.0,Debit Card,Male,3.0,4.0,Mobile Phone,1,Single,3.0,1,25.0,1.0,2.0,2.0,152.95,3
4817,0,3.0,Mobile Phone,1,14.0,Credit Card,Female,4.0,5.0,Mobile Phone,1,Married,8.0,0,15.0,2.0,2.0,4.0,150.32,3
4818,0,18.0,Mobile Phone,1,16.0,Debit Card,Male,4.0,4.0,Mobile Phone,5,Married,3.0,1,14.0,3.5,6.0,2.0,150.59,0
4819,0,2.0,Mobile Phone,3,12.0,Credit Card,Male,4.0,4.0,Laptop & Accessory,1,Single,3.0,0,15.0,1.0,2.0,3.0,174.08,3
4820,1,21.0,Computer,1,9.0,Debit Card,Male,3.0,5.0,Mobile Phone,1,Married,11.0,1,15.0,2.0,2.0,1.0,148.8,3
4821,0,17.0,Mobile Phone,1,15.0,Debit Card,Female,3.0,4.0,Laptop & Accessory,4,Married,6.0,0,22.0,2.0,2.0,1.0,172.65,3
4822,1,1.0,Mobile Phone,3,9.0,Credit Card,Female,3.0,5.0,Mobile Phone,3,Single,3.0,0,14.0,2.0,2.0,3.0,145.44,3
4823,1,1.0,Mobile Phone,1,25.0,UPI,Female,4.0,4.0,Mobile Phone,1,Single,3.0,0,20.0,2.0,2.0,1.0,151.93,3
4824,0,10.0,Mobile Phone,1,21.0,Debit Card,Male,4.0,4.0,Laptop & Accessory,1,Married,2.0,1,18.0,3.0,5.0,12.0,190.86,0
4825,0,21.0,Mobile Phone,3,9.0,Debit Card,Female,4.0,5.0,Mobile Phone,1,Single,3.0,1,19.0,1.0,2.0,3.0,157.94,3
4826,1,1.0,Mobile Phone,1,10.0,Debit Card,Female,3.0,4.0,Laptop & Accessory,3,Married,2.0,1,20.0,2.0,2.0,3.0,166.71,3
4827,1,5.0,Mobile Phone,1,9.0,Debit Card,Female,3.0,5.5,Mobile Phone,1,Married,6.0,1,14.0,1.0,2.0,1.0,152.78,3
4828,0,2.0,Mobile Phone,1,16.0,Credit Card,Female,4.0,4.0,Mobile Phone,3,Married,7.0,0,19.0,1.0,3.0,3.0,148.77,3
4829,1,3.0,Mobile Phone,1,13.0,Credit Card,Male,4.0,4.0,Mobile Phone,5,Married,9.0,1,22.0,2.0,3.0,3.0,149.04,3
4830,0,1.0,Mobile Phone,1,11.0,Debit Card,Female,4.0,4.0,Mobile Phone,3,Single,3.0,0,20.0,1.0,2.0,1.0,148.18,3
4831,0,8.0,Mobile Phone,1,17.0,Debit Card,Male,3.0,4.0,Mobile Phone,4,Married,3.0,0,15.0,2.0,2.0,1.0,145.08,3
4832,0,16.0,Mobile Phone,3,21.0,Credit Card,Female,4.0,5.0,Laptop & Accessory,3,Single,9.0,0,18.0,2.0,2.0,4.0,187.44,3
4833,0,7.0,Mobile Phone,1,7.0,UPI,Male,4.0,5.0,Mobile Phone,5,Single,5.0,1,12.0,2.0,2.0,3.0,152.99,3
4834,0,30.0,Mobile Phone,1,12.0,Cash on Delivery,Female,3.0,5.0,Fashion,4,Married,4.0,1,14.0,2.0,2.0,3.0,230.52,1
4835,0,5.0,Mobile Phone,3,14.0,Debit Card,Male,3.0,5.0,Mobile Phone,3,Married,5.0,0,16.0,3.0,6.0,3.0,148.29,0
4836,0,9.0,Mobile Phone,1,28.0,Debit Card,Female,3.0,4.0,Laptop & Accessory,1,Married,3.0,1,25.5,1.0,2.0,8.0,165.14,3
4837,0,23.0,Mobile Phone,1,15.0,UPI,Female,3.0,4.0,Fashion,4,Married,6.0,0,12.0,1.0,2.0,8.0,199.03,1
4838,0,22.0,Mobile Phone,1,27.0,Credit Card,Male,3.0,4.0,Mobile Phone,3,Married,6.0,0,18.0,2.0,2.0,1.0,147.59,3
4839,0,5.0,Computer,3,27.0,E wallet,Female,3.0,4.0,Laptop & Accessory,3,Married,3.0,0,14.0,2.0,2.0,1.0,194.32,3
4840,0,10.0,Mobile Phone,1,14.0,UPI,Male,4.0,4.0,Mobile Phone,1,Single,4.0,0,19.0,2.0,2.0,2.0,171.78,3
4841,0,12.0,Mobile Phone,1,7.0,Cash on Delivery,Female,4.0,4.0,Fashion,5,Married,3.0,0,14.0,3.5,6.0,12.0,260.82,0
4842,0,6.0,Computer,1,7.0,Debit Card,Female,4.0,5.0,Mobile Phone,4,Married,8.0,0,21.0,1.0,2.0,3.0,148.32,3
4843,1,1.0,Mobile Phone,3,26.0,E wallet,Male,3.0,5.0,Mobile Phone,4,Married,3.0,1,19.0,1.0,2.0,1.0,149.13,3
4844,0,14.0,Mobile Phone,3,17.0,E wallet,Male,4.0,5.0,Fashion,4,Married,4.0,0,13.0,1.0,2.0,3.0,222.05,1
4845,0,1.0,Computer,3,7.0,Credit Card,Male,3.0,5.0,Laptop & Accessory,5,Single,3.0,0,13.0,1.0,2.0,8.0,167.94,3
4846,0,15.0,Mobile Phone,1,13.0,Credit Card,Male,3.0,4.0,Mobile Phone,5,Single,4.0,1,14.0,2.0,3.0,14.5,172.21,0
4847,0,10.0,Mobile Phone,1,9.0,Credit Card,Male,4.0,4.0,Mobile Phone,3,Single,6.0,0,22.0,2.0,4.0,10.0,150.19,3
4848,1,1.0,Mobile Phone,3,28.0,UPI,Male,3.0,5.0,Mobile Phone,4,Single,3.0,1,14.0,2.0,2.0,1.0,146.21,3
4849,1,1.0,Mobile Phone,1,11.0,Cash on Delivery,Male,3.0,4.0,Mobile Phone,5,Single,3.0,0,20.0,2.0,2.0,1.0,154.73,3
4850,0,5.0,Mobile Phone,1,19.0,Credit Card,Female,3.0,4.0,Laptop & Accessory,1,Married,2.0,1,12.0,3.5,6.0,6.0,183.55,0
4851,0,14.0,Computer,1,16.0,Credit Card,Male,3.0,4.0,Mobile Phone,4,Married,10.0,1,15.0,1.0,2.0,1.0,161.17,3
4852,0,6.0,Mobile Phone,1,10.0,Credit Card,Female,4.0,4.0,Laptop & Accessory,5,Married,3.0,0,13.0,2.0,6.0,4.0,192.25,0
4853,1,1.0,Mobile Phone,3,10.0,Debit Card,Male,3.0,5.0,Fashion,1,Married,3.0,1,12.0,3.5,4.0,3.0,228.25,0
4854,0,7.0,Mobile Phone,1,7.0,Debit Card,Female,3.0,5.0,Laptop & Accessory,1,Single,2.0,0,15.0,2.0,2.0,5.0,194.49,3
4855,1,1.0,Mobile Phone,3,7.0,Debit Card,Male,3.0,5.0,Fashion,3,Married,7.0,0,12.0,3.5,6.0,3.0,231.08999999999997,0
4856,0,19.0,Computer,1,11.0,Debit Card,Male,3.0,4.0,Laptop & Accessory,4,Married,3.0,0,13.0,2.0,2.0,9.0,169.47,1
4857,0,3.0,Computer,3,27.0,Cash on Delivery,Female,3.0,4.0,Mobile Phone,1,Married,3.0,0,16.0,1.0,2.0,3.0,146.57,3
4858,0,9.0,Mobile Phone,3,25.0,Credit Card,Female,3.0,4.0,Laptop & Accessory,3,Married,3.0,0,17.0,2.0,2.0,1.0,171.01,3
4859,0,26.0,Mobile Phone,1,7.0,Debit Card,Male,4.0,4.0,Grocery,1,Married,4.0,0,15.0,3.5,6.0,9.0,272.32625,0
4860,1,21.0,Mobile Phone,1,9.0,Cash on Delivery,Male,3.0,4.0,Mobile Phone,3,Single,6.0,0,25.0,1.0,2.0,1.0,149.79,3
4861,0,27.0,Mobile Phone,3,9.0,Credit Card,Male,3.0,4.0,Grocery,3,Married,8.0,0,14.0,1.0,6.0,3.0,272.32625,1
4862,0,4.0,Mobile Phone,3,15.0,UPI,Male,4.0,4.0,Fashion,3,Married,7.0,0,12.0,3.0,6.0,8.0,197.64,0
4863,0,12.0,Computer,3,17.0,Cash on Delivery,Female,3.0,4.0,Laptop & Accessory,1,Single,3.0,1,14.0,2.0,2.0,4.0,181.66,3
4864,0,9.0,Mobile Phone,3,10.0,Debit Card,Male,4.0,4.0,Fashion,1,Married,8.0,0,14.0,1.0,2.0,9.0,203.23,1
4865,0,13.0,Mobile Phone,3,9.0,Debit Card,Male,3.0,2.0,Fashion,3,Single,2.0,0,19.0,1.0,2.0,8.0,203.8,1
4866,1,4.0,Computer,3,31.0,Debit Card,Female,4.0,2.0,Grocery,4,Single,6.0,1,17.0,2.0,2.0,1.0,256.94,1
4867,0,21.0,Computer,1,23.0,Credit Card,Male,4.0,2.0,Laptop & Accessory,3,Married,3.0,1,20.0,2.0,3.0,8.0,175.67,0
4868,0,10.0,Computer,3,15.0,Cash on Delivery,Male,3.0,4.0,Laptop & Accessory,1,Married,6.0,0,14.0,2.0,2.0,8.0,175.79,3
4869,1,1.0,Computer,1,16.0,Credit Card,Male,3.0,5.0,Mobile Phone,5,Single,2.0,1,23.0,1.0,2.0,3.0,148.21,3
4870,0,7.0,Computer,3,24.0,Debit Card,Male,3.0,4.0,Grocery,3,Single,3.0,0,15.0,3.5,6.0,1.0,272.32625,0
4871,1,1.0,Mobile Phone,1,17.0,Debit Card,Female,4.0,5.0,Mobile Phone,5,Single,8.0,1,21.0,2.0,2.0,1.0,149.04,3
4872,0,7.0,Mobile Phone,1,20.0,Debit Card,Female,3.0,4.0,Mobile Phone,1,Single,5.0,0,19.0,2.0,2.0,3.0,159.52,3
4873,0,19.0,Mobile Phone,1,7.0,Credit Card,Female,4.0,4.0,Mobile Phone,1,Married,5.0,0,15.0,2.0,2.0,3.0,147.7,3
4874,0,24.0,Mobile Phone,1,7.0,Credit Card,Male,4.0,4.0,Grocery,1,Married,11.0,0,15.0,1.0,2.0,4.0,272.32625,1
4875,0,7.0,Computer,1,7.0,UPI,Female,3.0,2.0,Laptop & Accessory,4,Married,3.0,1,14.0,2.0,2.0,3.0,179.88,2
4876,0,15.0,Computer,1,16.0,Credit Card,Male,4.0,4.0,Others,3,Married,4.0,0,15.0,1.0,2.0,12.0,272.32625,1
4877,0,1.0,Mobile Phone,1,23.0,Cash on Delivery,Female,3.0,4.0,Mobile Phone,4,Married,11.0,0,15.0,3.0,3.0,3.0,153.11,3
4878,0,19.0,Computer,1,30.0,Debit Card,Male,3.0,4.0,Laptop & Accessory,5,Married,3.0,1,16.0,2.0,2.0,9.0,161.33,1
4879,0,21.0,Mobile Phone,3,11.0,Debit Card,Female,3.0,4.0,Laptop & Accessory,1,Single,3.0,1,18.0,2.0,2.0,8.0,166.63,1
4880,1,1.0,Mobile Phone,1,29.0,Debit Card,Female,3.0,4.0,Mobile Phone,3,Married,6.0,1,12.0,1.0,2.0,2.0,146.32,3
4881,0,24.0,Mobile Phone,1,31.0,Debit Card,Male,4.0,4.0,Grocery,3,Married,5.0,1,19.0,1.0,2.0,6.0,264.73,1
4882,0,12.0,Computer,1,17.0,Credit Card,Male,4.0,4.0,Mobile Phone,3,Married,2.0,0,18.0,1.0,2.0,3.0,151.84,3
4883,0,20.0,Mobile Phone,1,14.0,Credit Card,Male,4.0,4.0,Fashion,3,Married,8.0,0,14.0,2.0,2.0,8.0,233.45,1
4884,0,1.0,Mobile Phone,1,24.0,Credit Card,Female,3.0,5.0,Laptop & Accessory,3,Married,3.0,0,16.0,1.0,4.0,3.0,168.77,3
4885,1,1.0,Mobile Phone,1,21.0,UPI,Male,3.0,5.0,Mobile Phone,4,Married,3.0,1,25.0,2.0,2.0,3.0,162.43,3
4886,0,5.0,Computer,1,7.0,Debit Card,Female,4.0,4.0,Laptop & Accessory,5,Married,3.0,0,13.0,2.0,2.0,4.0,166.48,3
4887,0,1.0,Computer,1,12.0,Debit Card,Male,4.0,4.0,Mobile Phone,1,Single,3.0,0,16.0,1.0,2.0,1.0,135.51,3
4888,0,28.0,Mobile Phone,1,24.0,Cash on Delivery,Female,3.0,4.0,Fashion,3,Married,10.0,0,12.0,1.0,2.0,9.0,232.39,1
4889,0,9.0,Mobile Phone,1,32.0,Credit Card,Female,3.0,4.0,Fashion,3,Married,3.0,1,12.0,1.0,6.0,3.0,228.88,1
4890,0,4.0,Mobile Phone,1,15.0,Debit Card,Female,4.0,2.0,Fashion,5,Married,2.0,1,13.0,1.0,2.0,8.0,239.16000000000003,1
4891,1,1.0,Mobile Phone,1,18.0,Credit Card,Female,4.0,5.0,Mobile Phone,5,Single,3.0,1,16.0,2.0,2.0,1.0,151.0,3
4892,1,1.0,Computer,1,12.0,Credit Card,Female,3.0,4.0,Mobile Phone,4,Single,2.0,0,18.0,1.0,2.0,3.0,149.22,3
4893,0,1.0,Mobile Phone,1,9.0,Credit Card,Male,3.0,2.0,Laptop & Accessory,1,Married,3.0,0,13.0,2.0,2.0,4.0,179.72,2
4894,0,1.0,Mobile Phone,1,15.0,Debit Card,Male,4.0,5.5,Mobile Phone,5,Married,3.0,0,16.0,1.0,2.0,2.0,149.51,3
4895,0,22.0,Mobile Phone,1,13.0,Debit Card,Male,4.0,5.0,Laptop & Accessory,3,Single,4.0,0,14.0,1.0,3.0,3.0,167.4,3
4896,0,22.0,Mobile Phone,1,11.0,Debit Card,Male,4.0,5.0,Fashion,3,Single,9.0,0,15.0,2.0,2.0,9.0,234.99,1
4897,0,15.0,Mobile Phone,1,14.0,Credit Card,Female,3.0,4.0,Laptop & Accessory,3,Single,8.0,0,15.0,3.0,3.0,2.0,175.03,3
4898,0,13.0,Mobile Phone,1,7.0,Debit Card,Female,4.0,5.0,Grocery,1,Married,3.0,0,17.0,3.5,2.0,9.0,252.42000000000002,0
4899,0,1.0,Mobile Phone,1,9.0,Debit Card,Female,3.0,4.0,Laptop & Accessory,1,Married,2.0,0,19.0,3.0,3.0,3.0,167.27,3
4900,0,9.0,Mobile Phone,1,17.0,UPI,Male,3.0,4.0,Mobile Phone,1,Married,3.0,0,21.0,1.0,2.0,3.0,164.17,3
4901,0,1.0,Mobile Phone,3,12.0,E wallet,Male,3.0,4.0,Others,3,Married,8.0,0,15.0,1.0,2.0,1.0,272.32625,3
4902,0,24.0,Mobile Phone,1,16.0,Debit Card,Male,4.0,4.0,Mobile Phone,1,Married,6.0,0,19.0,2.0,2.0,1.0,148.8,3
4903,0,30.0,Mobile Phone,1,9.0,Debit Card,Female,4.0,5.0,Grocery,1,Single,5.0,1,14.0,1.0,5.0,4.0,262.26,1
4904,1,1.0,Mobile Phone,1,18.0,Credit Card,Female,4.0,5.5,Laptop & Accessory,4,Married,7.0,0,16.0,2.0,2.0,1.0,172.77,3
4905,0,29.0,Computer,1,25.0,Credit Card,Male,4.0,4.0,Laptop & Accessory,4,Married,5.0,1,15.0,3.0,6.0,8.0,188.85,0
4906,0,15.0,Computer,1,14.0,Debit Card,Female,3.0,5.5,Others,3,Married,3.0,0,23.0,3.5,6.0,11.0,272.32625,0
4907,0,12.0,Mobile Phone,3,10.0,Debit Card,Male,3.0,4.0,Laptop & Accessory,1,Single,10.0,1,13.0,2.0,2.0,1.0,193.61,3
4908,1,1.0,Computer,3,36.0,Credit Card,Male,4.0,5.5,Laptop & Accessory,5,Single,10.0,0,19.0,2.0,3.0,3.0,174.69,3
4909,1,16.0,Mobile Phone,3,9.0,E wallet,Female,3.0,5.5,Others,1,Married,3.0,0,16.0,3.5,6.0,10.0,272.32625,0
4910,0,18.0,Mobile Phone,3,35.0,Credit Card,Female,3.0,2.0,Grocery,1,Married,5.0,1,19.0,3.5,2.0,12.0,258.2,1
4911,0,24.0,Computer,3,7.0,Debit Card,Female,4.0,4.0,Laptop & Accessory,3,Married,2.0,0,13.0,1.0,2.0,14.0,188.47,1
4912,1,1.0,Mobile Phone,1,23.0,Debit Card,Female,3.0,2.0,Mobile Phone,5,Single,3.0,0,17.0,3.5,6.0,14.5,152.43,0
4913,0,13.0,Computer,1,29.0,Credit Card,Female,3.0,4.0,Fashion,5,Single,3.0,1,14.0,2.0,2.0,9.0,233.8,1
4914,0,7.0,Computer,3,15.0,Debit Card,Female,3.0,5.0,Mobile Phone,1,Single,2.0,0,20.0,1.0,3.0,3.0,148.42,3
4915,0,19.0,Mobile Phone,3,18.0,Debit Card,Female,3.0,4.0,Grocery,1,Married,5.0,0,15.0,1.0,2.0,2.0,272.32625,1
4916,0,6.0,Computer,1,36.0,Credit Card,Female,4.0,4.0,Mobile Phone,3,Single,11.0,0,13.0,3.5,6.0,8.0,165.25,0
4917,0,8.0,Mobile Phone,3,7.0,E wallet,Male,4.0,2.0,Laptop & Accessory,1,Married,2.0,0,12.0,1.0,2.0,3.0,222.25,2
4918,0,30.0,Mobile Phone,3,7.0,Cash on Delivery,Male,4.0,4.0,Fashion,1,Married,5.0,1,15.0,2.0,2.0,5.0,244.04000000000002,1
4919,0,19.0,Mobile Phone,2,31.0,Credit Card,Male,3.0,4.0,Mobile Phone,4,Single,3.0,0,17.0,1.0,2.0,5.0,146.77,3
4920,0,27.0,Computer,3,9.0,E wallet,Female,3.0,5.0,Fashion,4,Married,4.0,0,13.0,3.5,6.0,13.0,200.25,0
4921,1,1.0,Mobile Phone,1,22.0,UPI,Male,3.0,4.0,Laptop & Accessory,3,Married,9.0,0,15.0,1.0,2.0,1.0,173.34,3
4922,1,1.0,Computer,1,9.0,Debit Card,Male,3.0,4.0,Mobile Phone,5,Married,8.0,1,15.0,1.0,2.0,3.0,145.42,3
4923,0,8.0,Mobile Phone,3,17.0,Debit Card,Female,3.0,4.0,Mobile Phone,3,Married,3.0,1,20.0,1.0,2.0,1.0,147.2,3
4924,0,2.0,Mobile Phone,3,17.0,Credit Card,Male,4.0,4.0,Mobile Phone,4,Married,3.0,0,23.0,1.0,2.0,1.0,135.52,3
4925,0,12.0,Computer,1,10.0,UPI,Male,3.0,4.0,Mobile Phone,3,Married,5.0,0,17.0,3.0,3.0,3.0,153.21,3
4926,0,24.0,Mobile Phone,1,9.0,Credit Card,Male,4.0,4.0,Others,3,Married,4.0,1,15.0,3.5,6.0,8.0,272.32625,0
4927,0,11.0,Mobile Phone,1,10.0,UPI,Female,3.0,4.0,Laptop & Accessory,4,Single,5.0,0,16.0,2.0,2.0,2.0,166.07,3
4928,0,14.0,Mobile Phone,3,33.0,E wallet,Male,4.0,4.0,Laptop & Accessory,5,Married,3.0,0,15.0,3.5,6.0,6.0,208.96,0
4929,0,1.0,Computer,1,7.0,Credit Card,Female,4.0,5.0,Mobile Phone,3,Married,3.0,0,14.0,1.0,2.0,4.0,145.07,3
4930,0,20.0,Mobile Phone,1,7.0,Credit Card,Male,3.0,4.0,Others,1,Married,11.0,0,15.0,2.0,3.0,3.0,272.32625,1
4931,0,28.0,Mobile Phone,3,9.0,Debit Card,Female,3.0,5.0,Fashion,3,Married,8.0,0,12.0,3.5,2.0,1.0,231.86,1
4932,0,30.0,Computer,1,16.0,Credit Card,Female,4.0,4.0,Mobile Phone,3,Married,4.0,0,20.0,2.0,2.0,4.0,154.42,3
4933,0,10.0,Mobile Phone,1,19.0,Credit Card,Female,3.0,5.0,Fashion,1,Single,2.0,0,12.0,3.5,6.0,3.0,213.58,0
4934,0,29.0,Computer,1,9.0,Credit Card,Male,3.0,5.0,Grocery,5,Single,9.0,0,15.0,3.0,6.0,3.0,272.32625,1
4935,0,17.0,Mobile Phone,3,32.0,Credit Card,Male,4.0,5.0,Fashion,1,Married,7.0,0,14.0,2.0,2.0,1.0,232.98000000000002,1
4936,1,1.0,Computer,3,16.0,E wallet,Female,3.0,4.0,Mobile Phone,1,Single,3.0,1,15.0,2.0,2.0,3.0,148.23,3
4937,1,1.0,Mobile Phone,1,17.0,Debit Card,Female,3.0,5.0,Mobile Phone,5,Single,3.0,0,14.0,1.0,2.0,1.0,139.16,3
4938,0,20.0,Mobile Phone,1,15.0,Debit Card,Female,4.0,5.0,Laptop & Accessory,5,Married,10.0,1,24.0,2.0,2.0,8.0,171.15,1
4939,1,15.0,Mobile Phone,1,11.0,Debit Card,Male,3.0,4.0,Mobile Phone,3,Married,11.0,1,13.0,1.0,3.0,8.0,149.61,1
4940,1,1.0,Computer,1,31.0,Cash on Delivery,Male,4.0,5.0,Fashion,5,Single,3.0,0,13.0,2.0,2.0,3.0,212.22,3
4941,0,1.0,Mobile Phone,1,7.0,Credit Card,Male,3.0,5.0,Mobile Phone,5,Married,3.0,0,17.0,2.0,2.0,4.0,164.55,3
4942,0,4.0,Mobile Phone,1,27.0,UPI,Male,3.0,4.0,Laptop & Accessory,5,Married,2.0,0,16.0,1.0,2.0,3.0,224.57,3
4943,0,15.0,Mobile Phone,1,14.0,Cash on Delivery,Female,3.0,2.0,Mobile Phone,3,Married,3.0,0,14.0,1.0,2.0,9.0,158.76,2
4944,0,12.0,Mobile Phone,1,24.0,Debit Card,Female,4.0,5.0,Fashion,3,Married,2.0,0,19.0,2.0,2.0,3.0,213.23,1
4945,0,14.0,Mobile Phone,1,27.0,Cash on Delivery,Male,4.0,4.0,Fashion,1,Married,6.0,0,21.0,3.5,6.0,3.0,228.22,0
4946,0,1.0,Computer,1,15.0,Debit Card,Male,3.0,5.5,Mobile Phone,3,Married,3.0,0,20.0,2.0,2.0,3.0,171.21,3
4947,0,29.0,Computer,1,9.0,Debit Card,Male,4.0,4.0,Fashion,4,Married,5.0,0,19.0,1.0,2.0,3.0,234.76,1
4948,0,2.0,Mobile Phone,1,17.0,UPI,Female,3.0,4.0,Laptop & Accessory,3,Single,5.0,0,14.0,1.0,2.0,8.0,161.6,3
4949,1,8.0,Mobile Phone,2,7.0,Credit Card,Male,4.0,5.0,Fashion,5,Married,11.0,0,15.0,3.0,4.0,3.0,229.82,1
4950,0,7.0,Mobile Phone,1,12.0,Debit Card,Male,3.0,5.0,Fashion,1,Married,6.0,0,16.0,2.0,2.0,3.0,196.19,1
4951,1,1.0,Mobile Phone,3,11.0,Cash on Delivery,Male,3.0,4.0,Fashion,5,Single,2.0,1,23.0,3.0,5.0,3.0,220.82,0
4952,1,1.0,Computer,1,36.0,Credit Card,Female,3.0,5.0,Laptop & Accessory,3,Single,3.0,0,23.0,3.0,4.0,9.0,170.08,0
4953,0,2.0,Mobile Phone,1,22.0,Debit Card,Male,3.0,4.0,Mobile Phone,3,Married,3.0,0,17.0,1.0,3.0,3.0,147.07,3
4954,0,8.0,Computer,1,10.0,Debit Card,Male,3.0,4.0,Laptop & Accessory,1,Single,2.0,0,18.0,2.0,2.0,5.0,202.56,3
4955,0,11.0,Mobile Phone,3,17.0,Debit Card,Female,3.0,5.0,Laptop & Accessory,1,Married,4.0,1,15.0,2.0,2.0,1.0,191.94,3
4956,1,1.0,Mobile Phone,1,11.0,Cash on Delivery,Male,3.0,4.0,Mobile Phone,1,Married,3.0,1,16.0,3.5,6.0,7.0,161.91,0
4957,1,1.0,Mobile Phone,1,28.0,Credit Card,Male,3.0,4.0,Mobile Phone,3,Married,3.0,0,21.0,2.0,2.0,1.0,148.77,3
4958,1,1.0,Mobile Phone,1,32.0,Credit Card,Male,3.0,5.0,Mobile Phone,4,Single,6.0,1,21.0,2.0,3.0,3.0,148.13,3
4959,0,16.0,Mobile Phone,1,9.0,Credit Card,Male,3.0,4.0,Grocery,5,Married,2.0,0,15.0,3.5,6.0,8.0,272.32625,0
4960,1,1.0,Computer,1,7.0,Credit Card,Male,3.0,5.0,Mobile Phone,4,Married,3.0,0,16.0,2.0,2.0,1.0,150.96,3
4961,1,14.0,Computer,3,7.0,UPI,Male,3.0,4.0,Laptop & Accessory,3,Single,5.0,1,15.0,2.0,2.0,1.0,172.28,3
4962,0,7.0,Computer,3,14.0,Debit Card,Female,2.0,4.0,Laptop & Accessory,4,Married,2.0,0,18.0,1.0,2.0,3.0,168.02,2
4963,0,8.0,Computer,1,10.0,Debit Card,Male,3.0,5.0,Mobile Phone,1,Married,5.0,0,18.0,1.0,2.0,1.0,154.79,3
4964,0,22.0,Computer,1,7.0,Credit Card,Male,3.0,2.0,Grocery,1,Single,4.0,0,15.0,1.0,3.0,2.0,272.32625,1
4965,0,19.0,Computer,3,16.0,Debit Card,Female,4.0,5.0,Laptop & Accessory,3,Married,3.0,0,14.0,3.5,5.0,13.0,180.93,0
4966,0,26.0,Mobile Phone,1,6.0,Debit Card,Male,3.0,4.0,Fashion,4,Single,9.0,0,20.0,3.0,5.0,3.0,229.45,1
4967,0,12.0,Mobile Phone,3,17.0,E wallet,Male,4.0,5.0,Fashion,3,Married,2.0,1,15.0,2.0,3.0,3.0,212.4,1
4968,0,3.0,Mobile Phone,1,35.0,Debit Card,Female,4.0,4.0,Mobile Phone,1,Married,6.0,0,23.0,2.0,2.0,8.0,150.14,3
4969,0,2.0,Mobile Phone,1,10.0,Credit Card,Female,4.0,4.0,Fashion,4,Married,2.0,0,18.0,1.0,2.0,8.0,201.55,3
4970,0,20.0,Mobile Phone,3,10.0,E wallet,Male,3.0,4.0,Grocery,3,Married,5.0,0,15.0,3.5,5.0,10.0,272.32625,0
4971,0,12.0,Mobile Phone,3,9.0,E wallet,Male,3.0,4.0,Fashion,4,Single,9.0,0,17.0,2.0,2.0,1.0,198.51,1
4972,0,17.0,Computer,1,34.0,Debit Card,Female,3.0,4.0,Fashion,5,Married,10.0,0,12.0,2.0,2.0,2.0,233.2,1
4973,1,3.0,Computer,1,9.0,Debit Card,Male,3.0,4.0,Grocery,1,Married,9.0,0,12.0,3.5,2.0,6.0,246.69,1
4974,0,14.0,Mobile Phone,1,21.0,Credit Card,Male,3.0,5.0,Others,3,Single,3.0,0,15.0,3.5,5.0,10.0,272.32625,0
4975,0,1.0,Mobile Phone,1,7.0,Cash on Delivery,Female,4.0,5.0,Mobile Phone,4,Single,3.0,1,12.0,2.0,3.0,3.0,145.7,3
4976,0,13.0,Computer,1,16.0,Debit Card,Male,4.0,4.0,Laptop & Accessory,4,Single,11.0,0,16.0,2.0,2.0,4.0,192.82,3
4977,0,10.0,Computer,1,25.0,Debit Card,Male,4.0,4.0,Laptop & Accessory,1,Single,4.0,0,21.0,1.0,2.0,10.0,202.79,3
4978,0,5.0,Computer,3,27.0,Debit Card,Male,4.0,2.0,Mobile Phone,1,Married,2.0,0,13.0,3.0,3.0,3.0,152.91,3
4979,0,2.0,Mobile Phone,1,9.0,Debit Card,Male,4.0,5.0,Mobile Phone,4,Married,2.0,0,18.0,1.0,2.0,5.0,157.01,3
4980,0,9.0,Computer,3,18.0,E wallet,Male,3.0,4.0,Laptop & Accessory,1,Married,3.0,0,12.0,2.0,2.0,3.0,174.68,3
4981,0,23.0,Mobile Phone,3,15.0,Cash on Delivery,Male,3.0,5.0,Grocery,4,Married,8.0,0,18.0,2.0,2.0,4.0,256.2,1
4982,0,8.0,Computer,1,9.0,Debit Card,Male,4.0,4.0,Laptop & Accessory,3,Single,4.0,0,12.0,2.0,2.0,3.0,165.33,3
4983,0,3.0,Computer,1,17.0,Debit Card,Female,4.0,4.0,Mobile Phone,4,Married,2.0,0,15.0,1.0,2.0,2.0,157.91,3
4984,0,16.0,Mobile Phone,1,36.0,Credit Card,Male,3.0,5.5,Laptop & Accessory,1,Single,6.0,0,20.0,2.0,2.0,1.0,167.72,3
4985,0,3.0,Mobile Phone,1,15.0,Credit Card,Male,4.0,5.0,Laptop & Accessory,1,Married,3.0,1,16.0,2.0,2.0,3.0,175.56,3
4986,0,12.0,Mobile Phone,2,7.0,UPI,Male,3.0,2.0,Mobile Phone,3,Married,3.0,0,14.0,3.5,6.0,1.0,153.44,0
4987,0,2.0,Computer,1,13.0,Debit Card,Male,3.0,5.0,Mobile Phone,3,Married,3.0,1,15.0,2.0,2.0,3.0,152.03,3
4988,1,1.0,Computer,1,15.0,Credit Card,Male,4.0,4.0,Mobile Phone,3,Single,3.0,0,13.0,2.0,2.0,1.0,144.04,3
4989,1,1.0,Mobile Phone,3,16.0,E wallet,Female,4.0,4.0,Laptop & Accessory,5,Single,5.0,1,18.0,1.0,2.0,4.0,207.24,3
4990,0,15.0,Mobile Phone,1,19.0,Debit Card,Male,3.0,4.0,Mobile Phone,1,Married,5.0,1,12.0,2.0,2.0,1.0,172.66,3
4991,1,1.0,Computer,1,22.0,Credit Card,Male,4.0,4.0,Mobile Phone,3,Married,3.0,0,13.0,2.0,3.0,3.0,151.1,3
4992,0,11.0,Mobile Phone,1,32.0,Credit Card,Female,3.0,5.0,Laptop & Accessory,1,Married,9.0,0,14.0,2.0,2.0,4.0,182.31,3
4993,0,1.0,Mobile Phone,1,13.0,Debit Card,Male,3.0,5.0,Mobile Phone,3,Married,3.0,0,14.0,2.0,3.0,3.0,150.39,3
4994,0,8.0,Mobile Phone,3,16.0,Debit Card,Female,4.0,4.0,Laptop & Accessory,3,Married,3.0,0,21.0,1.0,2.0,4.0,182.14,3
4995,0,9.0,Mobile Phone,2,15.0,Cash on Delivery,Male,4.0,4.0,Mobile Phone,3,Single,3.0,0,18.0,1.0,2.0,5.0,168.23,3
4996,1,1.0,Mobile Phone,3,30.0,Debit Card,Female,3.0,5.0,Fashion,5,Married,3.0,0,14.0,2.0,4.0,11.0,198.36,0
4997,0,14.0,Computer,1,16.0,Credit Card,Female,3.0,4.0,Fashion,3,Single,11.0,0,18.0,2.0,2.0,14.0,259.99,1
4998,1,6.0,Computer,3,19.0,Debit Card,Male,3.0,4.0,Grocery,5,Single,2.0,1,13.0,1.0,6.0,14.5,262.58,0
4999,0,16.0,Mobile Phone,3,11.0,E wallet,Male,3.0,4.0,Laptop & Accessory,5,Single,9.0,0,14.0,2.0,2.0,6.0,176.55,1
5000,0,9.0,Mobile Phone,1,7.0,Credit Card,Male,3.0,5.0,Mobile Phone,3,Married,8.0,0,13.0,2.0,2.0,8.0,147.58,3
5001,0,1.0,Mobile Phone,1,31.0,Credit Card,Male,3.0,4.0,Mobile Phone,4,Single,10.0,0,23.0,1.0,2.0,3.0,160.97,3
5002,1,1.0,Mobile Phone,1,19.0,Debit Card,Female,4.0,4.0,Mobile Phone,1,Married,3.0,1,12.0,2.0,2.0,1.0,150.15,3
5003,0,1.0,Mobile Phone,1,10.0,Credit Card,Male,3.0,2.0,Mobile Phone,1,Married,3.0,0,23.0,2.0,2.0,8.0,169.2,2
5004,0,4.0,Mobile Phone,3,17.0,E wallet,Male,4.0,5.0,Laptop & Accessory,3,Married,3.0,0,19.0,1.0,2.0,5.0,190.78,3
5005,0,14.0,Computer,1,33.0,Credit Card,Female,4.0,5.0,Laptop & Accessory,1,Married,5.0,1,14.0,1.0,2.0,1.0,169.22,3
5006,0,9.0,Mobile Phone,1,9.0,Debit Card,Male,3.0,5.0,Fashion,4,Married,4.0,0,19.0,3.0,6.0,3.0,227.74,0
5007,0,8.0,Computer,1,8.0,Credit Card,Male,4.0,5.0,Laptop & Accessory,5,Single,2.0,0,21.0,1.0,5.0,10.0,178.43,3
5008,0,9.0,Computer,1,11.0,UPI,Male,3.0,5.0,Mobile Phone,1,Married,3.0,0,14.0,2.0,3.0,3.0,148.76,3
5009,1,7.0,Mobile Phone,3,16.0,E wallet,Female,3.0,5.5,Laptop & Accessory,3,Single,10.0,0,14.0,1.0,2.0,4.0,178.46,3
5010,0,6.0,Computer,3,9.0,Debit Card,Female,4.0,4.0,Mobile Phone,5,Married,3.0,0,13.0,2.0,2.0,1.0,153.27,3
5011,0,30.0,Mobile Phone,1,11.0,Cash on Delivery,Female,4.0,4.0,Others,5,Married,6.0,0,14.0,3.5,5.0,3.0,272.32625,1
5012,0,3.0,Mobile Phone,1,13.0,Credit Card,Female,3.0,4.0,Mobile Phone,1,Married,3.0,0,14.0,1.0,2.0,9.0,156.31,3
5013,0,1.0,Mobile Phone,1,16.0,Debit Card,Male,3.0,4.0,Mobile Phone,5,Single,3.0,0,25.5,1.0,2.0,1.0,150.52,3
5014,0,19.0,Mobile Phone,1,14.0,Credit Card,Female,3.0,4.0,Mobile Phone,3,Married,6.0,1,20.0,1.0,2.0,3.0,169.77,3
5015,0,11.0,Mobile Phone,1,8.0,Debit Card,Female,3.0,5.0,Laptop & Accessory,1,Married,3.0,0,14.0,1.0,4.0,12.0,189.74,0
5016,0,1.0,Mobile Phone,1,6.0,Debit Card,Male,3.0,5.0,Mobile Phone,3,Single,3.0,0,13.0,1.0,2.0,3.0,155.33,3
5017,1,8.0,Mobile Phone,1,17.0,Debit Card,Male,4.0,4.0,Mobile Phone,3,Single,3.0,1,12.0,2.0,2.0,3.0,154.36,3
5018,0,27.0,Mobile Phone,1,14.0,Credit Card,Female,3.0,4.0,Others,3,Married,5.0,0,15.0,3.5,5.0,8.0,272.32625,0
5019,0,3.0,Mobile Phone,1,22.0,Debit Card,Female,4.0,5.5,Mobile Phone,1,Married,2.0,1,19.0,2.0,2.0,4.0,146.68,3
5020,1,1.0,Computer,1,10.0,Debit Card,Male,3.0,5.0,Mobile Phone,1,Married,2.0,1,12.0,1.0,2.0,1.0,153.53,3
5021,0,20.0,Mobile Phone,3,9.0,E wallet,Female,4.0,4.0,Grocery,5,Married,10.0,0,15.0,3.5,6.0,10.0,272.32625,0
5022,0,18.0,Computer,1,24.0,Debit Card,Male,4.0,5.5,Mobile Phone,3,Single,4.0,0,14.0,2.0,2.0,1.0,147.9,3
5023,0,7.0,Mobile Phone,2,9.0,UPI,Male,4.0,4.0,Mobile Phone,3,Married,3.0,0,14.0,2.0,2.0,5.0,161.0,3
5024,1,5.0,Computer,1,12.0,Debit Card,Male,4.0,5.0,Mobile Phone,5,Married,8.0,0,18.0,1.0,2.0,1.0,146.07,3
5025,0,4.0,Mobile Phone,3,36.0,Debit Card,Male,4.0,4.0,Laptop & Accessory,5,Married,10.0,0,20.0,2.0,2.0,4.0,166.15,3
5026,0,14.0,Computer,3,9.0,Credit Card,Male,4.0,4.0,Laptop & Accessory,4,Married,7.0,0,13.0,2.0,2.0,1.0,168.27,3
5027,0,24.0,Computer,1,9.0,Credit Card,Female,2.0,4.0,Grocery,5,Married,4.0,0,15.0,1.0,3.0,3.0,272.32625,1
5028,0,2.0,Mobile Phone,1,26.0,Credit Card,Male,4.0,5.0,Mobile Phone,5,Married,3.0,0,13.0,2.0,4.0,4.0,156.96,3
5029,0,20.0,Mobile Phone,1,22.0,Debit Card,Male,3.0,4.0,Others,4,Married,7.0,0,15.0,2.0,2.0,4.0,272.32625,1
5030,0,9.0,Mobile Phone,3,24.0,Debit Card,Male,4.0,4.0,Laptop & Accessory,5,Married,5.0,1,16.0,1.0,2.0,3.0,214.66,3
5031,1,1.0,Mobile Phone,1,24.0,Debit Card,Female,4.0,4.0,Mobile Phone,4,Married,3.0,0,14.0,2.0,2.0,1.0,147.1,3
5032,0,7.0,Computer,3,32.0,Credit Card,Female,3.0,4.0,Laptop & Accessory,3,Married,3.0,0,13.0,1.0,2.0,2.0,170.39,3
5033,0,10.0,Mobile Phone,1,13.0,Debit Card,Male,3.0,5.5,Mobile Phone,3,Married,3.0,0,15.0,2.0,2.0,8.0,152.41,3
5034,0,4.0,Mobile Phone,1,14.0,Debit Card,Male,3.0,4.0,Laptop & Accessory,3,Married,3.0,0,14.0,3.5,6.0,10.0,159.91,0
5035,0,18.0,Mobile Phone,1,36.0,UPI,Male,3.0,4.0,Laptop & Accessory,1,Single,3.0,0,25.5,3.5,6.0,14.5,170.41,0
5036,0,1.0,Mobile Phone,3,28.0,E wallet,Male,3.0,2.0,Mobile Phone,1,Single,3.0,0,18.0,3.0,3.0,3.0,151.78,3
5037,0,20.0,Mobile Phone,1,9.0,Cash on Delivery,Male,3.0,4.0,Laptop & Accessory,1,Married,4.0,0,12.0,1.0,2.0,5.0,198.79,1
5038,0,16.0,Computer,2,9.0,Credit Card,Male,4.0,2.0,Laptop & Accessory,5,Married,9.0,0,17.0,2.0,2.0,4.0,187.72,1
5039,0,30.0,Mobile Phone,3,14.0,E wallet,Male,3.0,2.0,Laptop & Accessory,1,Married,2.0,1,19.0,1.0,2.0,10.0,177.2,1
5040,0,6.0,Computer,1,20.0,UPI,Female,4.0,5.0,Mobile Phone,4,Married,3.0,0,21.0,3.0,3.0,3.0,159.0,3
5041,0,6.0,Computer,1,9.0,Debit Card,Female,3.0,4.0,Laptop & Accessory,3,Single,6.0,1,15.0,2.0,2.0,8.0,174.98,3
5042,0,10.0,Mobile Phone,1,8.0,Cash on Delivery,Female,4.0,5.5,Fashion,5,Married,4.0,1,22.0,3.5,6.0,3.0,227.52,0
5043,0,7.0,Mobile Phone,1,16.0,Credit Card,Male,3.0,4.0,Mobile Phone,1,Married,2.0,0,14.0,1.0,5.0,11.0,152.81,0
5044,0,14.0,Mobile Phone,3,17.0,Cash on Delivery,Female,3.0,5.0,Laptop & Accessory,4,Married,9.0,0,13.0,2.0,2.0,4.0,193.52,1
5045,0,1.0,Mobile Phone,3,17.0,Debit Card,Male,3.0,4.0,Laptop & Accessory,1,Single,2.0,0,15.0,2.0,2.0,2.0,174.5,3
5046,0,4.0,Mobile Phone,1,8.0,Credit Card,Male,4.0,4.0,Mobile Phone,4,Married,2.0,1,22.0,3.5,6.0,8.0,160.79,0
5047,0,16.0,Computer,1,33.0,Credit Card,Female,3.0,4.0,Fashion,5,Married,5.0,1,18.0,1.0,2.0,1.0,256.91,1
5048,0,9.0,Computer,3,15.0,E wallet,Female,4.0,5.0,Fashion,1,Married,6.0,1,12.0,3.5,5.0,3.0,228.77,0
5049,0,1.0,Mobile Phone,1,21.0,Debit Card,Male,3.0,4.0,Mobile Phone,5,Married,3.0,1,15.0,3.5,6.0,9.0,147.35,0
5050,0,28.0,Computer,1,8.0,Debit Card,Female,3.0,4.0,Fashion,3,Married,9.0,0,18.0,1.0,2.0,3.0,230.02,1
5051,0,18.0,Mobile Phone,1,9.0,Debit Card,Female,4.0,2.0,Mobile Phone,1,Married,3.0,0,14.0,2.0,6.0,8.0,145.11,0
5052,1,1.0,Computer,1,17.0,Credit Card,Female,4.0,5.0,Mobile Phone,4,Single,3.0,1,25.5,1.0,2.0,1.0,143.59,3
5053,0,3.0,Mobile Phone,1,8.0,Debit Card,Female,4.0,4.0,Mobile Phone,1,Married,3.0,0,16.0,2.0,2.0,3.0,162.6,3
5054,0,28.0,Mobile Phone,1,10.0,Debit Card,Male,3.0,4.0,Grocery,1,Married,5.0,0,15.0,1.0,2.0,10.0,272.32625,1
5055,0,5.0,Mobile Phone,1,18.0,Credit Card,Male,4.0,4.0,Laptop & Accessory,5,Married,3.0,1,13.0,2.0,2.0,2.0,193.33,3
5056,0,5.0,Mobile Phone,1,31.0,Credit Card,Female,4.0,5.0,Laptop & Accessory,5,Single,3.0,0,20.0,2.0,2.0,9.0,193.12,3
5057,0,30.0,Mobile Phone,3,10.0,Debit Card,Female,3.0,5.0,Laptop & Accessory,1,Single,7.0,0,18.0,1.0,2.0,6.0,176.71,1
5058,0,17.0,Mobile Phone,1,10.0,Debit Card,Male,4.0,5.5,Others,1,Married,5.0,0,15.0,2.0,2.0,8.0,272.32625,3
5059,0,23.0,Mobile Phone,1,11.0,Credit Card,Male,3.0,5.0,Others,3,Married,4.0,0,15.0,1.0,2.0,1.0,272.32625,1
5060,0,10.0,Computer,1,10.0,Cash on Delivery,Male,3.0,4.0,Mobile Phone,4,Married,3.0,0,13.0,1.0,2.0,8.0,161.92,3
5061,0,22.0,Mobile Phone,1,9.0,Cash on Delivery,Male,4.0,2.0,Mobile Phone,4,Single,7.0,0,12.0,1.0,2.0,1.0,150.59,2
5062,0,1.0,Mobile Phone,1,11.0,Debit Card,Male,4.0,4.0,Mobile Phone,3,Married,3.0,0,12.0,2.0,2.0,4.0,150.17,3
5063,0,3.0,Mobile Phone,1,14.0,Debit Card,Male,3.0,4.0,Laptop & Accessory,1,Married,3.0,1,12.0,2.0,2.0,1.0,191.23,3
5064,0,22.0,Mobile Phone,1,8.0,Debit Card,Male,4.0,5.0,Others,1,Single,8.0,0,15.0,2.0,2.0,1.0,272.32625,1
5065,0,3.0,Mobile Phone,1,8.0,Debit Card,Female,3.0,5.0,Grocery,1,Married,5.0,0,15.0,1.0,2.0,8.0,272.32625,1
5066,0,8.0,Mobile Phone,1,27.0,Cash on Delivery,Female,3.0,2.0,Mobile Phone,3,Married,2.0,0,18.0,2.0,2.0,1.0,150.85,2
5067,0,18.0,Mobile Phone,3,12.0,E wallet,Male,3.0,4.0,Others,4,Married,9.0,0,15.0,2.0,4.0,11.0,272.32625,1
5068,0,7.0,Mobile Phone,3,17.0,E wallet,Male,3.0,2.0,Fashion,3,Married,2.0,1,15.0,1.0,2.0,9.0,208.8,1
5069,0,1.0,Mobile Phone,1,32.0,Debit Card,Female,3.0,2.0,Mobile Phone,1,Single,3.0,1,13.0,1.0,2.0,2.0,154.94,2
5070,0,1.0,Mobile Phone,1,8.0,Debit Card,Male,3.0,4.0,Mobile Phone,3,Married,3.0,0,23.0,2.0,2.0,2.0,137.23,3
5071,1,1.0,Computer,3,31.0,Debit Card,Male,4.0,5.5,Mobile Phone,1,Single,3.0,1,15.0,2.0,2.0,1.0,136.18,3
5072,0,1.0,Mobile Phone,1,11.0,Debit Card,Male,3.0,4.0,Mobile Phone,1,Single,3.0,1,21.0,3.0,3.0,3.0,153.75,3
5073,1,9.0,Mobile Phone,3,9.0,E wallet,Female,4.0,5.5,Others,4,Single,4.0,1,15.0,2.0,2.0,12.0,272.32625,3
5074,0,29.0,Computer,1,15.0,Credit Card,Male,3.0,5.0,Grocery,4,Married,3.0,1,16.0,3.0,6.0,1.0,260.77,1
5075,1,1.0,Computer,1,17.0,Debit Card,Female,3.0,5.0,Mobile Phone,3,Single,3.0,0,21.0,2.0,3.0,3.0,151.25,3
5076,0,20.0,Mobile Phone,3,11.0,E wallet,Female,3.0,5.0,Others,4,Married,4.0,0,15.0,2.0,2.0,9.0,272.32625,1
5077,0,8.0,Mobile Phone,3,9.0,E wallet,Female,3.0,4.0,Laptop & Accessory,5,Single,2.0,1,13.0,2.0,2.0,3.0,170.38,3
5078,0,25.0,Computer,3,16.0,Debit Card,Male,3.0,4.0,Others,4,Married,6.0,1,25.0,3.5,6.0,11.0,272.32625,0
5079,0,30.0,Mobile Phone,1,25.0,Credit Card,Male,4.0,4.0,Fashion,1,Single,8.0,0,13.0,3.5,6.0,3.0,230.12,1
5080,0,8.0,Computer,1,26.0,Credit Card,Female,3.0,4.0,Laptop & Accessory,4,Married,6.0,0,14.0,1.0,6.0,11.0,169.44,0
5081,0,2.0,Computer,1,8.0,Credit Card,Male,3.0,4.0,Mobile Phone,3,Single,2.0,1,12.0,2.0,2.0,3.0,146.54,3
5082,0,18.0,Mobile Phone,1,11.0,Debit Card,Male,4.0,2.0,Others,5,Married,3.0,0,15.0,3.0,6.0,14.0,272.32625,0
5083,0,8.0,Computer,2,18.0,Debit Card,Male,3.0,5.0,Laptop & Accessory,4,Married,6.0,0,12.0,1.0,2.0,9.0,169.9,3
5084,0,9.0,Mobile Phone,1,13.0,Debit Card,Male,4.0,4.0,Mobile Phone,3,Married,2.0,1,15.0,2.0,3.0,3.0,160.06,3
5085,0,16.0,Mobile Phone,1,14.0,Credit Card,Female,4.0,2.0,Laptop & Accessory,4,Married,8.0,1,17.0,1.0,2.0,1.0,148.72,2
5086,0,17.0,Mobile Phone,3,11.0,E wallet,Female,3.0,5.0,Fashion,1,Single,5.0,0,15.0,3.5,6.0,3.0,227.31,0
5087,0,10.0,Mobile Phone,1,9.0,Debit Card,Female,3.0,4.0,Laptop & Accessory,4,Single,11.0,1,12.0,3.5,6.0,13.0,179.1,0
5088,1,8.0,Mobile Phone,1,22.0,Credit Card,Female,4.0,4.0,Fashion,1,Married,3.0,0,12.0,1.0,2.0,6.0,204.78,1
5089,0,2.0,Computer,1,9.0,Debit Card,Male,3.0,5.0,Mobile Phone,1,Married,3.0,1,13.0,1.0,3.0,3.0,163.67,3
5090,0,25.0,Computer,1,13.0,Credit Card,Female,3.0,5.0,Mobile Phone,3,Single,2.0,0,15.0,3.5,6.0,8.0,153.38,0
5091,0,4.0,Computer,1,16.0,Credit Card,Female,4.0,4.0,Laptop & Accessory,3,Single,9.0,1,19.0,1.0,2.0,8.0,171.95,3
5092,1,1.0,Mobile Phone,1,14.0,Cash on Delivery,Female,3.0,4.0,Mobile Phone,3,Married,5.0,1,14.0,3.5,6.0,8.0,158.39,0
5093,0,2.0,Mobile Phone,1,8.0,Cash on Delivery,Male,3.0,4.0,Mobile Phone,5,Single,4.0,0,12.0,2.0,2.0,3.0,145.8,3
5094,0,1.0,Mobile Phone,1,8.0,Credit Card,Female,3.0,4.0,Mobile Phone,4,Single,3.0,0,19.0,2.0,3.0,2.0,145.96,3
5095,0,6.0,Mobile Phone,3,15.0,Credit Card,Male,3.0,2.0,Laptop & Accessory,1,Married,3.0,0,16.0,1.0,2.0,9.0,187.09,2
5096,0,19.0,Computer,1,32.0,Credit Card,Female,3.0,4.0,Others,4,Single,5.0,0,15.0,1.0,2.0,1.0,272.32625,1
5097,0,13.0,Mobile Phone,1,20.0,Credit Card,Female,4.0,5.0,Grocery,4,Married,8.0,1,15.0,3.5,6.0,3.0,272.32625,0
5098,0,30.0,Mobile Phone,1,30.0,Debit Card,Male,3.0,4.0,Mobile Phone,3,Married,3.0,0,13.0,2.0,3.0,3.0,148.72,1
5099,1,1.0,Mobile Phone,1,14.0,Debit Card,Male,4.0,4.0,Laptop & Accessory,3,Married,3.0,0,19.0,1.0,2.0,2.0,173.83,3
5100,1,3.0,Mobile Phone,1,30.0,Credit Card,Male,4.0,4.0,Mobile Phone,5,Single,2.0,0,14.0,1.0,2.0,4.0,164.04,3
5101,0,4.0,Mobile Phone,1,13.0,Cash on Delivery,Female,3.0,5.0,Laptop & Accessory,1,Married,2.0,0,13.0,3.5,6.0,8.0,171.27,0
5102,0,10.0,Mobile Phone,1,17.0,Cash on Delivery,Female,4.0,4.0,Fashion,3,Married,5.0,0,13.0,2.0,2.0,8.0,195.94,1
5103,0,20.0,Mobile Phone,2,8.0,Debit Card,Female,3.0,4.0,Mobile Phone,5,Single,8.0,0,13.0,3.0,6.0,8.0,159.23,0
5104,0,2.0,Computer,1,8.0,Debit Card,Female,3.0,5.5,Laptop & Accessory,1,Married,2.0,0,12.0,3.5,6.0,6.0,191.74,0
5105,0,24.0,Mobile Phone,1,35.0,Debit Card,Female,3.0,4.0,Grocery,5,Married,6.0,1,15.0,1.0,2.0,3.0,272.32625,1
5106,1,4.0,Mobile Phone,3,32.0,E wallet,Male,3.0,5.0,Fashion,4,Single,4.0,1,13.0,2.0,2.0,3.0,215.94,3
5107,1,16.0,Mobile Phone,3,12.0,Debit Card,Male,4.0,4.0,Fashion,4,Single,11.0,1,20.0,3.5,6.0,3.0,209.46,0
5108,0,4.0,Mobile Phone,1,24.0,Credit Card,Female,4.0,4.0,Fashion,5,Married,3.0,1,24.0,2.0,2.0,9.0,244.16000000000003,1
5109,0,13.0,Mobile Phone,1,25.0,Debit Card,Male,3.0,4.0,Laptop & Accessory,3,Single,2.0,0,12.0,2.0,2.0,8.0,170.34,3
5110,0,5.0,Computer,3,9.0,Debit Card,Female,3.0,4.0,Fashion,3,Married,3.0,1,20.0,3.5,6.0,3.0,223.52,0
5111,0,15.0,Computer,3,17.0,Credit Card,Male,3.0,5.5,Laptop & Accessory,4,Single,3.0,0,14.0,3.5,6.0,10.0,186.51,0
5112,1,1.0,Computer,3,8.0,Debit Card,Female,3.0,4.0,Mobile Phone,4,Single,3.0,1,12.0,3.0,3.0,3.0,148.02,3
5113,1,8.0,Mobile Phone,1,10.0,Debit Card,Male,3.0,4.0,Mobile Phone,5,Married,6.0,0,13.0,2.0,2.0,3.0,148.62,3
5114,0,16.0,Computer,1,9.0,Debit Card,Male,3.0,4.0,Grocery,3,Married,2.0,1,15.0,1.0,3.0,11.0,272.32625,1
5115,0,29.0,Mobile Phone,1,9.0,Credit Card,Female,3.0,5.5,Others,3,Married,6.0,0,15.0,3.5,6.0,12.0,272.32625,0
5116,0,30.0,Mobile Phone,2,15.0,Debit Card,Male,4.0,4.0,Others,4,Single,8.0,0,15.0,3.0,6.0,8.0,272.32625,0
5117,0,14.0,Computer,1,23.0,Debit Card,Male,4.0,4.0,Mobile Phone,3,Married,11.0,0,17.0,2.0,2.0,1.0,160.44,3
5118,0,8.0,Mobile Phone,1,16.0,Debit Card,Male,3.0,4.0,Fashion,1,Married,2.0,0,12.0,1.0,2.0,3.0,210.0,1
5119,0,14.0,Mobile Phone,1,9.0,Debit Card,Male,4.0,4.0,Laptop & Accessory,1,Single,3.0,0,14.0,3.5,6.0,9.0,171.61,0
5120,0,15.0,Computer,3,8.0,E wallet,Female,4.0,4.0,Laptop & Accessory,5,Married,2.0,0,18.0,1.0,2.0,8.0,166.03,3
5121,0,9.0,Computer,1,11.0,Debit Card,Male,3.0,4.0,Laptop & Accessory,3,Single,3.0,1,12.0,2.0,2.0,2.0,167.49,3
5122,0,25.0,Mobile Phone,2,12.0,Debit Card,Male,3.0,4.0,Grocery,4,Married,3.0,1,12.0,1.0,2.0,11.0,265.26,1
5123,0,12.0,Mobile Phone,3,9.0,Debit Card,Female,3.0,4.0,Laptop & Accessory,5,Married,5.0,0,16.0,1.0,2.0,8.0,193.93,1
5124,0,8.0,Mobile Phone,3,22.0,Credit Card,Female,4.0,4.0,Laptop & Accessory,5,Single,3.0,0,13.0,3.5,6.0,7.0,186.25,0
5125,0,1.0,Mobile Phone,1,26.0,Credit Card,Male,4.0,4.0,Mobile Phone,1,Married,5.0,0,12.0,1.0,2.0,3.0,161.69,3
5126,1,21.0,Mobile Phone,1,14.0,Credit Card,Female,3.0,5.0,Fashion,5,Married,9.0,1,15.0,2.0,6.0,3.0,225.08,1
5127,0,14.0,Mobile Phone,1,8.0,Debit Card,Male,3.0,4.0,Mobile Phone,4,Married,5.0,0,23.0,2.0,2.0,4.0,148.87,3
5128,0,10.0,Computer,3,14.0,E wallet,Female,3.0,2.0,Laptop & Accessory,5,Married,4.0,0,17.0,3.5,6.0,14.0,171.39,0
5129,0,22.0,Mobile Phone,1,11.0,Debit Card,Male,3.0,4.0,Fashion,1,Single,3.0,0,12.0,2.0,2.0,9.0,203.98,1
5130,0,1.0,Mobile Phone,3,18.0,Credit Card,Female,4.0,2.0,Mobile Phone,1,Married,10.0,0,15.0,1.0,2.0,1.0,150.34,3
5131,0,25.0,Mobile Phone,1,18.0,Cash on Delivery,Female,3.0,5.0,Grocery,4,Single,5.0,0,17.0,1.0,2.0,4.0,256.42,1
5132,0,1.0,Computer,1,8.0,Debit Card,Female,4.0,4.0,Mobile Phone,1,Single,3.0,0,16.0,2.0,2.0,1.0,141.11,3
5133,0,9.0,Mobile Phone,1,8.0,Credit Card,Female,3.0,5.0,Laptop & Accessory,1,Married,2.0,0,13.0,1.0,2.0,1.0,178.63,3
5134,0,1.0,Computer,3,9.0,Debit Card,Male,3.0,5.5,Laptop & Accessory,1,Single,5.0,0,21.0,1.0,2.0,1.0,175.71,3
5135,1,19.0,Mobile Phone,3,20.0,E wallet,Male,3.0,2.0,Grocery,3,Single,8.0,1,18.0,1.0,4.0,9.0,261.95,1
5136,0,30.0,Mobile Phone,1,30.0,Debit Card,Male,4.0,4.0,Grocery,4,Married,6.0,1,13.0,3.5,2.0,10.0,259.02,1
5137,0,8.0,Computer,1,33.0,Cash on Delivery,Female,4.0,5.0,Mobile Phone,3,Married,3.0,0,21.0,2.0,2.0,1.0,145.29,3
5138,0,14.0,Mobile Phone,1,9.0,Credit Card,Female,3.0,2.0,Laptop & Accessory,3,Married,7.0,0,21.0,3.5,6.0,9.0,188.77,0
5139,0,8.0,Mobile Phone,1,36.0,Credit Card,Male,3.0,4.0,Laptop & Accessory,3,Married,6.0,0,14.0,3.5,6.0,8.0,179.29,0
5140,1,1.0,Computer,3,9.0,Debit Card,Female,3.0,5.0,Mobile Phone,1,Single,9.0,0,15.0,1.0,2.0,1.0,152.85,3
5141,1,1.0,Computer,3,25.0,E wallet,Female,4.0,4.0,Laptop & Accessory,3,Married,2.0,1,19.0,1.0,4.0,3.0,171.14,3
5142,0,12.0,Computer,1,14.0,Debit Card,Male,3.0,2.0,Mobile Phone,3,Married,3.0,0,12.0,1.0,2.0,4.0,151.1,2
5143,0,8.0,Mobile Phone,1,9.0,Cash on Delivery,Female,4.0,4.0,Laptop & Accessory,1,Single,3.0,0,12.0,3.5,5.0,12.0,191.87,0
5144,0,2.0,Mobile Phone,3,33.0,Debit Card,Male,3.0,5.0,Laptop & Accessory,5,Married,3.0,0,12.0,2.0,2.0,5.0,172.24,3
5145,1,1.0,Mobile Phone,1,29.0,Credit Card,Male,4.0,4.0,Laptop & Accessory,3,Married,3.0,1,16.0,3.5,6.0,8.0,186.79,0
5146,0,13.0,Mobile Phone,3,28.0,Debit Card,Male,3.0,5.0,Laptop & Accessory,1,Married,5.0,1,13.0,1.0,2.0,5.0,186.2,3
5147,0,25.0,Computer,3,9.0,E wallet,Male,3.0,4.0,Fashion,4,Married,4.0,0,12.0,3.5,4.0,3.0,230.96,1
5148,0,15.0,Computer,1,29.0,Debit Card,Female,4.0,4.0,Laptop & Accessory,1,Married,5.0,1,15.0,3.0,4.0,4.0,179.67,0
5149,0,11.0,Mobile Phone,1,11.0,Debit Card,Male,3.0,4.0,Mobile Phone,3,Married,9.0,1,16.0,2.0,2.0,4.0,154.96,3
5150,0,7.0,Computer,3,12.0,Debit Card,Male,4.0,4.0,Laptop & Accessory,1,Married,8.0,0,14.0,2.0,2.0,3.0,224.98,3
5151,0,6.0,Mobile Phone,3,9.0,E wallet,Male,3.0,4.0,Laptop & Accessory,4,Married,2.0,1,14.0,2.0,2.0,3.0,165.78,3
5152,0,13.0,Computer,1,32.0,Debit Card,Male,4.0,4.0,Fashion,3,Married,5.0,0,22.0,1.0,2.0,6.0,234.2,1
5153,0,1.0,Mobile Phone,3,25.0,Debit Card,Male,4.0,2.0,Laptop & Accessory,3,Married,4.0,0,12.0,2.0,2.0,3.0,187.32,3
5154,0,26.0,Computer,1,35.0,Credit Card,Female,3.0,2.0,Grocery,3,Married,4.0,1,12.0,2.0,2.0,3.0,257.47,1
5155,0,17.0,Mobile Phone,1,13.0,Credit Card,Female,4.0,5.0,Laptop & Accessory,3,Single,3.0,1,15.0,1.0,2.0,9.0,165.81,3
5156,0,1.0,Mobile Phone,3,17.0,E wallet,Female,4.0,5.0,Laptop & Accessory,1,Married,3.0,1,12.0,2.0,5.0,5.0,182.69,3
5157,1,1.0,Mobile Phone,1,24.0,Debit Card,Female,3.0,4.0,Mobile Phone,3,Single,3.0,1,14.0,3.5,6.0,8.0,148.94,0
5158,0,1.0,Mobile Phone,1,9.0,Credit Card,Male,3.0,5.0,Mobile Phone,1,Single,2.0,0,13.0,2.0,2.0,2.0,164.04,3
5159,0,16.0,Mobile Phone,2,17.0,UPI,Female,3.0,4.0,Grocery,5,Married,2.0,0,15.0,1.0,2.0,10.0,272.32625,1
5160,0,26.0,Mobile Phone,1,15.0,UPI,Female,3.0,4.0,Mobile Phone,5,Married,11.0,0,14.0,2.0,2.0,5.0,154.5,1
5161,0,11.0,Mobile Phone,1,18.0,Credit Card,Female,4.0,4.0,Mobile Phone,3,Single,6.0,0,19.0,2.0,2.0,3.0,161.29,3
5162,0,9.0,Computer,1,25.0,Debit Card,Male,3.0,4.0,Fashion,1,Single,4.0,0,12.0,3.0,3.0,3.0,218.62,0
5163,0,1.0,Mobile Phone,1,8.0,Cash on Delivery,Male,3.0,4.0,Mobile Phone,1,Married,6.0,0,12.0,1.0,2.0,3.0,157.29,3
5164,0,1.0,Mobile Phone,1,14.0,UPI,Male,4.0,2.0,Mobile Phone,5,Single,2.0,0,13.0,1.0,2.0,8.0,160.78,2
5165,0,3.0,Mobile Phone,2,24.0,UPI,Male,3.0,5.0,Fashion,5,Single,3.0,0,14.0,1.0,2.0,10.0,204.88,3
5166,1,13.0,Computer,1,35.0,Debit Card,Male,4.0,5.0,Laptop & Accessory,5,Single,5.0,0,21.0,1.0,2.0,4.0,167.84,3
5167,1,1.0,Computer,1,21.0,UPI,Female,3.0,4.0,Fashion,1,Single,2.0,1,13.0,3.5,6.0,8.0,200.53,0
5168,0,28.0,Mobile Phone,1,8.0,Credit Card,Female,3.0,4.0,Grocery,1,Single,8.0,0,15.0,3.5,6.0,8.0,272.32625,0
5169,0,30.0,Mobile Phone,1,8.0,Credit Card,Female,4.0,4.0,Others,5,Married,5.0,1,15.0,2.0,2.0,6.0,272.32625,1
5170,0,29.0,Mobile Phone,1,8.0,Credit Card,Male,3.0,2.0,Grocery,1,Married,4.0,0,14.0,1.0,2.0,1.0,272.32,1
5171,0,10.0,Mobile Phone,3,10.0,E wallet,Female,4.0,4.0,Laptop & Accessory,4,Single,5.0,1,17.0,1.0,2.0,3.0,217.78,3
5172,1,1.0,Computer,3,8.0,Debit Card,Female,3.0,5.5,Mobile Phone,3,Single,3.0,0,13.0,1.0,2.0,1.0,138.59,3
5173,0,4.0,Mobile Phone,3,14.0,E wallet,Female,4.0,4.0,Laptop & Accessory,5,Married,9.0,0,15.0,2.0,2.0,3.0,172.79,3
5174,0,5.0,Mobile Phone,1,15.0,Debit Card,Female,4.0,4.0,Grocery,4,Single,5.0,0,12.0,1.0,2.0,1.0,272.32625,1
5175,0,8.0,Computer,1,8.0,UPI,Male,4.0,4.0,Mobile Phone,5,Married,7.0,0,15.0,2.0,2.0,4.0,154.96,3
5176,1,1.0,Mobile Phone,1,15.0,Debit Card,Female,3.0,5.0,Mobile Phone,4,Single,3.0,0,13.0,1.0,2.0,1.0,137.61,3
5177,0,1.0,Mobile Phone,1,18.0,Debit Card,Male,4.0,4.0,Mobile Phone,5,Married,2.0,0,15.0,2.0,2.0,5.0,145.99,3
5178,0,10.0,Mobile Phone,1,11.0,Debit Card,Male,3.0,5.0,Laptop & Accessory,1,Single,3.0,0,17.0,1.0,2.0,9.0,183.1,3
5179,0,10.0,Mobile Phone,3,23.0,E wallet,Female,4.0,5.0,Laptop & Accessory,5,Married,6.0,0,14.0,2.0,2.0,3.0,181.47,3
5180,0,21.0,Mobile Phone,1,8.0,Cash on Delivery,Male,4.0,4.0,Mobile Phone,1,Married,9.0,0,13.0,2.0,2.0,3.0,159.2,3
5181,1,1.0,Mobile Phone,3,16.0,Debit Card,Male,4.0,5.0,Mobile Phone,5,Married,5.0,0,13.0,3.0,3.0,3.0,169.0,3
5182,0,11.0,Computer,1,12.0,Cash on Delivery,Male,3.0,2.0,Mobile Phone,3,Single,2.0,0,15.0,1.0,2.0,4.0,160.0,2
5183,0,30.0,Mobile Phone,1,8.0,Debit Card,Female,3.0,4.0,Mobile Phone,5,Married,4.0,0,23.0,1.0,2.0,1.0,145.66,1
5184,0,21.0,Mobile Phone,1,9.0,Credit Card,Female,3.0,4.0,Grocery,3,Married,5.0,0,15.0,3.0,6.0,7.0,272.32625,0
5185,0,1.0,Mobile Phone,3,11.0,Credit Card,Female,3.0,4.0,Laptop & Accessory,3,Married,3.0,1,13.0,2.0,2.0,4.0,166.62,3
5186,0,6.0,Mobile Phone,3,14.0,E wallet,Male,4.0,4.0,Laptop & Accessory,1,Married,6.0,0,13.0,1.0,2.0,3.0,217.04,3
5187,0,8.0,Mobile Phone,1,8.0,Debit Card,Female,3.0,5.0,Mobile Phone,4,Married,7.0,0,18.0,2.0,2.0,3.0,157.94,3
5188,0,15.0,Mobile Phone,1,12.0,Credit Card,Male,3.0,2.0,Mobile Phone,3,Married,4.0,1,13.0,1.0,2.0,4.0,146.27,2
5189,0,14.0,Computer,1,16.0,UPI,Male,3.0,4.0,Laptop & Accessory,3,Married,5.0,0,12.0,1.0,2.0,8.0,164.75,3
5190,0,5.0,Mobile Phone,3,15.0,Debit Card,Male,3.0,4.0,Fashion,1,Married,3.0,0,19.0,3.0,2.0,10.0,232.93,0
5191,1,10.0,Mobile Phone,3,16.0,E wallet,Male,3.0,4.0,Fashion,1,Married,6.0,0,12.0,3.5,5.0,3.0,225.96,0
5192,1,3.0,Computer,1,9.0,Debit Card,Female,3.0,5.0,Mobile Phone,5,Single,4.0,1,24.0,1.0,2.0,1.0,161.46,3
5193,1,1.0,Computer,1,8.0,Debit Card,Female,4.0,2.0,Fashion,4,Single,3.0,0,12.0,2.0,5.0,8.0,199.46,0
5194,0,19.0,Mobile Phone,1,27.0,Credit Card,Male,4.0,5.5,Fashion,5,Married,4.0,1,19.0,2.0,2.0,8.0,233.51,1
5195,0,5.0,Mobile Phone,2,15.0,Credit Card,Female,4.0,2.0,Mobile Phone,4,Single,11.0,0,19.0,2.0,2.0,3.0,146.09,3
5196,1,1.0,Computer,1,9.0,Debit Card,Male,4.0,4.0,Mobile Phone,1,Married,8.0,1,14.0,1.0,3.0,3.0,162.22,3
5197,0,19.0,Mobile Phone,1,36.0,Cash on Delivery,Male,3.0,4.0,Fashion,1,Married,6.0,1,19.0,2.0,2.0,3.0,218.8,1
5198,0,22.0,Mobile Phone,3,14.0,E wallet,Male,4.0,4.0,Laptop & Accessory,5,Married,6.0,0,12.0,1.0,3.0,3.0,179.86,1
5199,1,1.0,Mobile Phone,2,16.0,Cash on Delivery,Female,3.0,4.0,Mobile Phone,3,Married,3.0,0,16.0,3.0,3.0,3.0,152.42,3
5200,0,14.0,Computer,1,15.0,Credit Card,Male,3.0,5.0,Fashion,4,Married,4.0,0,12.0,1.0,5.0,9.0,262.57,1
5201,0,2.0,Mobile Phone,3,12.0,Credit Card,Male,3.0,4.0,Laptop & Accessory,5,Single,2.0,0,19.0,1.0,2.0,3.0,209.63,3
5202,0,18.0,Computer,1,12.0,Debit Card,Male,3.0,5.0,Mobile Phone,3,Single,5.0,0,15.0,1.0,2.0,4.0,156.62,3
5203,0,27.0,Mobile Phone,1,9.0,Credit Card,Male,3.0,2.0,Grocery,4,Single,6.0,0,13.0,1.0,6.0,9.0,272.32625,1
5204,0,23.0,Mobile Phone,1,12.0,Cash on Delivery,Male,4.0,4.0,Laptop & Accessory,3,Married,4.0,0,15.0,1.0,2.0,3.0,191.51,1
5205,0,14.0,Mobile Phone,1,9.0,Credit Card,Male,4.0,4.0,Mobile Phone,3,Married,4.0,0,15.0,2.0,2.0,3.0,148.45,3
5206,0,18.0,Mobile Phone,1,27.0,Debit Card,Male,3.0,4.0,Mobile Phone,4,Single,3.0,0,14.0,2.0,2.0,4.0,159.2,3
5207,0,7.0,Computer,3,14.0,Credit Card,Male,3.0,4.0,Laptop & Accessory,5,Married,2.0,0,15.0,2.0,2.0,4.0,168.73,3
5208,0,8.0,Mobile Phone,3,10.0,UPI,Male,3.0,5.5,Laptop & Accessory,5,Single,5.0,0,19.0,3.0,4.0,13.0,172.59,0
5209,0,4.0,Mobile Phone,3,23.0,Debit Card,Male,4.0,4.0,Laptop & Accessory,3,Married,10.0,0,16.0,2.0,3.0,3.0,178.01,3
5210,0,16.0,Computer,1,16.0,Credit Card,Female,4.0,4.0,Mobile Phone,1,Single,3.0,0,14.0,1.0,6.0,9.0,161.73,0
5211,0,18.0,Computer,3,8.0,E wallet,Female,4.0,4.0,Laptop & Accessory,3,Married,9.0,0,13.0,1.0,2.0,1.0,172.68,3
5212,0,4.0,Computer,1,14.0,Cash on Delivery,Male,4.0,4.0,Mobile Phone,3,Married,3.0,0,14.0,1.0,2.0,1.0,137.74,3
5213,0,30.0,Mobile Phone,1,8.0,Debit Card,Male,4.0,2.0,Laptop & Accessory,3,Married,2.0,0,25.0,2.0,3.0,9.0,174.0,1
5214,0,23.0,Mobile Phone,1,14.0,Debit Card,Male,3.0,4.0,Fashion,4,Married,5.0,0,15.0,1.0,2.0,3.0,229.66,1
5215,0,8.0,Computer,1,22.0,Credit Card,Male,4.0,4.0,Grocery,5,Married,9.0,0,15.0,3.0,6.0,10.0,272.32625,0
5216,1,1.0,Computer,3,8.0,Cash on Delivery,Male,4.0,4.0,Mobile Phone,3,Married,5.0,0,16.0,2.0,2.0,3.0,154.09,3
5217,1,1.0,Computer,3,20.0,Cash on Delivery,Female,3.0,4.0,Laptop & Accessory,4,Single,7.0,0,12.0,2.0,2.0,1.0,182.65,3
5218,1,1.0,Mobile Phone,3,31.0,Credit Card,Female,3.0,5.0,Laptop & Accessory,4,Single,2.0,1,24.0,3.5,6.0,11.0,170.99,0
5219,0,9.0,Mobile Phone,3,14.0,Debit Card,Male,4.0,4.0,Mobile Phone,3,Married,3.0,0,14.0,1.0,2.0,1.0,149.04,3
5220,1,1.0,Computer,1,16.0,Credit Card,Male,3.0,4.0,Mobile Phone,5,Single,4.0,1,12.0,1.0,2.0,1.0,156.72,3
5221,0,1.0,Computer,3,20.0,Debit Card,Female,4.0,4.0,Mobile Phone,4,Married,3.0,0,14.0,1.0,2.0,1.0,145.33,3
5222,0,18.0,Computer,1,9.0,Credit Card,Male,3.0,4.0,Fashion,3,Single,7.0,1,19.0,3.0,3.0,3.0,227.09,1
5223,0,3.0,Mobile Phone,3,26.0,Debit Card,Male,4.0,5.0,Laptop & Accessory,3,Married,3.0,0,15.0,2.0,2.0,3.0,211.2,3
5224,0,4.0,Mobile Phone,2,8.0,Debit Card,Male,3.0,4.0,Mobile Phone,3,Married,2.0,0,22.0,1.0,2.0,4.0,145.64,3
5225,0,29.0,Mobile Phone,1,11.0,Debit Card,Male,2.0,4.0,Laptop & Accessory,3,Married,2.0,1,17.0,2.0,2.0,3.0,165.35,1
5226,0,7.0,Mobile Phone,1,11.0,Credit Card,Female,3.0,5.0,Mobile Phone,4,Married,10.0,0,12.0,2.0,2.0,3.0,163.38,3
5227,0,21.0,Mobile Phone,3,21.0,Credit Card,Female,4.0,4.0,Laptop & Accessory,3,Married,5.0,1,18.0,2.0,2.0,3.0,170.91,1
5228,1,1.0,Computer,1,9.0,Credit Card,Male,3.0,5.0,Mobile Phone,5,Single,9.0,0,12.0,2.0,2.0,1.0,150.61,3
5229,0,2.0,Mobile Phone,1,8.0,Debit Card,Male,4.0,5.0,Mobile Phone,3,Married,3.0,0,15.0,1.0,2.0,1.0,140.63,3
5230,0,2.0,Computer,3,14.0,Debit Card,Male,3.0,4.0,Laptop & Accessory,5,Single,2.0,0,15.0,2.0,2.0,4.0,173.98,3
5231,0,23.0,Mobile Phone,1,10.0,Credit Card,Female,3.0,5.0,Laptop & Accessory,5,Married,6.0,0,25.5,1.0,2.0,3.0,172.89,1
5232,0,3.0,Computer,1,9.0,Debit Card,Female,4.0,4.0,Mobile Phone,4,Married,2.0,0,14.0,2.0,2.0,3.0,156.8,3
5233,0,2.0,Mobile Phone,1,36.0,Debit Card,Male,4.0,5.5,Laptop & Accessory,4,Married,3.0,0,15.0,1.0,2.0,8.0,190.49,3
5234,0,7.0,Mobile Phone,1,15.0,Debit Card,Male,4.0,4.0,Laptop & Accessory,3,Single,4.0,1,18.0,2.0,2.0,1.0,188.88,3
5235,0,6.0,Mobile Phone,1,17.0,Credit Card,Male,4.0,4.0,Fashion,1,Single,4.0,0,25.5,1.0,2.0,1.0,237.44,3
5236,0,28.0,Computer,1,18.0,Credit Card,Female,3.0,4.0,Grocery,1,Married,5.0,0,21.0,1.0,2.0,13.0,272.32625,1
5237,1,1.0,Mobile Phone,1,8.0,Cash on Delivery,Male,4.0,5.0,Mobile Phone,5,Single,8.0,0,14.0,2.0,2.0,8.0,148.62,3
5238,0,18.0,Mobile Phone,1,35.0,Debit Card,Male,3.0,4.0,Grocery,5,Married,5.0,0,14.0,1.0,6.0,14.5,272.32625,0
5239,0,13.0,Mobile Phone,1,13.0,Debit Card,Female,3.0,4.0,Fashion,4,Single,6.0,0,19.0,3.0,3.0,3.0,208.76,1
5240,0,20.0,Mobile Phone,3,10.0,Debit Card,Female,3.0,4.0,Grocery,4,Married,10.0,0,13.0,1.0,6.0,2.0,272.32625,1
5241,0,9.0,Mobile Phone,1,23.0,Debit Card,Female,4.0,5.0,Fashion,4,Single,3.0,0,20.0,3.5,4.0,3.0,211.06,0
5242,0,1.0,Mobile Phone,1,27.0,Debit Card,Male,4.0,4.0,Laptop & Accessory,3,Single,2.0,0,15.0,2.0,2.0,3.0,147.72,3
5243,1,4.0,Mobile Phone,1,16.0,Debit Card,Male,3.0,4.0,Mobile Phone,5,Single,5.0,0,15.0,2.0,2.0,1.0,145.18,3
5244,0,8.0,Mobile Phone,3,8.0,Cash on Delivery,Male,4.0,5.0,Fashion,3,Married,3.0,1,15.0,3.5,6.0,7.0,195.83,0
5245,1,1.0,Computer,1,10.0,Debit Card,Female,3.0,4.0,Mobile Phone,3,Single,3.0,0,13.0,3.0,6.0,8.0,165.84,0
5246,0,24.0,Computer,1,29.0,Credit Card,Male,3.0,5.5,Grocery,1,Single,3.0,1,14.0,1.0,6.0,10.0,269.11,1
5247,0,8.0,Mobile Phone,3,14.0,Cash on Delivery,Male,3.0,4.0,Mobile Phone,3,Married,2.0,1,25.5,3.5,6.0,8.0,148.08,0
5248,0,16.0,Mobile Phone,1,9.0,Credit Card,Male,4.0,5.0,Mobile Phone,4,Married,6.0,0,15.0,1.0,2.0,1.0,173.41,3
5249,0,11.0,Mobile Phone,1,20.0,Credit Card,Male,3.0,4.0,Laptop & Accessory,1,Married,3.0,0,18.0,3.0,4.0,8.0,167.85,0
5250,0,3.0,Mobile Phone,1,15.0,UPI,Female,3.0,5.5,Laptop & Accessory,5,Married,5.0,0,14.0,2.0,2.0,3.0,222.15,3
5251,0,7.0,Mobile Phone,1,32.0,Debit Card,Male,3.0,5.0,Laptop & Accessory,4,Single,3.0,0,14.0,2.0,2.0,3.0,168.2,3
5252,0,19.0,Mobile Phone,1,35.0,Cash on Delivery,Male,4.0,4.0,Mobile Phone,1,Married,6.0,0,21.0,2.0,2.0,4.0,146.32,3
5253,0,16.0,Computer,1,9.0,Debit Card,Male,3.0,4.0,Fashion,1,Married,4.0,1,15.0,3.5,6.0,3.0,226.24,0
5254,0,14.0,Mobile Phone,3,16.0,Credit Card,Male,3.0,4.0,Laptop & Accessory,5,Married,2.0,0,13.0,3.5,6.0,2.0,179.73,0
5255,0,7.0,Mobile Phone,1,35.0,Debit Card,Male,4.0,4.0,Laptop & Accessory,3,Married,3.0,1,13.0,3.5,6.0,8.0,177.07,0
5256,0,14.0,Mobile Phone,2,13.0,Credit Card,Male,3.0,4.0,Grocery,1,Single,3.0,1,22.0,1.0,6.0,8.0,272.32625,0
5257,0,1.0,Mobile Phone,1,28.0,Cash on Delivery,Male,3.0,5.0,Mobile Phone,5,Married,2.0,0,15.0,1.0,2.0,1.0,147.96,3
5258,0,14.0,Computer,1,15.0,Debit Card,Male,4.0,4.0,Laptop & Accessory,1,Married,5.0,1,19.0,2.0,3.0,3.0,165.69,3
5259,0,19.0,Mobile Phone,1,8.0,Cash on Delivery,Male,4.0,4.0,Fashion,4,Married,3.0,0,13.0,3.5,6.0,8.0,199.41,0
5260,0,9.0,Mobile Phone,3,35.0,Debit Card,Female,4.0,5.0,Mobile Phone,3,Married,2.0,0,24.0,3.0,5.0,3.0,149.3,3
5261,0,6.0,Mobile Phone,1,12.0,Debit Card,Female,4.0,5.0,Laptop & Accessory,4,Married,5.0,0,13.0,2.0,3.0,6.0,183.78,3
5262,0,10.0,Mobile Phone,3,9.0,Debit Card,Male,4.0,4.0,Mobile Phone,1,Single,5.0,1,22.0,2.0,2.0,3.0,151.44,3
5263,0,22.0,Mobile Phone,3,23.0,Debit Card,Female,4.0,4.0,Laptop & Accessory,3,Married,10.0,0,15.0,3.5,6.0,8.0,189.39,0
5264,0,3.0,Mobile Phone,1,16.0,Debit Card,Male,4.0,2.0,Mobile Phone,3,Married,8.0,0,19.0,1.0,2.0,1.0,149.51,3
5265,0,7.0,Mobile Phone,3,15.0,Debit Card,Male,3.0,4.0,Laptop & Accessory,5,Married,4.0,0,14.0,3.0,3.0,3.0,188.92,3
5266,1,1.0,Mobile Phone,3,8.0,Debit Card,Male,4.0,5.0,Laptop & Accessory,5,Married,3.0,0,12.0,2.0,6.0,3.0,222.14,0
5267,0,12.0,Computer,2,17.0,UPI,Male,4.0,4.0,Laptop & Accessory,3,Married,5.0,0,12.0,1.0,2.0,3.0,185.77,3
5268,0,9.0,Mobile Phone,1,8.0,Credit Card,Male,4.0,5.0,Mobile Phone,5,Single,3.0,0,20.0,2.0,2.0,3.0,149.5,3
5269,0,8.0,Mobile Phone,3,36.0,Cash on Delivery,Male,3.0,4.0,Fashion,4,Married,5.0,0,13.0,2.0,2.0,3.0,217.5,1
5270,1,1.0,Mobile Phone,1,9.0,Debit Card,Female,4.0,4.0,Mobile Phone,5,Married,3.0,1,13.0,2.0,2.0,1.0,145.74,3
5271,1,17.0,Mobile Phone,1,9.0,Cash on Delivery,Female,4.0,5.0,Fashion,1,Married,2.0,0,17.0,1.0,2.0,3.0,226.69,1
5272,1,2.0,Mobile Phone,1,9.0,Credit Card,Male,3.0,4.0,Laptop & Accessory,4,Married,6.0,0,12.0,2.0,2.0,5.0,173.55,3
5273,0,6.0,Computer,1,8.0,Cash on Delivery,Male,4.0,4.0,Laptop & Accessory,5,Married,6.0,0,15.0,1.0,2.0,3.0,165.87,3
5274,0,22.0,Mobile Phone,1,22.0,UPI,Female,4.0,4.0,Mobile Phone,5,Married,10.0,0,13.0,3.5,6.0,7.0,148.67,0
5275,0,8.0,Mobile Phone,1,14.0,Credit Card,Male,3.0,4.0,Mobile Phone,1,Single,3.0,0,14.0,1.0,2.0,1.0,154.72,3
5276,0,29.0,Mobile Phone,3,33.0,E wallet,Male,3.0,5.0,Others,1,Married,3.0,0,15.0,1.0,3.0,14.0,272.32625,1
5277,0,8.0,Mobile Phone,1,8.0,Debit Card,Male,3.0,4.0,Laptop & Accessory,1,Married,11.0,0,18.0,1.0,3.0,2.0,179.84,3
5278,0,1.0,Mobile Phone,1,10.0,Debit Card,Female,3.0,4.0,Mobile Phone,1,Married,3.0,0,22.0,2.0,2.0,1.0,145.61,3
5279,0,12.0,Mobile Phone,3,21.0,Debit Card,Male,4.0,4.0,Laptop & Accessory,4,Married,2.0,0,12.0,3.5,6.0,3.0,224.24,0
5280,0,12.0,Mobile Phone,3,23.0,Debit Card,Female,3.0,4.0,Laptop & Accessory,4,Single,4.0,0,13.0,2.0,2.0,3.0,166.98,3
5281,0,10.0,Mobile Phone,3,8.0,Debit Card,Female,4.0,4.0,Laptop & Accessory,3,Single,8.0,0,14.0,2.0,2.0,1.0,193.15,3
5282,0,3.0,Mobile Phone,1,10.0,Credit Card,Male,3.0,4.0,Mobile Phone,5,Single,3.0,1,19.0,1.0,2.0,6.0,172.23,3
5283,0,9.0,Mobile Phone,1,17.0,Credit Card,Female,3.0,4.0,Laptop & Accessory,3,Single,5.0,1,17.0,1.0,2.0,5.0,186.42,3
5284,0,13.0,Mobile Phone,3,13.0,Credit Card,Male,3.0,2.0,Fashion,3,Married,4.0,0,12.0,3.5,6.0,7.0,207.37,0
5285,0,3.0,Computer,1,9.0,Debit Card,Male,3.0,4.0,Laptop & Accessory,1,Married,3.0,0,20.0,2.0,2.0,3.0,213.53,3
5286,0,24.0,Mobile Phone,3,16.0,E wallet,Male,3.0,4.0,Others,3,Married,6.0,1,15.0,1.0,2.0,1.0,272.32625,1
5287,0,1.0,Mobile Phone,1,17.0,Cash on Delivery,Male,3.0,2.0,Mobile Phone,3,Married,4.0,0,17.0,1.0,3.0,3.0,145.73,2
5288,0,10.0,Computer,1,13.0,Debit Card,Male,4.0,2.0,Laptop & Accessory,5,Married,5.0,1,14.0,1.0,2.0,3.0,180.62,2
5289,0,16.0,Mobile Phone,1,16.0,UPI,Male,4.0,5.0,Others,1,Single,10.0,0,15.0,2.0,2.0,2.0,272.32625,3
5290,0,9.0,Mobile Phone,1,35.0,Debit Card,Male,3.0,2.0,Laptop & Accessory,3,Married,3.0,0,18.0,3.5,6.0,9.0,159.07,0
5291,0,8.0,Computer,1,17.0,Cash on Delivery,Male,4.0,5.0,Laptop & Accessory,3,Married,3.0,0,15.0,2.0,6.0,8.0,175.63,0
5292,0,14.0,Mobile Phone,3,21.0,Debit Card,Female,3.0,4.0,Laptop & Accessory,5,Married,3.0,0,16.0,1.0,2.0,3.0,171.39,3
5293,0,17.0,Mobile Phone,1,34.0,Cash on Delivery,Male,3.0,2.0,Mobile Phone,4,Married,7.0,0,13.0,2.0,2.0,3.0,173.76,2
5294,0,9.0,Mobile Phone,1,14.0,Debit Card,Male,4.0,5.0,Mobile Phone,1,Married,3.0,0,19.0,2.0,2.0,2.0,151.9,3
5295,0,20.0,Mobile Phone,3,8.0,Debit Card,Male,3.0,2.0,Grocery,5,Single,3.0,0,15.0,1.0,2.0,13.0,272.32625,1
5296,1,1.0,Mobile Phone,1,31.0,Credit Card,Male,3.0,4.0,Mobile Phone,4,Married,3.0,1,18.0,1.0,2.0,1.0,149.08,3
5297,0,1.0,Computer,1,33.0,UPI,Female,3.0,5.0,Mobile Phone,3,Married,3.0,1,15.0,2.0,2.0,4.0,153.14,3
5298,0,24.0,Computer,1,27.0,Credit Card,Male,3.0,4.0,Grocery,3,Married,4.0,1,16.0,1.0,2.0,14.0,237.45,1
5299,0,6.0,Mobile Phone,1,12.0,UPI,Female,3.0,2.0,Mobile Phone,1,Married,5.0,0,18.0,2.0,2.0,3.0,158.12,2
5300,0,18.0,Mobile Phone,1,14.0,Credit Card,Female,3.0,4.0,Others,1,Married,2.0,1,15.0,1.0,2.0,11.0,272.32625,1
5301,0,4.0,Mobile Phone,1,14.0,Credit Card,Male,3.0,5.0,Mobile Phone,4,Married,3.0,0,13.0,2.0,2.0,2.0,146.41,3
5302,0,19.0,Mobile Phone,1,12.0,Credit Card,Female,3.0,5.5,Laptop & Accessory,5,Single,3.0,1,15.0,1.0,2.0,5.0,182.69,3
5303,0,19.0,Computer,3,33.0,E wallet,Male,3.0,5.0,Laptop & Accessory,5,Married,3.0,0,16.0,3.5,5.0,6.0,168.85,0
5304,0,5.0,Computer,3,9.0,UPI,Male,3.0,4.0,Laptop & Accessory,5,Single,9.0,0,14.0,2.0,2.0,4.0,178.32,3
5305,0,10.0,Mobile Phone,1,19.0,Debit Card,Female,4.0,4.0,Laptop & Accessory,3,Married,11.0,1,13.0,1.0,2.0,2.0,171.63,3
5306,0,8.0,Computer,1,17.0,Debit Card,Male,3.0,2.0,Laptop & Accessory,1,Married,3.0,0,14.0,3.5,6.0,3.0,172.24,0
5307,0,23.0,Mobile Phone,1,32.0,Debit Card,Female,3.0,4.0,Mobile Phone,5,Married,3.0,0,15.0,2.0,2.0,5.0,157.11,3
5308,0,13.0,Mobile Phone,1,17.0,Credit Card,Male,4.0,4.0,Laptop & Accessory,5,Married,4.0,0,14.0,3.5,6.0,8.0,178.77,0
5309,0,1.0,Mobile Phone,1,26.0,UPI,Male,4.0,5.0,Mobile Phone,5,Married,3.0,0,12.0,1.0,2.0,8.0,165.66,3
5310,0,9.0,Mobile Phone,1,25.0,Debit Card,Male,3.0,2.0,Laptop & Accessory,5,Married,3.0,0,12.0,2.0,2.0,11.0,177.08,0
5311,0,2.0,Mobile Phone,1,34.0,Credit Card,Female,3.0,5.5,Laptop & Accessory,5,Married,2.0,0,22.0,2.0,2.0,1.0,173.77,3
5312,0,1.0,Mobile Phone,1,12.0,Credit Card,Male,4.0,4.0,Mobile Phone,1,Single,3.0,0,19.0,1.0,3.0,3.0,156.17,3
5313,1,1.0,Computer,3,10.0,Credit Card,Female,4.0,4.0,Mobile Phone,1,Single,3.0,1,13.0,2.0,2.0,1.0,140.69,3
5314,0,21.0,Mobile Phone,2,33.0,Debit Card,Female,4.0,4.0,Others,3,Married,5.0,0,15.0,2.0,2.0,1.0,272.32625,1
5315,0,13.0,Mobile Phone,1,10.0,Credit Card,Male,4.0,5.0,Laptop & Accessory,3,Married,2.0,0,16.0,1.0,2.0,8.0,155.69,3
5316,0,14.0,Mobile Phone,1,22.0,Debit Card,Female,4.0,5.0,Fashion,3,Married,3.0,0,14.0,3.5,6.0,3.0,229.35,0
5317,0,9.0,Computer,1,15.0,Debit Card,Female,3.0,4.0,Laptop & Accessory,3,Married,3.0,0,13.0,1.0,3.0,10.0,166.48,3
5318,0,11.0,Mobile Phone,1,26.0,Debit Card,Male,3.0,4.0,Laptop & Accessory,3,Married,5.0,0,18.0,1.0,2.0,3.0,182.68,3
5319,0,13.0,Computer,1,11.0,Credit Card,Female,3.0,4.0,Laptop & Accessory,3,Single,2.0,0,14.0,3.5,4.0,9.0,175.42,0
5320,0,19.0,Mobile Phone,1,9.0,UPI,Female,3.0,5.0,Laptop & Accessory,1,Married,3.0,0,20.0,3.5,4.0,10.0,182.7,0
5321,0,12.0,Mobile Phone,1,9.0,Credit Card,Female,3.0,5.0,Fashion,3,Married,5.0,1,20.0,1.0,2.0,3.0,202.56,1
5322,1,1.0,Mobile Phone,3,17.0,Credit Card,Male,3.0,5.0,Fashion,5,Married,11.0,0,18.0,1.0,6.0,3.0,228.06,1
5323,0,11.0,Mobile Phone,1,17.0,Credit Card,Female,4.0,4.0,Mobile Phone,4,Married,3.0,0,12.0,3.5,6.0,8.0,164.36,0
5324,0,14.0,Mobile Phone,1,23.0,Debit Card,Female,3.0,4.0,Fashion,1,Single,8.0,1,16.0,3.5,4.0,4.0,204.45,1
5325,0,18.0,Computer,2,8.0,UPI,Male,3.0,4.0,Laptop & Accessory,1,Married,6.0,1,12.0,2.0,2.0,3.0,182.43,1
5326,0,22.0,Computer,1,11.0,Credit Card,Male,3.0,5.0,Grocery,1,Married,4.0,0,25.5,1.0,3.0,3.0,272.32625,1
5327,1,1.0,Mobile Phone,3,22.0,Credit Card,Male,3.0,5.5,Laptop & Accessory,1,Married,8.0,1,15.0,1.0,3.0,3.0,179.4,3
5328,0,1.0,Computer,1,9.0,Cash on Delivery,Female,3.0,4.0,Mobile Phone,1,Single,3.0,1,14.0,1.0,2.0,4.0,162.6,3
5329,0,1.0,Mobile Phone,1,15.0,Credit Card,Female,3.0,2.0,Mobile Phone,3,Married,9.0,0,18.0,1.0,2.0,3.0,160.17,2
5330,0,1.0,Computer,1,9.0,Credit Card,Male,3.0,4.0,Mobile Phone,1,Single,4.0,0,14.0,1.0,2.0,3.0,150.8,3
5331,1,4.0,Mobile Phone,1,14.0,Debit Card,Male,4.0,4.0,Mobile Phone,5,Single,5.0,1,15.0,1.0,2.0,4.0,146.66,3
5332,0,3.0,Mobile Phone,3,17.0,Credit Card,Male,3.0,5.0,Laptop & Accessory,3,Single,11.0,0,12.0,2.0,2.0,5.0,183.69,3
5333,0,10.0,Mobile Phone,1,12.0,Debit Card,Female,3.0,4.0,Fashion,5,Married,6.0,0,13.0,2.0,2.0,3.0,205.08,1
5334,0,1.0,Computer,1,9.0,Debit Card,Male,4.0,2.0,Laptop & Accessory,3,Married,3.0,0,18.0,2.0,2.0,8.0,177.06,3
5335,0,13.0,Mobile Phone,1,19.0,Credit Card,Male,4.0,4.0,Laptop & Accessory,4,Married,6.0,0,22.0,2.0,2.0,1.0,177.95,3
5336,0,23.0,Mobile Phone,1,29.0,UPI,Female,4.0,4.0,Grocery,4,Married,5.0,0,17.0,1.0,2.0,3.0,272.32625,1
5337,0,24.0,Mobile Phone,1,24.0,Debit Card,Female,3.0,5.0,Fashion,5,Married,7.0,0,16.0,1.0,2.0,12.0,257.69,1
5338,0,1.0,Mobile Phone,3,9.0,Credit Card,Female,3.0,4.0,Mobile Phone,3,Single,3.0,0,20.0,1.0,3.0,3.0,152.83,3
5339,0,8.0,Mobile Phone,1,10.0,Debit Card,Female,4.0,4.0,Laptop & Accessory,4,Married,3.0,0,13.0,2.0,6.0,10.0,179.33,0
5340,0,10.0,Mobile Phone,1,14.0,Debit Card,Male,4.0,4.0,Mobile Phone,4,Single,4.0,0,12.0,1.0,2.0,4.0,145.13,3
5341,0,23.0,Mobile Phone,1,13.0,Debit Card,Female,3.0,5.0,Grocery,3,Married,4.0,1,20.0,1.0,3.0,13.0,264.66,1
5342,0,10.0,Computer,1,8.0,Credit Card,Female,3.0,5.0,Laptop & Accessory,3,Married,2.0,0,16.0,1.0,2.0,3.0,168.74,3
5343,0,10.0,Mobile Phone,1,10.0,Debit Card,Male,4.0,2.0,Laptop & Accessory,5,Married,8.0,0,21.0,1.0,2.0,5.0,193.42,1
5344,0,28.0,Mobile Phone,1,29.0,Credit Card,Female,4.0,4.0,Grocery,3,Married,5.0,0,15.0,3.5,5.0,8.0,272.32625,1
5345,0,17.0,Mobile Phone,1,22.0,Debit Card,Male,4.0,5.0,Grocery,3,Married,3.0,0,15.0,3.0,6.0,12.0,272.32625,0
5346,1,1.0,Computer,3,19.0,UPI,Male,3.0,4.0,Laptop & Accessory,1,Single,5.0,1,25.0,3.5,6.0,8.0,170.81,0
5347,0,12.0,Computer,1,8.0,Debit Card,Male,3.0,4.0,Laptop & Accessory,1,Married,9.0,0,16.0,2.0,3.0,10.0,172.35,0
5348,0,3.0,Mobile Phone,3,12.0,Credit Card,Male,3.0,5.0,Laptop & Accessory,4,Married,3.0,1,14.0,1.0,2.0,10.0,166.87,3
5349,0,7.0,Mobile Phone,3,9.0,Credit Card,Male,4.0,4.0,Laptop & Accessory,1,Married,3.0,0,15.0,2.0,2.0,5.0,180.05,3
5350,0,6.0,Mobile Phone,1,9.0,Credit Card,Male,3.0,4.0,Laptop & Accessory,4,Married,2.0,0,14.0,2.0,2.0,7.0,179.7,3
5351,0,5.0,Mobile Phone,3,12.0,Debit Card,Female,4.0,4.0,Laptop & Accessory,1,Married,3.0,0,12.0,1.0,2.0,3.0,179.76,3
5352,0,23.0,Mobile Phone,1,23.0,Credit Card,Female,4.0,4.0,Mobile Phone,5,Married,6.0,1,17.0,1.0,3.0,3.0,150.87,3
5353,0,12.0,Computer,1,9.0,Credit Card,Female,3.0,5.0,Mobile Phone,4,Single,3.0,0,23.0,1.0,4.0,4.0,149.4,3
5354,0,21.0,Mobile Phone,3,9.0,Debit Card,Female,3.0,2.0,Grocery,4,Married,8.0,0,15.0,1.0,2.0,3.0,272.32625,1
5355,0,23.0,Mobile Phone,1,8.0,Debit Card,Male,3.0,4.0,Grocery,3,Single,6.0,0,15.0,1.0,2.0,1.0,272.32625,1
5356,0,15.0,Mobile Phone,3,30.0,Debit Card,Male,4.0,4.0,Fashion,3,Single,5.0,1,17.0,1.0,2.0,3.0,195.82,1
5357,0,1.0,Mobile Phone,3,16.0,Debit Card,Male,3.0,4.0,Mobile Phone,5,Single,3.0,0,12.0,1.0,2.0,3.0,152.28,3
5358,0,7.0,Computer,3,23.0,Debit Card,Female,3.0,4.0,Laptop & Accessory,1,Married,3.0,1,25.5,1.0,2.0,3.0,178.68,3
5359,0,10.0,Mobile Phone,1,33.0,Debit Card,Male,4.0,4.0,Laptop & Accessory,3,Married,8.0,0,15.0,2.0,2.0,3.0,178.47,3
5360,0,18.0,Mobile Phone,2,8.0,Debit Card,Female,3.0,4.0,Mobile Phone,1,Married,6.0,1,19.0,3.0,3.0,3.0,156.95,3
5361,1,1.0,Mobile Phone,1,15.0,Credit Card,Male,4.0,5.0,Mobile Phone,3,Single,3.0,1,12.0,2.0,2.0,3.0,164.89,3
5362,0,12.0,Mobile Phone,1,11.0,Credit Card,Female,3.0,4.0,Mobile Phone,3,Married,9.0,0,20.0,1.0,2.0,1.0,158.06,3
5363,0,27.0,Mobile Phone,1,31.0,Credit Card,Male,3.0,2.0,Fashion,1,Married,5.0,0,16.0,1.0,2.0,3.0,195.05,1
5364,1,12.0,Computer,3,14.0,Credit Card,Female,4.0,4.0,Mobile Phone,3,Married,4.0,1,12.0,2.0,6.0,8.0,151.55,0
5365,1,1.0,Mobile Phone,1,9.0,Debit Card,Male,4.0,4.0,Mobile Phone,4,Single,3.0,0,13.0,1.0,2.0,1.0,138.93,3
5366,0,1.0,Computer,1,14.0,Credit Card,Male,4.0,4.0,Mobile Phone,1,Single,3.0,0,21.0,1.0,6.0,8.0,150.7,3
5367,0,29.0,Mobile Phone,1,29.0,Cash on Delivery,Male,4.0,5.0,Mobile Phone,4,Married,7.0,0,13.0,2.0,2.0,3.0,160.37,1
5368,0,8.0,Mobile Phone,1,12.0,Credit Card,Male,3.0,5.0,Laptop & Accessory,1,Married,3.0,0,15.0,1.0,5.0,14.0,164.86,0
5369,0,30.0,Mobile Phone,1,8.0,Credit Card,Male,4.0,5.5,Fashion,1,Married,5.0,0,21.0,2.0,2.0,1.0,233.82999999999998,1
5370,0,7.0,Mobile Phone,1,28.0,Credit Card,Male,4.0,2.0,Mobile Phone,4,Married,3.0,0,19.0,1.0,3.0,14.0,145.28,0
5371,0,11.0,Computer,3,8.0,Credit Card,Male,3.0,5.5,Laptop & Accessory,1,Married,3.0,0,15.0,2.0,2.0,3.0,220.25,3
5372,0,8.0,Mobile Phone,1,26.0,Debit Card,Female,3.0,5.0,Mobile Phone,1,Married,3.0,0,13.0,2.0,6.0,8.0,154.29,0
5373,1,1.0,Mobile Phone,3,14.0,Debit Card,Male,4.0,4.0,Mobile Phone,1,Married,3.0,1,22.0,2.0,2.0,3.0,147.75,3
5374,0,18.0,Mobile Phone,1,9.0,Debit Card,Female,4.0,2.0,Fashion,1,Married,3.0,1,20.0,2.0,6.0,8.0,203.79,0
5375,0,9.0,Computer,1,9.0,Credit Card,Male,4.0,5.0,Mobile Phone,1,Single,2.0,1,15.0,2.0,2.0,5.0,174.3,3
5376,0,17.0,Mobile Phone,3,9.0,Credit Card,Male,4.0,4.0,Laptop & Accessory,1,Married,3.0,1,18.0,3.5,6.0,9.0,203.47,0
5377,0,1.0,Mobile Phone,1,16.0,Credit Card,Male,4.0,2.0,Mobile Phone,3,Married,3.0,0,17.0,1.0,2.0,5.0,169.01,3
5378,0,15.0,Mobile Phone,3,13.0,E wallet,Male,3.0,4.0,Fashion,3,Single,3.0,0,13.0,3.5,6.0,3.0,217.41,0
5379,0,3.0,Mobile Phone,1,16.0,Credit Card,Female,3.0,4.0,Mobile Phone,3,Married,11.0,0,18.0,1.0,2.0,3.0,154.74,3
5380,0,10.0,Mobile Phone,3,9.0,Debit Card,Female,3.0,4.0,Laptop & Accessory,1,Single,5.0,0,16.0,3.5,6.0,8.0,170.02,0
5381,0,19.0,Computer,1,8.0,Debit Card,Male,4.0,5.0,Fashion,3,Married,5.0,0,24.0,3.5,2.0,5.0,232.48000000000002,1
5382,1,1.0,Mobile Phone,2,29.0,UPI,Male,3.0,5.5,Mobile Phone,3,Married,3.0,0,12.0,1.0,2.0,1.0,140.55,3
5383,1,11.0,Computer,3,16.0,Debit Card,Male,3.0,5.5,Grocery,3,Married,9.0,0,12.0,3.5,2.0,11.0,254.36,1
5384,0,1.0,Mobile Phone,1,24.0,Credit Card,Male,4.0,5.5,Mobile Phone,3,Married,3.0,0,16.0,2.0,2.0,3.0,148.05,3
5385,0,19.0,Mobile Phone,1,35.0,Cash on Delivery,Female,3.0,5.0,Grocery,4,Single,3.0,0,15.0,3.5,6.0,7.0,272.32625,0
5386,0,6.0,Computer,1,17.0,Debit Card,Male,3.0,4.0,Mobile Phone,3,Married,8.0,0,14.0,1.0,2.0,4.0,159.33,3
5387,0,5.0,Mobile Phone,1,9.0,Debit Card,Male,4.0,4.0,Mobile Phone,3,Married,3.0,0,15.0,2.0,2.0,4.0,159.77,3
5388,0,15.0,Computer,2,11.0,UPI,Male,3.0,5.5,Laptop & Accessory,4,Married,8.0,0,20.0,1.0,2.0,3.0,189.3,3
5389,0,14.0,Mobile Phone,1,15.0,Debit Card,Female,4.0,4.0,Laptop & Accessory,5,Married,4.0,1,17.0,2.0,2.0,1.0,190.16,3
5390,0,1.0,Mobile Phone,1,36.0,Credit Card,Male,4.0,4.0,Mobile Phone,5,Married,3.0,0,14.0,2.0,2.0,3.0,164.07,3
5391,0,20.0,Mobile Phone,1,20.0,Debit Card,Male,3.0,4.0,Laptop & Accessory,4,Single,8.0,0,15.0,2.0,2.0,10.0,180.62,1
5392,0,9.0,Mobile Phone,1,34.0,Debit Card,Male,3.0,4.0,Laptop & Accessory,3,Married,4.0,0,17.0,2.0,2.0,8.0,193.83,3
5393,0,4.0,Mobile Phone,1,23.0,Debit Card,Male,3.0,4.0,Mobile Phone,1,Married,3.0,0,13.0,1.0,2.0,9.0,153.62,3
5394,0,21.0,Computer,3,9.0,E wallet,Male,3.0,4.0,Laptop & Accessory,4,Married,9.0,0,12.0,1.0,2.0,1.0,174.78,1
5395,0,20.0,Mobile Phone,3,9.0,Debit Card,Male,4.0,4.0,Fashion,1,Married,6.0,1,13.0,1.0,2.0,3.0,228.68,1
5396,1,1.0,Mobile Phone,3,20.0,E wallet,Male,4.0,5.0,Laptop & Accessory,5,Married,7.0,1,14.0,2.0,3.0,3.0,186.34,3
5397,1,1.0,Mobile Phone,3,8.0,Debit Card,Male,3.0,5.5,Laptop & Accessory,4,Single,8.0,0,16.0,1.0,2.0,1.0,192.35,3
5398,0,1.0,Mobile Phone,1,11.0,Credit Card,Female,3.0,4.0,Mobile Phone,4,Single,3.0,0,14.0,1.0,2.0,3.0,157.95,3
5399,0,5.0,Computer,1,31.0,Cash on Delivery,Female,2.0,4.0,Laptop & Accessory,1,Single,4.0,0,21.0,1.0,2.0,5.0,177.38,2
5400,0,13.0,Computer,1,8.0,Debit Card,Male,4.0,4.0,Laptop & Accessory,1,Married,3.0,1,16.0,1.0,6.0,9.0,189.72,0
5401,0,6.0,Mobile Phone,3,26.0,Debit Card,Male,4.0,5.5,Fashion,3,Married,5.0,0,14.0,1.0,2.0,3.0,221.1,3
5402,0,14.0,Mobile Phone,3,14.0,Credit Card,Male,3.0,4.0,Others,4,Single,3.0,0,15.0,3.5,6.0,9.0,272.32625,0
5403,0,19.0,Mobile Phone,2,11.0,Debit Card,Female,3.0,5.5,Fashion,3,Married,6.0,0,22.0,2.0,2.0,3.0,222.56,1
5404,0,4.0,Computer,1,9.0,Cash on Delivery,Female,4.0,5.0,Mobile Phone,5,Single,2.0,0,17.0,1.0,2.0,8.0,174.68,3
5405,0,1.0,Computer,2,17.0,Credit Card,Male,3.0,4.0,Mobile Phone,1,Married,2.0,0,15.0,1.0,3.0,2.0,146.45,3
5406,1,1.0,Computer,2,15.0,UPI,Female,4.0,5.0,Mobile Phone,1,Married,8.0,0,12.0,2.0,2.0,3.0,146.8,3
5407,0,5.0,Mobile Phone,3,12.0,Cash on Delivery,Male,3.0,4.0,Laptop & Accessory,3,Married,3.0,0,20.0,2.0,2.0,3.0,208.46,3
5408,0,1.0,Mobile Phone,1,15.0,Credit Card,Female,4.0,4.0,Mobile Phone,1,Single,3.0,0,12.0,1.0,2.0,5.0,159.45,3
5409,1,1.0,Mobile Phone,3,16.0,E wallet,Female,3.0,5.5,Mobile Phone,4,Single,3.0,0,14.0,3.0,3.0,3.0,152.6,3
5410,0,3.0,Computer,1,8.0,Debit Card,Male,4.0,2.0,Laptop & Accessory,3,Single,10.0,1,13.0,2.0,2.0,3.0,187.94,3
5411,0,4.0,Mobile Phone,3,22.0,E wallet,Male,4.0,5.0,Fashion,5,Married,4.0,0,12.0,2.0,2.0,8.0,196.4,3
5412,0,8.0,Mobile Phone,1,9.0,Credit Card,Male,4.0,2.0,Mobile Phone,1,Married,2.0,1,15.0,2.0,2.0,3.0,154.32,2
5413,0,7.0,Computer,3,9.0,E wallet,Female,4.0,4.0,Laptop & Accessory,4,Single,10.0,0,16.0,2.0,2.0,8.0,176.47,3
5414,0,23.0,Mobile Phone,3,18.0,E wallet,Female,4.0,4.0,Laptop & Accessory,1,Single,5.0,0,13.0,1.0,2.0,5.0,170.07,1
5415,1,1.0,Mobile Phone,3,23.0,Debit Card,Female,4.0,4.0,Fashion,5,Single,4.0,1,21.0,2.0,2.0,3.0,210.64,3
5416,0,12.0,Computer,1,9.0,Credit Card,Female,4.0,5.0,Mobile Phone,4,Married,6.0,0,15.0,1.0,2.0,6.0,149.68,3
5417,1,1.0,Mobile Phone,3,23.0,E wallet,Male,4.0,4.0,Fashion,3,Married,4.0,0,14.0,1.0,2.0,1.0,206.61,3
5418,0,3.0,Mobile Phone,1,11.0,Cash on Delivery,Female,4.0,5.0,Mobile Phone,5,Married,3.0,0,14.0,1.0,2.0,1.0,146.09,3
5419,0,4.0,Mobile Phone,1,23.0,Debit Card,Male,3.0,2.0,Laptop & Accessory,3,Married,5.0,0,17.0,2.0,2.0,8.0,177.94,2
5420,0,6.0,Computer,1,12.0,Cash on Delivery,Male,4.0,4.0,Mobile Phone,4,Single,4.0,0,15.0,2.0,2.0,8.0,152.18,3
5421,0,12.0,Mobile Phone,1,25.0,Credit Card,Male,3.0,5.5,Laptop & Accessory,1,Married,5.0,1,17.0,1.0,2.0,1.0,183.11,3
5422,1,7.0,Computer,1,24.0,Cash on Delivery,Male,3.0,5.0,Mobile Phone,3,Married,11.0,1,17.0,2.0,2.0,1.0,149.37,3
5423,0,16.0,Mobile Phone,1,19.0,Credit Card,Male,3.0,4.0,Mobile Phone,4,Married,10.0,0,23.0,2.0,2.0,5.0,152.66,3
5424,0,29.0,Mobile Phone,1,9.0,Credit Card,Male,3.0,5.0,Others,5,Married,10.0,0,15.0,2.0,2.0,1.0,272.32625,1
5425,0,7.0,Computer,1,11.0,Cash on Delivery,Male,3.0,4.0,Laptop & Accessory,4,Married,7.0,0,16.0,1.0,2.0,8.0,155.55,3
5426,0,15.0,Mobile Phone,1,16.0,Debit Card,Male,4.0,4.0,Mobile Phone,5,Married,3.0,0,21.0,1.0,2.0,5.0,147.89,3
5427,0,8.0,Computer,3,17.0,Debit Card,Male,3.0,4.0,Laptop & Accessory,3,Married,3.0,1,15.0,2.0,2.0,8.0,165.01,3
5428,0,27.0,Computer,1,8.0,Credit Card,Female,3.0,5.0,Grocery,3,Married,6.0,1,21.0,2.0,2.0,3.0,254.64999999999998,1
5429,0,17.0,Mobile Phone,2,9.0,Debit Card,Male,4.0,4.0,Mobile Phone,1,Single,2.0,0,14.0,2.0,2.0,9.0,160.39,3
5430,0,8.0,Mobile Phone,3,10.0,Debit Card,Female,3.0,5.5,Laptop & Accessory,1,Single,7.0,0,13.0,3.0,3.0,3.0,185.29,3
5431,1,1.0,Mobile Phone,3,14.0,E wallet,Male,3.0,4.0,Mobile Phone,4,Single,3.0,0,14.0,1.0,2.0,1.0,151.79,3
5432,0,12.0,Mobile Phone,1,13.0,UPI,Female,3.0,5.0,Mobile Phone,3,Married,3.0,0,12.0,2.0,2.0,5.0,162.02,3
5433,1,1.0,Mobile Phone,1,15.0,Credit Card,Female,4.0,4.0,Mobile Phone,5,Married,3.0,1,18.0,1.0,2.0,1.0,148.98,3
5434,0,5.0,Mobile Phone,3,36.0,E wallet,Female,4.0,5.0,Laptop & Accessory,1,Married,3.0,0,15.0,1.0,6.0,8.0,179.68,0
5435,0,25.0,Mobile Phone,1,10.0,Cash on Delivery,Female,3.0,4.0,Fashion,3,Married,4.0,0,12.0,3.0,2.0,3.0,256.16,1
5436,0,11.0,Mobile Phone,3,16.0,E wallet,Male,3.0,5.0,Laptop & Accessory,4,Married,3.0,0,15.0,2.0,2.0,4.0,166.89,3
5437,0,20.0,Mobile Phone,1,9.0,Credit Card,Male,3.0,4.0,Others,1,Married,9.0,1,15.0,3.0,3.0,3.0,272.32625,1
5438,0,10.0,Mobile Phone,1,17.0,Debit Card,Male,3.0,4.0,Fashion,5,Married,9.0,1,14.0,3.0,6.0,8.0,208.21,0
5439,1,8.0,Computer,1,8.0,Credit Card,Male,4.0,4.0,Mobile Phone,4,Married,3.0,1,13.0,3.0,3.0,4.0,148.42,3
5440,0,11.0,Mobile Phone,2,15.0,UPI,Male,3.0,4.0,Laptop & Accessory,4,Married,4.0,0,14.0,3.5,5.0,8.0,165.71,0
5441,1,1.0,Mobile Phone,3,34.0,Debit Card,Male,3.0,4.0,Laptop & Accessory,1,Single,3.0,1,19.0,3.5,6.0,8.0,183.13,0
5442,0,7.0,Mobile Phone,1,15.0,Debit Card,Male,3.0,2.0,Mobile Phone,5,Married,8.0,0,20.0,3.5,6.0,7.0,156.43,0
5443,0,2.0,Mobile Phone,1,8.0,Debit Card,Male,3.0,4.0,Mobile Phone,1,Married,3.0,0,12.0,1.0,2.0,4.0,145.44,3
5444,0,13.0,Mobile Phone,1,17.0,Credit Card,Male,4.0,4.0,Fashion,3,Single,9.0,0,22.0,3.0,2.0,3.0,259.64,1
5445,0,20.0,Computer,3,33.0,Debit Card,Male,4.0,5.0,Laptop & Accessory,4,Single,10.0,0,16.0,2.0,3.0,3.0,204.91,1
5446,0,14.0,Mobile Phone,1,9.0,Debit Card,Female,4.0,4.0,Mobile Phone,5,Married,6.0,0,18.0,2.0,2.0,3.0,158.77,3
5447,0,16.0,Mobile Phone,1,20.0,Credit Card,Male,4.0,2.0,Laptop & Accessory,5,Married,7.0,0,19.0,2.0,2.0,1.0,180.38,1
5448,0,9.0,Computer,1,9.0,Credit Card,Male,3.0,4.0,Laptop & Accessory,1,Married,4.0,0,15.0,2.0,2.0,8.0,182.62,3
5449,0,12.0,Computer,2,9.0,UPI,Male,4.0,4.0,Mobile Phone,4,Married,7.0,0,14.0,3.0,4.0,9.0,150.92,0
5450,1,1.0,Computer,1,16.0,Debit Card,Male,4.0,4.0,Laptop & Accessory,5,Married,6.0,0,18.0,1.0,2.0,8.0,178.46,3
5451,1,1.0,Mobile Phone,1,17.0,Credit Card,Male,3.0,4.0,Laptop & Accessory,5,Single,3.0,0,16.0,1.0,2.0,9.0,167.13,3
5452,0,13.0,Computer,3,27.0,Debit Card,Male,3.0,4.0,Laptop & Accessory,1,Married,4.0,0,19.0,2.0,3.0,3.0,166.27,3
5453,0,17.0,Computer,1,16.0,Debit Card,Male,3.0,4.0,Mobile Phone,3,Single,6.0,0,14.0,2.0,2.0,3.0,149.38,3
5454,0,15.0,Mobile Phone,1,12.0,Debit Card,Male,3.0,2.0,Laptop & Accessory,4,Single,5.0,0,13.0,1.0,2.0,3.0,193.7,2
5455,0,15.0,Mobile Phone,3,11.0,E wallet,Female,3.0,4.0,Fashion,3,Married,2.0,1,14.0,3.5,6.0,3.0,229.47,0
5456,0,4.0,Mobile Phone,1,17.0,Credit Card,Female,4.0,4.0,Fashion,3,Single,11.0,0,15.0,1.0,2.0,3.0,221.67,1
5457,1,1.0,Mobile Phone,2,27.0,Credit Card,Female,4.0,4.0,Mobile Phone,4,Married,2.0,1,12.0,1.0,2.0,5.0,146.48,3
5458,1,10.0,Mobile Phone,1,28.0,Credit Card,Female,4.0,4.0,Laptop & Accessory,4,Married,6.0,0,23.0,3.5,4.0,3.0,214.26,0
5459,0,14.0,Mobile Phone,1,8.0,Debit Card,Female,3.0,4.0,Laptop & Accessory,1,Married,6.0,0,18.0,1.0,2.0,4.0,190.13,1
5460,0,8.0,Mobile Phone,3,15.0,Cash on Delivery,Male,4.0,2.0,Laptop & Accessory,3,Married,3.0,0,22.0,3.0,5.0,9.0,192.99,0
5461,0,30.0,Computer,3,9.0,Credit Card,Male,3.0,4.0,Grocery,4,Married,6.0,0,23.0,1.0,6.0,14.5,272.32625,1
5462,0,9.0,Mobile Phone,1,30.0,Credit Card,Male,4.0,5.5,Mobile Phone,3,Married,2.0,0,17.0,1.0,2.0,4.0,152.05,3
5463,0,21.0,Mobile Phone,1,11.0,Debit Card,Female,4.0,5.0,Fashion,4,Married,10.0,1,13.0,3.5,6.0,3.0,228.33,1
5464,0,14.0,Mobile Phone,1,19.0,Debit Card,Female,3.0,4.0,Laptop & Accessory,5,Married,4.0,0,13.0,2.0,6.0,8.0,169.48,0
5465,0,28.0,Mobile Phone,1,14.0,Credit Card,Female,4.0,4.0,Laptop & Accessory,1,Married,6.0,0,16.0,2.0,2.0,8.0,193.54,1
5466,0,5.0,Computer,3,14.0,E wallet,Female,4.0,4.0,Fashion,5,Married,4.0,0,15.0,3.0,3.0,3.0,221.37,0
5467,0,2.0,Mobile Phone,1,8.0,Credit Card,Female,4.0,4.0,Mobile Phone,5,Married,3.0,0,25.5,2.0,2.0,3.0,160.91,3
5468,0,12.0,Mobile Phone,3,9.0,E wallet,Female,4.0,5.5,Laptop & Accessory,1,Married,4.0,1,21.0,1.0,2.0,4.0,179.05,3
5469,0,1.0,Mobile Phone,3,17.0,Credit Card,Male,3.0,4.0,Laptop & Accessory,1,Single,3.0,0,14.0,2.0,2.0,3.0,171.84,3
5470,0,30.0,Computer,1,22.0,Debit Card,Male,3.0,4.0,Grocery,3,Married,4.0,1,15.0,1.0,3.0,3.0,272.32625,1
5471,0,1.0,Computer,1,21.0,Credit Card,Female,3.0,4.0,Mobile Phone,3,Single,3.0,0,17.0,2.0,2.0,1.0,140.14,3
5472,1,1.0,Mobile Phone,2,25.0,UPI,Male,3.0,2.0,Mobile Phone,5,Married,2.0,0,18.0,2.0,2.0,1.0,154.56,2
5473,1,1.0,Mobile Phone,2,20.0,UPI,Male,3.0,5.0,Mobile Phone,5,Married,6.0,1,16.0,3.0,3.0,1.0,148.35,3
5474,0,19.0,Computer,3,9.0,Debit Card,Female,4.0,4.0,Laptop & Accessory,3,Married,6.0,0,23.0,3.5,6.0,8.0,176.54,0
5475,0,10.0,Mobile Phone,1,9.0,UPI,Female,4.0,4.0,Laptop & Accessory,4,Married,6.0,1,23.0,2.0,2.0,1.0,194.62,3
5476,0,17.0,Computer,3,9.0,Debit Card,Male,4.0,4.0,Laptop & Accessory,1,Married,3.0,0,21.0,3.5,6.0,8.0,181.75,0
5477,0,1.0,Computer,1,12.0,Debit Card,Female,3.0,4.0,Mobile Phone,1,Single,2.0,1,15.0,2.0,2.0,3.0,148.79,3
5478,0,3.0,Computer,1,27.0,Credit Card,Male,3.0,4.0,Mobile Phone,1,Married,3.0,0,14.0,2.0,4.0,11.0,163.12,0
5479,0,6.0,Computer,3,17.0,E wallet,Male,4.0,4.0,Laptop & Accessory,1,Single,10.0,0,14.0,1.0,2.0,1.0,171.48,3
5480,0,16.0,Computer,1,17.0,Cash on Delivery,Male,3.0,4.0,Mobile Phone,3,Married,5.0,0,23.0,3.5,4.0,4.0,154.36,0
5481,0,21.0,Mobile Phone,1,16.0,Debit Card,Female,4.0,4.0,Mobile Phone,3,Single,6.0,0,13.0,1.0,3.0,1.0,146.05,3
5482,0,20.0,Mobile Phone,1,9.0,Debit Card,Male,3.0,4.0,Fashion,1,Married,5.0,0,15.0,1.0,5.0,3.0,210.78,1
5483,0,2.0,Computer,2,8.0,Debit Card,Male,3.0,4.0,Mobile Phone,1,Married,3.0,0,16.0,2.0,3.0,3.0,152.06,3
5484,0,3.0,Mobile Phone,1,36.0,Debit Card,Male,4.0,5.5,Laptop & Accessory,3,Married,10.0,0,18.0,1.0,2.0,7.0,188.84,3
5485,0,16.0,Mobile Phone,1,15.0,Debit Card,Male,3.0,4.0,Mobile Phone,3,Single,6.0,0,14.0,2.0,2.0,1.0,164.68,3
5486,1,1.0,Mobile Phone,3,9.0,E wallet,Male,3.0,5.0,Laptop & Accessory,4,Single,9.0,1,13.0,2.0,3.0,3.0,224.07,3
5487,0,20.0,Mobile Phone,3,10.0,Cash on Delivery,Female,3.0,2.0,Grocery,5,Married,4.0,0,13.0,3.0,2.0,9.0,257.25,1
5488,0,1.0,Mobile Phone,3,30.0,Credit Card,Female,3.0,5.0,Laptop & Accessory,3,Married,3.0,0,22.0,3.5,6.0,9.0,160.4,0
5489,0,3.0,Mobile Phone,2,13.0,Credit Card,Male,3.0,5.0,Mobile Phone,4,Married,3.0,0,12.0,2.0,2.0,1.0,153.04,3
5490,0,17.0,Mobile Phone,1,13.0,Credit Card,Female,3.0,5.0,Others,3,Married,9.0,0,15.0,3.5,6.0,14.5,272.32625,0
5491,0,22.0,Mobile Phone,1,17.0,Debit Card,Male,4.0,5.0,Others,4,Married,6.0,0,15.0,3.5,6.0,10.0,272.32625,0
5492,1,1.0,Computer,1,31.0,Debit Card,Male,4.0,5.0,Mobile Phone,1,Single,3.0,1,25.0,2.0,2.0,1.0,149.39,3
5493,1,10.0,Mobile Phone,3,17.0,Debit Card,Female,4.0,4.0,Fashion,4,Married,7.0,0,22.0,2.0,2.0,8.0,198.14,1
5494,0,1.0,Computer,1,22.0,Debit Card,Female,4.0,5.0,Mobile Phone,5,Married,2.0,0,20.0,1.0,6.0,4.0,172.74,3
5495,0,13.0,Mobile Phone,1,26.0,UPI,Male,3.0,4.0,Laptop & Accessory,1,Married,10.0,0,15.0,1.0,3.0,3.0,164.02,3
5496,0,29.0,Mobile Phone,1,9.0,Cash on Delivery,Male,4.0,5.0,Mobile Phone,1,Married,10.0,0,21.0,2.0,2.0,5.0,151.62,1
5497,0,2.0,Mobile Phone,3,10.0,Credit Card,Female,4.0,4.0,Mobile Phone,4,Married,3.0,0,20.0,2.0,2.0,1.0,153.56,3
5498,1,1.0,Mobile Phone,3,16.0,Credit Card,Male,3.0,4.0,Mobile Phone,1,Single,3.0,0,14.0,1.0,2.0,1.0,135.81,3
5499,1,1.0,Mobile Phone,1,14.0,Debit Card,Male,4.0,4.0,Mobile Phone,4,Single,3.0,1,24.0,2.0,2.0,1.0,149.72,3
5500,0,10.0,Mobile Phone,3,17.0,Cash on Delivery,Female,4.0,5.0,Laptop & Accessory,3,Married,3.0,1,14.0,1.0,2.0,8.0,181.73,3
5501,0,5.0,Mobile Phone,1,27.0,Debit Card,Male,3.0,4.0,Laptop & Accessory,3,Married,3.0,0,12.0,1.0,2.0,3.0,166.97,3
5502,0,8.0,Mobile Phone,3,11.0,Debit Card,Male,4.0,4.0,Fashion,1,Married,4.0,1,14.0,1.0,2.0,3.0,222.13,1
5503,0,3.0,Mobile Phone,1,14.0,Debit Card,Male,3.0,4.0,Mobile Phone,5,Single,5.0,0,15.0,1.0,2.0,3.0,145.62,3
5504,0,11.0,Mobile Phone,1,14.0,Credit Card,Male,4.0,4.0,Laptop & Accessory,5,Married,7.0,1,23.0,1.0,2.0,5.0,167.84,3
5505,0,9.0,Mobile Phone,1,23.0,UPI,Female,3.0,5.0,Laptop & Accessory,4,Married,2.0,1,12.0,1.0,2.0,3.0,172.88,3
5506,0,19.0,Mobile Phone,1,32.0,Debit Card,Female,4.0,5.0,Laptop & Accessory,1,Married,2.0,0,14.0,1.0,4.0,9.0,184.06,0
5507,0,10.0,Computer,2,9.0,UPI,Male,4.0,5.0,Laptop & Accessory,1,Single,3.0,0,22.0,2.0,2.0,9.0,163.86,3
5508,0,14.0,Mobile Phone,1,8.0,Debit Card,Male,4.0,4.0,Grocery,5,Married,4.0,0,15.0,3.0,6.0,14.5,272.32625,0
5509,0,1.0,Mobile Phone,1,8.0,Debit Card,Female,3.0,5.0,Mobile Phone,3,Married,3.0,1,14.0,1.0,2.0,1.0,154.33,3
5510,0,1.0,Mobile Phone,3,9.0,Credit Card,Female,3.0,2.0,Laptop & Accessory,3,Single,2.0,0,15.0,1.0,2.0,8.0,190.0,2
5511,0,22.0,Computer,1,29.0,Credit Card,Female,3.0,4.0,Grocery,1,Married,5.0,0,15.0,2.0,5.0,8.0,272.32625,1
5512,0,18.0,Mobile Phone,1,8.0,Debit Card,Male,4.0,2.0,Laptop & Accessory,5,Married,4.0,0,16.0,2.0,3.0,3.0,175.33,1
5513,1,1.0,Computer,1,23.0,Cash on Delivery,Male,3.0,5.5,Mobile Phone,5,Married,3.0,1,24.0,1.0,4.0,1.0,148.07,3
5514,1,20.0,Mobile Phone,1,31.0,Debit Card,Male,4.0,4.0,Mobile Phone,1,Single,3.0,0,17.0,1.0,2.0,1.0,150.87,3
5515,0,10.0,Mobile Phone,3,24.0,E wallet,Male,3.0,5.0,Laptop & Accessory,4,Married,4.0,0,17.0,2.0,2.0,4.0,180.07,3
5516,0,15.0,Mobile Phone,3,15.0,E wallet,Female,3.0,4.0,Laptop & Accessory,4,Married,7.0,0,22.0,1.0,2.0,5.0,168.93,1
5517,0,16.0,Mobile Phone,1,13.0,Credit Card,Male,3.0,4.0,Fashion,5,Married,11.0,0,14.0,3.5,2.0,8.0,258.48,1
5518,0,5.0,Mobile Phone,3,17.0,Credit Card,Female,3.0,4.0,Laptop & Accessory,1,Married,4.0,1,12.0,2.0,2.0,5.0,190.83,3
5519,0,8.0,Mobile Phone,3,10.0,Credit Card,Female,4.0,5.0,Laptop & Accessory,1,Married,5.0,1,13.0,1.0,2.0,2.0,206.03,3
5520,0,5.0,Mobile Phone,1,11.0,Credit Card,Female,4.0,2.0,Mobile Phone,3,Married,10.0,0,13.0,2.0,3.0,3.0,164.78,3
5521,0,1.0,Computer,1,13.0,UPI,Male,4.0,2.0,Mobile Phone,1,Married,2.0,0,19.0,3.0,6.0,8.0,150.44,0
5522,0,19.0,Computer,1,8.0,Credit Card,Male,3.0,4.0,Laptop & Accessory,3,Single,6.0,0,13.0,1.0,2.0,4.0,178.99,1
5523,0,7.0,Mobile Phone,3,17.0,E wallet,Male,3.0,4.0,Laptop & Accessory,3,Single,3.0,0,15.0,1.0,2.0,10.0,179.87,3
5524,0,2.0,Computer,3,8.0,Debit Card,Male,3.0,5.0,Laptop & Accessory,1,Married,3.0,1,13.0,2.0,2.0,8.0,193.34,3
5525,1,1.0,Computer,3,31.0,Cash on Delivery,Male,3.0,2.0,Mobile Phone,5,Single,3.0,0,18.0,1.0,2.0,1.0,135.91,2
5526,0,13.0,Computer,3,28.0,Debit Card,Female,3.0,5.5,Laptop & Accessory,3,Married,8.0,0,20.0,1.0,2.0,3.0,182.36,3
5527,0,1.0,Mobile Phone,1,9.0,Cash on Delivery,Male,3.0,4.0,Mobile Phone,4,Married,3.0,0,12.0,1.0,2.0,3.0,147.26,3
5528,0,8.0,Computer,1,29.0,UPI,Male,3.0,5.0,Laptop & Accessory,1,Married,3.0,1,16.0,3.5,6.0,12.0,182.47,0
5529,1,1.0,Mobile Phone,3,20.0,E wallet,Female,3.0,4.0,Laptop & Accessory,3,Single,5.0,1,12.0,1.0,3.0,3.0,223.54,3
5530,0,21.0,Computer,1,21.0,Cash on Delivery,Male,4.0,4.0,Laptop & Accessory,4,Married,10.0,0,19.0,1.0,2.0,8.0,179.67,1
5531,0,30.0,Mobile Phone,3,18.0,E wallet,Female,3.0,5.0,Laptop & Accessory,5,Married,6.0,0,17.0,1.0,2.0,1.0,178.8,1
5532,0,13.0,Mobile Phone,1,16.0,Credit Card,Male,3.0,4.0,Laptop & Accessory,5,Married,3.0,0,25.5,1.0,6.0,10.0,176.51,0
5533,0,12.0,Computer,1,15.0,Credit Card,Female,3.0,5.0,Laptop & Accessory,4,Married,3.0,1,17.0,2.0,2.0,8.0,146.33,3
5534,0,30.0,Mobile Phone,3,28.0,Debit Card,Female,4.0,4.0,Grocery,1,Married,6.0,1,15.0,1.0,2.0,1.0,272.32625,1
5535,1,1.0,Computer,1,12.0,Debit Card,Female,3.0,2.0,Mobile Phone,3,Single,5.0,1,15.0,1.0,2.0,4.0,149.32,2
5536,0,12.0,Mobile Phone,1,16.0,Debit Card,Male,4.0,4.0,Mobile Phone,1,Married,4.0,0,20.0,1.0,2.0,4.0,172.71,3
5537,0,23.0,Computer,1,9.0,Debit Card,Male,3.0,4.0,Others,1,Married,5.0,0,15.0,3.5,5.0,4.0,272.32625,0
5538,0,16.0,Mobile Phone,3,19.0,E wallet,Male,4.0,4.0,Laptop & Accessory,1,Married,5.0,1,13.0,2.0,2.0,1.0,175.87,3
5539,1,1.0,Computer,2,29.0,UPI,Female,3.0,5.0,Mobile Phone,4,Married,3.0,0,13.0,2.0,2.0,1.0,153.63,3
5540,0,9.0,Mobile Phone,3,25.0,Credit Card,Male,4.0,4.0,Laptop & Accessory,5,Married,2.0,0,17.0,2.0,2.0,5.0,180.61,3
5541,0,2.0,Computer,1,23.0,Credit Card,Male,3.0,4.0,Mobile Phone,3,Single,3.0,0,15.0,1.0,2.0,5.0,146.44,3
5542,0,5.0,Computer,1,10.0,Credit Card,Male,3.0,4.0,Mobile Phone,5,Married,3.0,1,14.0,3.0,3.0,4.0,155.65,3
5543,0,10.0,Computer,1,16.0,Debit Card,Male,4.0,2.0,Mobile Phone,4,Married,3.0,0,23.0,2.0,2.0,3.0,153.1,3
5544,0,8.0,Mobile Phone,3,8.0,E wallet,Male,3.0,4.0,Fashion,1,Single,3.0,0,22.0,3.0,3.0,3.0,223.88,0
5545,0,8.0,Mobile Phone,3,20.0,Credit Card,Male,3.0,4.0,Fashion,3,Married,3.0,0,19.0,1.0,2.0,3.0,211.28,1
5546,0,1.0,Mobile Phone,1,8.0,Credit Card,Male,4.0,4.0,Mobile Phone,5,Single,2.0,0,14.0,3.5,6.0,7.0,153.67,0
5547,0,3.0,Mobile Phone,1,8.0,Debit Card,Male,3.0,4.0,Laptop & Accessory,5,Married,2.0,0,13.0,1.0,2.0,3.0,178.73,3
5548,0,6.0,Computer,1,22.0,Credit Card,Female,3.0,4.0,Laptop & Accessory,1,Married,7.0,0,19.0,1.0,2.0,3.0,191.67,3
5549,0,5.0,Computer,1,8.0,Debit Card,Male,3.0,5.5,Laptop & Accessory,5,Married,3.0,0,22.0,3.5,6.0,8.0,175.03,0
5550,1,1.0,Mobile Phone,1,24.0,Cash on Delivery,Male,3.0,5.0,Mobile Phone,1,Married,7.0,0,13.0,2.0,2.0,4.0,148.67,3
5551,0,12.0,Mobile Phone,3,8.0,Debit Card,Male,3.0,5.0,Mobile Phone,5,Single,6.0,0,15.0,2.0,2.0,1.0,153.58,3
5552,0,9.0,Mobile Phone,3,14.0,Debit Card,Female,3.0,4.0,Laptop & Accessory,1,Married,3.0,1,12.0,2.0,2.0,10.0,177.04,0
5553,0,1.0,Mobile Phone,3,16.0,E wallet,Male,3.0,4.0,Laptop & Accessory,1,Single,3.0,0,15.0,2.0,2.0,8.0,166.05,3
5554,0,6.0,Mobile Phone,1,12.0,Debit Card,Male,3.0,5.0,Laptop & Accessory,1,Single,10.0,0,25.0,2.0,2.0,3.0,221.79,3
5555,1,1.0,Computer,3,33.0,E wallet,Male,4.0,4.0,Laptop & Accessory,1,Married,3.0,1,12.0,1.0,2.0,9.0,181.17,3
5556,1,17.0,Mobile Phone,3,31.0,Debit Card,Male,4.0,4.0,Fashion,5,Single,8.0,1,14.0,1.0,3.0,3.0,229.48,1
5557,0,28.0,Mobile Phone,1,16.0,Debit Card,Female,4.0,4.0,Laptop & Accessory,3,Married,5.0,0,12.0,2.0,3.0,4.0,153.97,1
5558,0,7.0,Computer,1,14.0,Debit Card,Male,3.0,4.0,Laptop & Accessory,3,Married,3.0,0,21.0,1.0,3.0,9.0,184.68,3
5559,0,17.0,Mobile Phone,1,18.0,Debit Card,Male,2.0,4.0,Fashion,3,Married,3.0,0,18.0,2.0,2.0,10.0,200.1,1
5560,0,12.0,Computer,2,8.0,UPI,Male,3.0,4.0,Mobile Phone,4,Married,2.0,1,12.0,1.0,2.0,3.0,154.91,2
5561,0,29.0,Mobile Phone,2,33.0,UPI,Male,4.0,2.0,Others,4,Married,6.0,1,15.0,2.0,2.0,5.0,272.32625,1
5562,0,5.0,Mobile Phone,1,9.0,Credit Card,Female,3.0,5.5,Mobile Phone,1,Married,3.0,1,12.0,1.0,2.0,1.0,136.29,3
5563,0,13.0,Mobile Phone,3,22.0,E wallet,Male,4.0,4.0,Grocery,5,Single,2.0,0,13.0,3.5,2.0,11.0,258.41,0
5564,0,16.0,Computer,1,30.0,Debit Card,Male,3.0,5.0,Laptop & Accessory,3,Single,3.0,0,13.0,3.5,4.0,8.0,168.32,0
5565,0,5.0,Computer,1,17.0,Credit Card,Female,3.0,4.0,Fashion,3,Married,6.0,0,21.0,3.5,2.0,9.0,235.31,0
5566,0,28.0,Mobile Phone,1,17.0,Credit Card,Female,4.0,4.0,Laptop & Accessory,5,Single,8.0,1,20.0,1.0,2.0,5.0,169.4,1
5567,0,1.0,Mobile Phone,1,8.0,Debit Card,Male,3.0,5.0,Laptop & Accessory,3,Single,3.0,0,13.0,2.0,2.0,3.0,171.17,3
5568,0,1.0,Mobile Phone,1,19.0,UPI,Male,4.0,4.0,Mobile Phone,1,Single,3.0,0,14.0,2.0,2.0,5.0,151.47,3
5569,0,14.0,Computer,1,18.0,Cash on Delivery,Female,4.0,4.0,Laptop & Accessory,3,Married,3.0,0,12.0,3.5,6.0,5.0,188.23,0
5570,0,14.0,Mobile Phone,3,9.0,E wallet,Female,4.0,4.0,Laptop & Accessory,4,Married,5.0,0,15.0,2.0,6.0,11.0,181.77,0
5571,0,1.0,Mobile Phone,2,9.0,UPI,Female,3.0,4.0,Mobile Phone,4,Married,6.0,0,15.0,1.0,2.0,3.0,146.87,3
5572,0,4.0,Mobile Phone,1,8.0,Credit Card,Male,4.0,4.0,Mobile Phone,4,Married,3.0,0,14.0,2.0,2.0,8.0,162.48,3
5573,0,1.0,Mobile Phone,1,9.0,UPI,Male,3.0,4.0,Mobile Phone,3,Married,8.0,1,20.0,1.0,2.0,3.0,164.77,3
5574,0,21.0,Mobile Phone,1,32.0,Credit Card,Male,3.0,4.0,Fashion,3,Single,4.0,0,24.0,3.5,6.0,3.0,211.33,0
5575,0,7.0,Computer,1,8.0,Credit Card,Male,3.0,5.0,Mobile Phone,3,Married,3.0,0,13.0,1.0,2.0,1.0,145.08,3
5576,0,12.0,Mobile Phone,3,8.0,Debit Card,Male,3.0,4.0,Laptop & Accessory,4,Married,2.0,0,16.0,2.0,6.0,9.0,169.4,0
5577,0,5.0,Mobile Phone,3,9.0,Debit Card,Male,3.0,4.0,Mobile Phone,3,Married,2.0,0,20.0,1.0,2.0,3.0,155.67,3
5578,0,12.0,Computer,1,13.0,Debit Card,Male,4.0,5.0,Laptop & Accessory,3,Married,4.0,0,12.0,3.0,6.0,8.0,178.21,0
5579,0,16.0,Mobile Phone,1,25.0,Debit Card,Male,3.0,4.0,Laptop & Accessory,5,Married,8.0,1,18.0,2.0,2.0,3.0,179.1,1
5580,0,15.0,Mobile Phone,1,8.0,Debit Card,Male,4.0,4.0,Mobile Phone,1,Married,5.0,0,23.0,1.0,2.0,1.0,152.82,3
5581,0,21.0,Computer,1,8.0,Credit Card,Female,4.0,4.0,Fashion,4,Married,2.0,0,19.0,1.0,2.0,13.0,244.57,1
5582,0,9.0,Mobile Phone,1,18.0,Credit Card,Male,3.0,4.0,Mobile Phone,3,Married,9.0,1,12.0,3.0,3.0,3.0,151.6,3
5583,0,1.0,Mobile Phone,1,8.0,Debit Card,Male,4.0,4.0,Mobile Phone,3,Single,2.0,0,13.0,2.0,2.0,3.0,158.75,3
5584,0,9.0,Mobile Phone,1,16.0,Credit Card,Male,3.0,4.0,Laptop & Accessory,3,Single,3.0,0,20.0,1.0,2.0,9.0,175.98,3
5585,0,7.0,Mobile Phone,1,22.0,Credit Card,Female,4.0,4.0,Laptop & Accessory,1,Married,2.0,1,14.0,3.5,6.0,2.0,173.78,0
5586,0,6.0,Mobile Phone,1,36.0,Debit Card,Female,3.0,5.0,Mobile Phone,4,Single,3.0,0,14.0,1.0,5.0,2.0,153.37,3
5587,0,14.0,Mobile Phone,1,8.0,Debit Card,Male,3.0,4.0,Mobile Phone,1,Married,10.0,0,20.0,2.0,2.0,1.0,149.06,3
5588,0,6.0,Mobile Phone,3,8.0,Credit Card,Male,4.0,5.0,Mobile Phone,4,Married,2.0,0,15.0,3.0,3.0,3.0,147.69,3
5589,0,13.0,Mobile Phone,1,31.0,Debit Card,Male,3.0,4.0,Laptop & Accessory,1,Single,9.0,0,14.0,1.0,2.0,8.0,166.08,3
5590,0,12.0,Mobile Phone,1,17.0,Credit Card,Female,4.0,5.5,Fashion,3,Married,5.0,0,13.0,1.0,2.0,12.0,257.06,1
5591,0,6.0,Mobile Phone,3,8.0,E wallet,Female,3.0,4.0,Fashion,1,Married,3.0,0,20.0,1.0,6.0,3.0,229.22,0
5592,0,11.0,Mobile Phone,1,17.0,Debit Card,Female,3.0,2.0,Fashion,1,Married,3.0,1,25.5,1.0,6.0,9.0,262.44,0
5593,0,1.0,Mobile Phone,3,15.0,UPI,Female,3.0,4.0,Laptop & Accessory,3,Married,2.0,1,23.0,1.0,2.0,5.0,174.07,3
5594,0,26.0,Computer,3,36.0,Debit Card,Male,3.0,4.0,Mobile Phone,1,Married,4.0,0,16.0,2.0,2.0,1.0,159.82,3
5595,0,18.0,Mobile Phone,1,8.0,Credit Card,Male,3.0,4.0,Mobile Phone,1,Single,8.0,1,13.0,2.0,2.0,3.0,149.36,3
5596,0,1.0,Mobile Phone,3,12.0,Credit Card,Male,3.0,4.0,Mobile Phone,5,Single,3.0,1,12.0,2.0,2.0,3.0,148.8,3
5597,0,13.0,Computer,1,16.0,Debit Card,Male,3.0,4.0,Others,1,Single,4.0,0,15.0,2.0,2.0,4.0,272.32625,3
5598,1,1.0,Computer,3,16.0,E wallet,Male,3.0,4.0,Mobile Phone,5,Married,3.0,0,20.0,2.0,2.0,1.0,142.9,3
5599,0,10.0,Mobile Phone,3,10.0,Credit Card,Female,4.0,5.0,Fashion,1,Married,2.0,0,20.0,1.0,4.0,5.0,201.44,3
5600,0,10.0,Computer,1,11.0,Debit Card,Female,4.0,4.0,Laptop & Accessory,4,Married,9.0,0,14.0,1.0,2.0,3.0,176.31,3
5601,0,30.0,Computer,1,8.0,Debit Card,Male,3.0,4.0,Laptop & Accessory,3,Married,3.0,0,22.0,1.0,2.0,10.0,188.06,1
5602,1,1.0,Mobile Phone,1,8.0,Credit Card,Male,3.0,4.0,Mobile Phone,1,Married,11.0,1,15.0,3.0,3.0,3.0,172.87,3
5603,0,16.0,Mobile Phone,1,9.0,Debit Card,Male,3.0,4.0,Others,3,Married,7.0,0,15.0,1.0,5.0,14.5,272.32625,0
5604,1,20.0,Mobile Phone,1,14.0,Cash on Delivery,Male,4.0,4.0,Mobile Phone,3,Married,10.0,0,12.0,3.5,6.0,9.0,148.39,0
5605,0,15.0,Mobile Phone,1,35.0,Debit Card,Female,3.0,5.0,Grocery,4,Married,2.0,0,24.0,2.0,2.0,11.0,260.7,1
5606,0,8.0,Mobile Phone,3,35.0,E wallet,Female,4.0,5.0,Laptop & Accessory,3,Married,3.0,0,22.0,2.0,2.0,8.0,192.12,3
5607,0,10.0,Computer,3,22.0,E wallet,Male,3.0,5.5,Laptop & Accessory,1,Married,3.0,0,25.0,3.5,6.0,12.0,179.06,0
5608,0,15.0,Mobile Phone,3,10.0,Debit Card,Male,3.0,5.0,Laptop & Accessory,4,Married,4.0,0,12.0,2.0,2.0,3.0,214.38,1
5609,0,6.0,Mobile Phone,1,9.0,Cash on Delivery,Male,4.0,4.0,Mobile Phone,5,Single,3.0,0,15.0,1.0,2.0,3.0,149.39,3
5610,0,9.0,Mobile Phone,2,33.0,Debit Card,Female,3.0,4.0,Fashion,1,Single,3.0,1,17.0,2.0,2.0,3.0,213.37,1
5611,0,12.0,Mobile Phone,3,17.0,Debit Card,Female,4.0,4.0,Laptop & Accessory,1,Married,3.0,0,12.0,1.0,2.0,10.0,178.43,3
5612,1,14.0,Computer,3,8.0,Debit Card,Male,4.0,4.0,Laptop & Accessory,3,Married,9.0,0,13.0,2.0,2.0,2.0,192.28,3
5613,0,10.0,Mobile Phone,3,18.0,E wallet,Female,4.0,5.0,Laptop & Accessory,1,Married,6.0,0,14.0,2.0,2.0,1.0,191.52,3
5614,0,19.0,Mobile Phone,3,27.0,Debit Card,Female,3.0,4.0,Laptop & Accessory,3,Single,10.0,0,16.0,1.0,2.0,2.0,173.5,1
5615,0,14.0,Mobile Phone,1,9.0,Debit Card,Male,1.0,5.0,Mobile Phone,3,Single,4.0,0,15.0,1.0,3.0,3.0,153.09,2
5616,0,9.0,Computer,1,25.0,Debit Card,Male,4.0,4.0,Laptop & Accessory,3,Married,3.0,1,15.0,1.0,2.0,3.0,181.89,3
5617,0,14.0,Mobile Phone,1,9.0,Credit Card,Female,4.0,4.0,Mobile Phone,3,Married,4.0,0,15.0,1.0,2.0,3.0,145.01,3
5618,0,9.0,Mobile Phone,1,8.0,Debit Card,Female,4.0,5.5,Mobile Phone,1,Married,3.0,0,13.0,2.0,2.0,2.0,154.77,3
5619,0,3.0,Mobile Phone,1,20.0,UPI,Male,3.0,5.0,Laptop & Accessory,4,Married,6.0,1,14.0,1.0,2.0,4.0,165.25,3
5620,0,3.0,Mobile Phone,1,35.0,Credit Card,Female,4.0,5.0,Mobile Phone,5,Single,3.0,0,15.0,1.0,2.0,5.0,162.85,3
5621,1,14.0,Mobile Phone,3,35.0,E wallet,Male,3.0,5.0,Fashion,5,Married,6.0,1,14.0,3.0,2.0,1.0,233.54000000000002,1
5622,0,13.0,Mobile Phone,3,31.0,E wallet,Female,3.0,5.0,Grocery,1,Married,2.0,0,12.0,3.5,2.0,7.0,245.31,0
5623,0,5.0,Computer,1,12.0,Credit Card,Male,4.0,4.0,Laptop & Accessory,5,Single,2.0,0,20.0,2.0,2.0,3.0,224.36,3
5624,0,1.0,Mobile Phone,3,12.0,UPI,Female,2.0,5.0,Mobile Phone,3,Single,2.0,0,19.0,2.0,2.0,1.0,154.66,3
5625,0,10.0,Computer,1,30.0,Credit Card,Male,3.0,2.0,Laptop & Accessory,1,Married,6.0,0,18.0,1.0,2.0,4.0,150.71,2
5626,0,13.0,Mobile Phone,1,13.0,Credit Card,Male,3.0,5.0,Fashion,5,Married,6.0,0,16.0,1.0,2.0,3.0,224.91,1
5627,0,1.0,Mobile Phone,1,11.0,Debit Card,Male,3.0,2.0,Laptop & Accessory,4,Married,3.0,1,21.0,1.0,2.0,4.0,186.42,2
5628,0,23.0,Computer,3,9.0,Credit Card,Male,4.0,5.0,Laptop & Accessory,4,Married,4.0,0,15.0,2.0,2.0,9.0,178.9,1
5629,0,8.0,Mobile Phone,1,15.0,Credit Card,Male,3.0,2.0,Laptop & Accessory,3,Married,4.0,0,13.0,2.0,2.0,3.0,169.04,2
